Executing action: all (aliases: build)
Running cmake in directory C:\progs\ESPan\build-m81-profile
Executing "cmake -G Ninja -DPYTHON_DEPS_CHECKED=1 -DPYTHON=C:\Users\devx\.espressif\python_env\idf5.3_py3.14_env\Scripts\python.exe -DESP_PLATFORM=1 -DSDKCONFIG=build-m81-profile/sdkconfig.m81 -DPOCKETPAN_FORENSICS_M8_MODEL=0 -DPOCKETPAN_FORENSICS_M8_BATCH=0 -DCCACHE_ENABLE=1 C:\progs\ESPan"...
-- IDF_TARGET is not set, guessed 'esp32s3' from sdkconfig 'C:/progs/ESPan/build-m81-profile/sdkconfig.m81'
-- Found Git: C:/Program Files/Git/cmd/git.exe (found version "2.51.0.windows.1") 
-- ccache will be used for faster recompilation
-- The C compiler identification is GNU 13.2.0
-- The CXX compiler identification is GNU 13.2.0
-- The ASM compiler identification is GNU
-- Found assembler: C:/Users/devx/.espressif/tools/xtensa-esp-elf/esp-13.2.0_20240530/xtensa-esp-elf/bin/xtensa-esp32s3-elf-gcc.exe
-- Detecting C compiler ABI info
-- Detecting C compiler ABI info - done
-- Check for working C compiler: C:/Users/devx/.espressif/tools/xtensa-esp-elf/esp-13.2.0_20240530/xtensa-esp-elf/bin/xtensa-esp32s3-elf-gcc.exe - skipped
-- Detecting C compile features
-- Detecting C compile features - done
-- Detecting CXX compiler ABI info
-- Detecting CXX compiler ABI info - done
-- Check for working CXX compiler: C:/Users/devx/.espressif/tools/xtensa-esp-elf/esp-13.2.0_20240530/xtensa-esp-elf/bin/xtensa-esp32s3-elf-g++.exe - skipped
-- Detecting CXX compile features
-- Detecting CXX compile features - done
-- Building ESP-IDF components for target esp32s3
-- Project sdkconfig file C:/progs/ESPan/build-m81-profile/sdkconfig.m81
info: INFO: Symbol IDF_TARGET_LINUX defined in multiple locations (see below). Please check if this is a correct behavior or a random name match:

    C:\Users\devx\esp\esp-idf\Kconfig:78

    C:\Users\devx\esp\esp-idf\Kconfig:162

Loading defaults file C:/progs/ESPan/sdkconfig.defaults...

-- Compiler supported targets: xtensa-esp-elf
-- Found Python3: C:/Users/devx/.espressif/python_env/idf5.3_py3.14_env/Scripts/python.exe (found version "3.14.0") found components: Interpreter 
-- Performing Test CMAKE_HAVE_LIBC_PTHREAD
-- Performing Test CMAKE_HAVE_LIBC_PTHREAD - Success
-- Found Threads: TRUE  
-- Performing Test C_COMPILER_SUPPORTS_WFORMAT_SIGNEDNESS
-- Performing Test C_COMPILER_SUPPORTS_WFORMAT_SIGNEDNESS - Success
-- App "pocket_pan" version: f7f89e4
-- Adding linker script C:/progs/ESPan/build-m81-profile/esp-idf/esp_system/ld/memory.ld
-- Adding linker script C:/progs/ESPan/build-m81-profile/esp-idf/esp_system/ld/sections.ld.in
-- Adding linker script C:/Users/devx/esp/esp-idf/components/esp_rom/esp32s3/ld/esp32s3.rom.ld
-- Adding linker script C:/Users/devx/esp/esp-idf/components/esp_rom/esp32s3/ld/esp32s3.rom.api.ld
-- Adding linker script C:/Users/devx/esp/esp-idf/components/esp_rom/esp32s3/ld/esp32s3.rom.libgcc.ld
-- Adding linker script C:/Users/devx/esp/esp-idf/components/esp_rom/esp32s3/ld/esp32s3.rom.wdt.ld
-- Adding linker script C:/Users/devx/esp/esp-idf/components/esp_rom/esp32s3/ld/esp32s3.rom.version.ld
-- Adding linker script C:/Users/devx/esp/esp-idf/components/esp_rom/esp32s3/ld/esp32s3.rom.newlib.ld
-- Adding linker script C:/Users/devx/esp/esp-idf/components/soc/esp32s3/ld/esp32s3.peripherals.ld
-- Components: app_trace app_update bootloader bootloader_support bt cmock console cxx driver efuse esp-tls esp_adc esp_app_format esp_bootloader_format esp_coex esp_common esp_driver_ana_cmpr esp_driver_cam esp_driver_dac esp_driver_gpio esp_driver_gptimer esp_driver_i2c esp_driver_i2s esp_driver_isp esp_driver_jpeg esp_driver_ledc esp_driver_mcpwm esp_driver_parlio esp_driver_pcnt esp_driver_ppa esp_driver_rmt esp_driver_sdio esp_driver_sdm esp_driver_sdmmc esp_driver_sdspi esp_driver_spi esp_driver_tsens esp_driver_uart esp_driver_usb_serial_jtag esp_eth esp_event esp_gdbstub esp_hid esp_http_client esp_http_server esp_https_ota esp_https_server esp_hw_support esp_lcd esp_local_ctrl esp_mm esp_netif esp_netif_stack esp_partition esp_phy esp_pm esp_psram esp_ringbuf esp_rom esp_system esp_timer esp_vfs_console esp_wifi espcoredump esptool_py fatfs freertos hal heap http_parser idf_test ieee802154 json log lwip main mbedtls mqtt newlib nvs_flash nvs_sec_provider openthread partition_table perfmon protobuf-c protocomm pthread sdmmc soc spi_flash spiffs tcp_transport touch_element ulp unity usb vfs wear_levelling wifi_provisioning wpa_supplicant xtensa
-- Component paths: C:/Users/devx/esp/esp-idf/components/app_trace C:/Users/devx/esp/esp-idf/components/app_update C:/Users/devx/esp/esp-idf/components/bootloader C:/Users/devx/esp/esp-idf/components/bootloader_support C:/Users/devx/esp/esp-idf/components/bt C:/Users/devx/esp/esp-idf/components/cmock C:/Users/devx/esp/esp-idf/components/console C:/Users/devx/esp/esp-idf/components/cxx C:/Users/devx/esp/esp-idf/components/driver C:/Users/devx/esp/esp-idf/components/efuse C:/Users/devx/esp/esp-idf/components/esp-tls C:/Users/devx/esp/esp-idf/components/esp_adc C:/Users/devx/esp/esp-idf/components/esp_app_format C:/Users/devx/esp/esp-idf/components/esp_bootloader_format C:/Users/devx/esp/esp-idf/components/esp_coex C:/Users/devx/esp/esp-idf/components/esp_common C:/Users/devx/esp/esp-idf/components/esp_driver_ana_cmpr C:/Users/devx/esp/esp-idf/components/esp_driver_cam C:/Users/devx/esp/esp-idf/components/esp_driver_dac C:/Users/devx/esp/esp-idf/components/esp_driver_gpio C:/Users/devx/esp/esp-idf/components/esp_driver_gptimer C:/Users/devx/esp/esp-idf/components/esp_driver_i2c C:/Users/devx/esp/esp-idf/components/esp_driver_i2s C:/Users/devx/esp/esp-idf/components/esp_driver_isp C:/Users/devx/esp/esp-idf/components/esp_driver_jpeg C:/Users/devx/esp/esp-idf/components/esp_driver_ledc C:/Users/devx/esp/esp-idf/components/esp_driver_mcpwm C:/Users/devx/esp/esp-idf/components/esp_driver_parlio C:/Users/devx/esp/esp-idf/components/esp_driver_pcnt C:/Users/devx/esp/esp-idf/components/esp_driver_ppa C:/Users/devx/esp/esp-idf/components/esp_driver_rmt C:/Users/devx/esp/esp-idf/components/esp_driver_sdio C:/Users/devx/esp/esp-idf/components/esp_driver_sdm C:/Users/devx/esp/esp-idf/components/esp_driver_sdmmc C:/Users/devx/esp/esp-idf/components/esp_driver_sdspi C:/Users/devx/esp/esp-idf/components/esp_driver_spi C:/Users/devx/esp/esp-idf/components/esp_driver_tsens C:/Users/devx/esp/esp-idf/components/esp_driver_uart C:/Users/devx/esp/esp-idf/components/esp_driver_usb_serial_jtag C:/Users/devx/esp/esp-idf/components/esp_eth C:/Users/devx/esp/esp-idf/components/esp_event C:/Users/devx/esp/esp-idf/components/esp_gdbstub C:/Users/devx/esp/esp-idf/components/esp_hid C:/Users/devx/esp/esp-idf/components/esp_http_client C:/Users/devx/esp/esp-idf/components/esp_http_server C:/Users/devx/esp/esp-idf/components/esp_https_ota C:/Users/devx/esp/esp-idf/components/esp_https_server C:/Users/devx/esp/esp-idf/components/esp_hw_support C:/Users/devx/esp/esp-idf/components/esp_lcd C:/Users/devx/esp/esp-idf/components/esp_local_ctrl C:/Users/devx/esp/esp-idf/components/esp_mm C:/Users/devx/esp/esp-idf/components/esp_netif C:/Users/devx/esp/esp-idf/components/esp_netif_stack C:/Users/devx/esp/esp-idf/components/esp_partition C:/Users/devx/esp/esp-idf/components/esp_phy C:/Users/devx/esp/esp-idf/components/esp_pm C:/Users/devx/esp/esp-idf/components/esp_psram C:/Users/devx/esp/esp-idf/components/esp_ringbuf C:/Users/devx/esp/esp-idf/components/esp_rom C:/Users/devx/esp/esp-idf/components/esp_system C:/Users/devx/esp/esp-idf/components/esp_timer C:/Users/devx/esp/esp-idf/components/esp_vfs_console C:/Users/devx/esp/esp-idf/components/esp_wifi C:/Users/devx/esp/esp-idf/components/espcoredump C:/Users/devx/esp/esp-idf/components/esptool_py C:/Users/devx/esp/esp-idf/components/fatfs C:/Users/devx/esp/esp-idf/components/freertos C:/Users/devx/esp/esp-idf/components/hal C:/Users/devx/esp/esp-idf/components/heap C:/Users/devx/esp/esp-idf/components/http_parser C:/Users/devx/esp/esp-idf/components/idf_test C:/Users/devx/esp/esp-idf/components/ieee802154 C:/Users/devx/esp/esp-idf/components/json C:/Users/devx/esp/esp-idf/components/log C:/Users/devx/esp/esp-idf/components/lwip C:/progs/ESPan/main C:/Users/devx/esp/esp-idf/components/mbedtls C:/Users/devx/esp/esp-idf/components/mqtt C:/Users/devx/esp/esp-idf/components/newlib C:/Users/devx/esp/esp-idf/components/nvs_flash C:/Users/devx/esp/esp-idf/components/nvs_sec_provider C:/Users/devx/esp/esp-idf/components/openthread C:/Users/devx/esp/esp-idf/components/partition_table C:/Users/devx/esp/esp-idf/components/perfmon C:/Users/devx/esp/esp-idf/components/protobuf-c C:/Users/devx/esp/esp-idf/components/protocomm C:/Users/devx/esp/esp-idf/components/pthread C:/Users/devx/esp/esp-idf/components/sdmmc C:/Users/devx/esp/esp-idf/components/soc C:/Users/devx/esp/esp-idf/components/spi_flash C:/Users/devx/esp/esp-idf/components/spiffs C:/Users/devx/esp/esp-idf/components/tcp_transport C:/Users/devx/esp/esp-idf/components/touch_element C:/Users/devx/esp/esp-idf/components/ulp C:/Users/devx/esp/esp-idf/components/unity C:/Users/devx/esp/esp-idf/components/usb C:/Users/devx/esp/esp-idf/components/vfs C:/Users/devx/esp/esp-idf/components/wear_levelling C:/Users/devx/esp/esp-idf/components/wifi_provisioning C:/Users/devx/esp/esp-idf/components/wpa_supplicant C:/Users/devx/esp/esp-idf/components/xtensa
-- Configuring done
-- Generating done
-- Build files have been written to: C:/progs/ESPan/build-m81-profile
Running ninja in directory C:\progs\ESPan\build-m81-profile
Executing "ninja all"...
[1/1135] Generating project_elf_src_esp32s3.c

[2/1135] Generating C:/progs/ESPan/build-m81-profile/esp-idf/esp_system/ld/memory.ld linker script...

[3/1135] Generating C:/progs/ESPan/build-m81-profile/esp-idf/esp_system/ld/sections.ld.in linker script...

[4/1135] Building C object esp-idf/mbedtls/mbedtls/3rdparty/everest/CMakeFiles/everest.dir/library/everest.c.obj

[5/1135] Building C object esp-idf/mbedtls/mbedtls/3rdparty/everest/CMakeFiles/everest.dir/library/x25519.c.obj

[6/1135] Building C object esp-idf/mbedtls/mbedtls/3rdparty/everest/CMakeFiles/everest.dir/library/Hacl_Curve25519_joined.c.obj

[7/1135] Building C object esp-idf/mbedtls/mbedtls/3rdparty/p256-m/CMakeFiles/p256m.dir/p256-m_driver_entrypoints.c.obj

[8/1135] Building C object esp-idf/mbedtls/mbedtls/3rdparty/p256-m/CMakeFiles/p256m.dir/p256-m/p256-m.c.obj

[9/1135] Building C object esp-idf/mbedtls/mbedtls/library/CMakeFiles/mbedcrypto.dir/aes.c.obj

[10/1135] Building C object esp-idf/mbedtls/mbedtls/library/CMakeFiles/mbedcrypto.dir/aesni.c.obj

[11/1135] Building C object esp-idf/mbedtls/mbedtls/library/CMakeFiles/mbedcrypto.dir/aesce.c.obj

[12/1135] Building C object esp-idf/mbedtls/mbedtls/library/CMakeFiles/mbedcrypto.dir/aria.c.obj

[13/1135] Building C object esp-idf/mbedtls/mbedtls/library/CMakeFiles/mbedcrypto.dir/asn1parse.c.obj

[14/1135] Building C object esp-idf/mbedtls/mbedtls/library/CMakeFiles/mbedcrypto.dir/asn1write.c.obj

[15/1135] Building C object esp-idf/mbedtls/mbedtls/library/CMakeFiles/mbedcrypto.dir/base64.c.obj

[16/1135] Building C object esp-idf/mbedtls/mbedtls/library/CMakeFiles/mbedcrypto.dir/bignum.c.obj

[17/1135] Building C object esp-idf/mbedtls/mbedtls/library/CMakeFiles/mbedcrypto.dir/bignum_core.c.obj

[18/1135] Building C object esp-idf/mbedtls/mbedtls/library/CMakeFiles/mbedcrypto.dir/bignum_mod.c.obj

[19/1135] Building C object esp-idf/mbedtls/mbedtls/library/CMakeFiles/mbedcrypto.dir/bignum_mod_raw.c.obj

[20/1135] Building C object esp-idf/mbedtls/mbedtls/library/CMakeFiles/mbedcrypto.dir/block_cipher.c.obj

[21/1135] Building C object esp-idf/mbedtls/mbedtls/library/CMakeFiles/mbedcrypto.dir/camellia.c.obj

[22/1135] Building C object esp-idf/mbedtls/mbedtls/library/CMakeFiles/mbedcrypto.dir/ccm.c.obj

[23/1135] Building C object esp-idf/mbedtls/mbedtls/library/CMakeFiles/mbedcrypto.dir/chacha20.c.obj

[24/1135] Building C object esp-idf/mbedtls/mbedtls/library/CMakeFiles/mbedcrypto.dir/chachapoly.c.obj

[25/1135] Building C object esp-idf/mbedtls/mbedtls/library/CMakeFiles/mbedcrypto.dir/cipher.c.obj

[26/1135] Building C object esp-idf/mbedtls/mbedtls/library/CMakeFiles/mbedcrypto.dir/cipher_wrap.c.obj

[27/1135] Building C object esp-idf/mbedtls/mbedtls/library/CMakeFiles/mbedcrypto.dir/constant_time.c.obj

[28/1135] Building C object esp-idf/mbedtls/mbedtls/library/CMakeFiles/mbedcrypto.dir/cmac.c.obj

[29/1135] Building C object esp-idf/mbedtls/mbedtls/library/CMakeFiles/mbedcrypto.dir/ctr_drbg.c.obj

[30/1135] Building C object esp-idf/mbedtls/mbedtls/library/CMakeFiles/mbedcrypto.dir/des.c.obj

[31/1135] Building C object esp-idf/mbedtls/mbedtls/library/CMakeFiles/mbedcrypto.dir/dhm.c.obj

[32/1135] Building C object esp-idf/mbedtls/mbedtls/library/CMakeFiles/mbedcrypto.dir/ecdh.c.obj

[33/1135] Building C object esp-idf/mbedtls/mbedtls/library/CMakeFiles/mbedcrypto.dir/ecdsa.c.obj

[34/1135] Building C object esp-idf/mbedtls/mbedtls/library/CMakeFiles/mbedcrypto.dir/ecjpake.c.obj

[35/1135] Building C object esp-idf/mbedtls/mbedtls/library/CMakeFiles/mbedcrypto.dir/ecp.c.obj

[36/1135] Building C object esp-idf/mbedtls/mbedtls/library/CMakeFiles/mbedcrypto.dir/ecp_curves.c.obj

[37/1135] Building C object esp-idf/mbedtls/mbedtls/library/CMakeFiles/mbedcrypto.dir/ecp_curves_new.c.obj

[38/1135] Building C object esp-idf/mbedtls/mbedtls/library/CMakeFiles/mbedcrypto.dir/entropy.c.obj

[39/1135] Building C object esp-idf/mbedtls/mbedtls/library/CMakeFiles/mbedcrypto.dir/entropy_poll.c.obj

[40/1135] Building C object esp-idf/mbedtls/mbedtls/library/CMakeFiles/mbedcrypto.dir/error.c.obj

[41/1135] Generating ../../partition_table/partition-table.bin

Partition table binary generated. Contents:

*******************************************************************************

# ESP-IDF Partition Table


# Name, Type, SubType, Offset, Size, Flags


nvs,data,nvs,0x9000,24K,


phy_init,data,phy,0xf000,4K,


factory,app,factory,0x10000,1M,


*******************************************************************************

[42/1135] Building C object esp-idf/mbedtls/mbedtls/library/CMakeFiles/mbedcrypto.dir/gcm.c.obj

[43/1135] Building C object esp-idf/mbedtls/mbedtls/library/CMakeFiles/mbedcrypto.dir/hkdf.c.obj

[44/1135] Building C object esp-idf/mbedtls/mbedtls/library/CMakeFiles/mbedcrypto.dir/hmac_drbg.c.obj

[45/1135] Building C object esp-idf/mbedtls/mbedtls/library/CMakeFiles/mbedcrypto.dir/lmots.c.obj

[46/1135] Building C object esp-idf/mbedtls/mbedtls/library/CMakeFiles/mbedcrypto.dir/lms.c.obj

[47/1135] Building C object esp-idf/mbedtls/mbedtls/library/CMakeFiles/mbedcrypto.dir/md.c.obj

[48/1135] Building C object esp-idf/mbedtls/mbedtls/library/CMakeFiles/mbedcrypto.dir/md5.c.obj

[49/1135] Building C object esp-idf/mbedtls/mbedtls/library/CMakeFiles/mbedcrypto.dir/memory_buffer_alloc.c.obj

[50/1135] Building C object esp-idf/mbedtls/mbedtls/library/CMakeFiles/mbedcrypto.dir/nist_kw.c.obj

[51/1135] Building C object esp-idf/mbedtls/mbedtls/library/CMakeFiles/mbedcrypto.dir/oid.c.obj

[52/1135] Building C object esp-idf/mbedtls/mbedtls/library/CMakeFiles/mbedcrypto.dir/padlock.c.obj

[53/1135] Building C object esp-idf/mbedtls/mbedtls/library/CMakeFiles/mbedcrypto.dir/pem.c.obj

[54/1135] Building C object esp-idf/mbedtls/mbedtls/library/CMakeFiles/mbedcrypto.dir/pk.c.obj

[55/1135] Building C object esp-idf/mbedtls/mbedtls/library/CMakeFiles/mbedcrypto.dir/pk_ecc.c.obj

[56/1135] Building C object esp-idf/mbedtls/mbedtls/library/CMakeFiles/mbedcrypto.dir/pk_wrap.c.obj

[57/1135] Building C object esp-idf/mbedtls/mbedtls/library/CMakeFiles/mbedcrypto.dir/pkcs12.c.obj

[58/1135] Building C object esp-idf/mbedtls/mbedtls/library/CMakeFiles/mbedcrypto.dir/pkcs5.c.obj

[59/1135] Building C object esp-idf/mbedtls/mbedtls/library/CMakeFiles/mbedcrypto.dir/pkparse.c.obj

[60/1135] Building C object esp-idf/mbedtls/mbedtls/library/CMakeFiles/mbedcrypto.dir/pkwrite.c.obj

[61/1135] Building C object esp-idf/mbedtls/mbedtls/library/CMakeFiles/mbedcrypto.dir/platform.c.obj

[62/1135] Building C object esp-idf/mbedtls/mbedtls/library/CMakeFiles/mbedcrypto.dir/platform_util.c.obj

[63/1135] Building C object esp-idf/mbedtls/mbedtls/library/CMakeFiles/mbedcrypto.dir/poly1305.c.obj

[64/1135] Building C object esp-idf/mbedtls/mbedtls/library/CMakeFiles/mbedcrypto.dir/psa_crypto_aead.c.obj

[65/1135] Building C object esp-idf/mbedtls/mbedtls/library/CMakeFiles/mbedcrypto.dir/psa_crypto_cipher.c.obj

[66/1135] Building C object esp-idf/mbedtls/mbedtls/library/CMakeFiles/mbedcrypto.dir/psa_crypto_client.c.obj

[67/1135] Building C object esp-idf/mbedtls/mbedtls/library/CMakeFiles/mbedcrypto.dir/psa_crypto_driver_wrappers_no_static.c.obj

[68/1135] Building C object esp-idf/mbedtls/mbedtls/library/CMakeFiles/mbedcrypto.dir/psa_crypto_ecp.c.obj

[69/1135] Building C object esp-idf/mbedtls/mbedtls/library/CMakeFiles/mbedcrypto.dir/psa_crypto_ffdh.c.obj

[70/1135] Building C object esp-idf/mbedtls/mbedtls/library/CMakeFiles/mbedcrypto.dir/psa_crypto_hash.c.obj

[71/1135] Building C object esp-idf/mbedtls/mbedtls/library/CMakeFiles/mbedcrypto.dir/psa_crypto_mac.c.obj

[72/1135] Building C object esp-idf/mbedtls/mbedtls/library/CMakeFiles/mbedcrypto.dir/psa_crypto_pake.c.obj

[73/1135] Building C object esp-idf/mbedtls/mbedtls/library/CMakeFiles/mbedcrypto.dir/psa_crypto_rsa.c.obj

[74/1135] Building C object esp-idf/mbedtls/mbedtls/library/CMakeFiles/mbedcrypto.dir/psa_crypto_se.c.obj

[75/1135] Building C object esp-idf/mbedtls/mbedtls/library/CMakeFiles/mbedcrypto.dir/psa_crypto_slot_management.c.obj

[76/1135] Building C object esp-idf/mbedtls/mbedtls/library/CMakeFiles/mbedcrypto.dir/psa_crypto_storage.c.obj

[77/1135] Building C object esp-idf/mbedtls/mbedtls/library/CMakeFiles/mbedcrypto.dir/psa_its_file.c.obj

[78/1135] Building C object esp-idf/mbedtls/mbedtls/library/CMakeFiles/mbedcrypto.dir/psa_util.c.obj

[79/1135] Building C object esp-idf/mbedtls/mbedtls/library/CMakeFiles/mbedcrypto.dir/ripemd160.c.obj

[80/1135] Building C object esp-idf/mbedtls/mbedtls/library/CMakeFiles/mbedcrypto.dir/rsa.c.obj

[81/1135] Building C object esp-idf/mbedtls/mbedtls/library/CMakeFiles/mbedcrypto.dir/rsa_alt_helpers.c.obj

[82/1135] Building C object esp-idf/mbedtls/mbedtls/library/CMakeFiles/mbedcrypto.dir/psa_crypto.c.obj

[83/1135] Building C object esp-idf/mbedtls/mbedtls/library/CMakeFiles/mbedcrypto.dir/sha1.c.obj

[84/1135] Building C object esp-idf/mbedtls/mbedtls/library/CMakeFiles/mbedcrypto.dir/sha256.c.obj

[85/1135] Building C object esp-idf/mbedtls/mbedtls/library/CMakeFiles/mbedcrypto.dir/sha512.c.obj

[86/1135] Building C object esp-idf/mbedtls/mbedtls/library/CMakeFiles/mbedcrypto.dir/sha3.c.obj

[87/1135] Building C object esp-idf/mbedtls/mbedtls/library/CMakeFiles/mbedcrypto.dir/threading.c.obj

[88/1135] Building C object esp-idf/mbedtls/mbedtls/library/CMakeFiles/mbedcrypto.dir/timing.c.obj

[89/1135] Building C object esp-idf/mbedtls/mbedtls/library/CMakeFiles/mbedcrypto.dir/version.c.obj

[90/1135] Building C object esp-idf/mbedtls/mbedtls/library/CMakeFiles/mbedcrypto.dir/version_features.c.obj

[91/1135] Building C object esp-idf/mbedtls/mbedtls/library/CMakeFiles/mbedcrypto.dir/C_/Users/devx/esp/esp-idf/components/mbedtls/port/sha/dma/esp_sha_gdma_impl.c.obj

[92/1135] Building C object esp-idf/mbedtls/mbedtls/library/CMakeFiles/mbedcrypto.dir/C_/Users/devx/esp/esp-idf/components/mbedtls/port/aes/dma/esp_aes_gdma_impl.c.obj

[93/1135] Building C object esp-idf/mbedtls/mbedtls/library/CMakeFiles/mbedcrypto.dir/C_/Users/devx/esp/esp-idf/components/mbedtls/port/aes/dma/esp_aes_dma_core.c.obj

[94/1135] Building C object esp-idf/mbedtls/mbedtls/library/CMakeFiles/mbedcrypto.dir/C_/Users/devx/esp/esp-idf/components/mbedtls/port/crypto_shared_gdma/esp_crypto_shared_gdma.c.obj

[95/1135] Building C object esp-idf/mbedtls/mbedtls/library/CMakeFiles/mbedcrypto.dir/C_/Users/devx/esp/esp-idf/components/mbedtls/port/esp_hardware.c.obj

[96/1135] Building C object esp-idf/mbedtls/mbedtls/library/CMakeFiles/mbedcrypto.dir/C_/Users/devx/esp/esp-idf/components/mbedtls/port/esp_mem.c.obj

[97/1135] Building C object esp-idf/mbedtls/mbedtls/library/CMakeFiles/mbedcrypto.dir/C_/Users/devx/esp/esp-idf/components/mbedtls/port/esp_timing.c.obj

[98/1135] Building C object esp-idf/mbedtls/mbedtls/library/CMakeFiles/mbedcrypto.dir/C_/Users/devx/esp/esp-idf/components/mbedtls/port/aes/esp_aes_xts.c.obj

[99/1135] Building C object esp-idf/mbedtls/mbedtls/library/CMakeFiles/mbedcrypto.dir/C_/Users/devx/esp/esp-idf/components/mbedtls/port/aes/esp_aes_common.c.obj

[100/1135] Building C object esp-idf/mbedtls/mbedtls/library/CMakeFiles/mbedcrypto.dir/C_/Users/devx/esp/esp-idf/components/mbedtls/port/aes/dma/esp_aes.c.obj

[101/1135] Building C object esp-idf/mbedtls/mbedtls/library/CMakeFiles/mbedcrypto.dir/C_/Users/devx/esp/esp-idf/components/mbedtls/port/sha/esp_sha.c.obj

[102/1135] Building C object esp-idf/mbedtls/mbedtls/library/CMakeFiles/mbedcrypto.dir/C_/Users/devx/esp/esp-idf/components/mbedtls/port/sha/dma/sha.c.obj

[103/1135] Building C object esp-idf/mbedtls/mbedtls/library/CMakeFiles/mbedcrypto.dir/C_/Users/devx/esp/esp-idf/components/mbedtls/port/esp_ds/esp_rsa_sign_alt.c.obj

[104/1135] Building C object esp-idf/mbedtls/mbedtls/library/CMakeFiles/mbedcrypto.dir/C_/Users/devx/esp/esp-idf/components/mbedtls/port/bignum/esp_bignum.c.obj

[105/1135] Building C object esp-idf/mbedtls/mbedtls/library/CMakeFiles/mbedcrypto.dir/C_/Users/devx/esp/esp-idf/components/mbedtls/port/bignum/bignum_alt.c.obj

[106/1135] Building C object esp-idf/mbedtls/mbedtls/library/CMakeFiles/mbedcrypto.dir/C_/Users/devx/esp/esp-idf/components/mbedtls/port/sha/dma/esp_sha1.c.obj

[107/1135] Building C object esp-idf/mbedtls/mbedtls/library/CMakeFiles/mbedcrypto.dir/C_/Users/devx/esp/esp-idf/components/mbedtls/port/sha/dma/esp_sha256.c.obj

[108/1135] Building C object esp-idf/mbedtls/mbedtls/library/CMakeFiles/mbedcrypto.dir/C_/Users/devx/esp/esp-idf/components/mbedtls/port/sha/dma/esp_sha512.c.obj

[109/1135] Building C object esp-idf/mbedtls/mbedtls/library/CMakeFiles/mbedcrypto.dir/C_/Users/devx/esp/esp-idf/components/mbedtls/port/aes/esp_aes_gcm.c.obj

[110/1135] Building C object esp-idf/mbedtls/mbedtls/library/CMakeFiles/mbedcrypto.dir/C_/Users/devx/esp/esp-idf/components/mbedtls/port/md/esp_md.c.obj

[111/1135] Building C object esp-idf/mbedtls/mbedtls/library/CMakeFiles/mbedx509.dir/pkcs7.c.obj

[112/1135] Building C object esp-idf/mbedtls/mbedtls/library/CMakeFiles/mbedx509.dir/x509.c.obj

[113/1135] Building C object esp-idf/mbedtls/mbedtls/library/CMakeFiles/mbedx509.dir/x509_create.c.obj

[114/1135] Building C object esp-idf/mbedtls/mbedtls/library/CMakeFiles/mbedx509.dir/x509_crl.c.obj

[115/1135] Building C object esp-idf/mbedtls/mbedtls/library/CMakeFiles/mbedx509.dir/x509_crt.c.obj

[116/1135] Building C object esp-idf/mbedtls/mbedtls/library/CMakeFiles/mbedx509.dir/x509_csr.c.obj

[117/1135] Building C object esp-idf/mbedtls/mbedtls/library/CMakeFiles/mbedx509.dir/x509write.c.obj

[118/1135] Building C object esp-idf/mbedtls/mbedtls/library/CMakeFiles/mbedx509.dir/x509write_crt.c.obj

[119/1135] Building C object esp-idf/mbedtls/mbedtls/library/CMakeFiles/mbedx509.dir/x509write_csr.c.obj

[120/1135] Building C object esp-idf/mbedtls/mbedtls/library/CMakeFiles/mbedtls.dir/debug.c.obj

[121/1135] Building C object esp-idf/mbedtls/mbedtls/library/CMakeFiles/mbedtls.dir/mps_reader.c.obj

[122/1135] Building C object esp-idf/mbedtls/mbedtls/library/CMakeFiles/mbedtls.dir/mps_trace.c.obj

[123/1135] Building C object esp-idf/mbedtls/mbedtls/library/CMakeFiles/mbedtls.dir/ssl_cache.c.obj

[124/1135] Building C object esp-idf/mbedtls/mbedtls/library/CMakeFiles/mbedtls.dir/ssl_ciphersuites.c.obj

[125/1135] Building C object esp-idf/mbedtls/mbedtls/library/CMakeFiles/mbedtls.dir/ssl_client.c.obj

[126/1135] Building C object esp-idf/mbedtls/mbedtls/library/CMakeFiles/mbedtls.dir/ssl_cookie.c.obj

[127/1135] Building C object esp-idf/mbedtls/mbedtls/library/CMakeFiles/mbedtls.dir/ssl_debug_helpers_generated.c.obj

[128/1135] Building C object esp-idf/mbedtls/mbedtls/library/CMakeFiles/mbedtls.dir/ssl_msg.c.obj

[129/1135] Building C object esp-idf/mbedtls/mbedtls/library/CMakeFiles/mbedtls.dir/ssl_ticket.c.obj

[130/1135] Building C object esp-idf/mbedtls/mbedtls/library/CMakeFiles/mbedtls.dir/ssl_tls.c.obj

[131/1135] Building C object esp-idf/mbedtls/mbedtls/library/CMakeFiles/mbedtls.dir/ssl_tls12_client.c.obj

[132/1135] Building C object esp-idf/mbedtls/mbedtls/library/CMakeFiles/mbedtls.dir/ssl_tls12_server.c.obj

[133/1135] Building C object esp-idf/mbedtls/mbedtls/library/CMakeFiles/mbedtls.dir/ssl_tls13_keys.c.obj

[134/1135] Building C object esp-idf/mbedtls/mbedtls/library/CMakeFiles/mbedtls.dir/ssl_tls13_server.c.obj

[135/1135] Building C object esp-idf/mbedtls/mbedtls/library/CMakeFiles/mbedtls.dir/ssl_tls13_client.c.obj

[136/1135] Building C object esp-idf/mbedtls/mbedtls/library/CMakeFiles/mbedtls.dir/ssl_tls13_generic.c.obj

[137/1135] Building C object esp-idf/mbedtls/mbedtls/library/CMakeFiles/mbedtls.dir/C_/Users/devx/esp/esp-idf/components/mbedtls/port/mbedtls_debug.c.obj

[138/1135] Building C object esp-idf/mbedtls/mbedtls/library/CMakeFiles/mbedtls.dir/C_/Users/devx/esp/esp-idf/components/mbedtls/port/esp_platform_time.c.obj

[139/1135] Building C object esp-idf/mbedtls/mbedtls/library/CMakeFiles/mbedtls.dir/C_/Users/devx/esp/esp-idf/components/mbedtls/port/net_sockets.c.obj

[140/1135] Creating directories for 'bootloader'

[141/1135] Building C object esp-idf/esp_app_format/CMakeFiles/__idf_esp_app_format.dir/esp_app_desc.c.obj

[142/1135] Building C object esp-idf/esp_bootloader_format/CMakeFiles/__idf_esp_bootloader_format.dir/esp_bootloader_desc.c.obj

[143/1135] Building C object esp-idf/app_update/CMakeFiles/__idf_app_update.dir/esp_ota_ops.c.obj

[144/1135] Building C object esp-idf/app_update/CMakeFiles/__idf_app_update.dir/esp_ota_app_desc.c.obj

[145/1135] Building C object esp-idf/esp_partition/CMakeFiles/__idf_esp_partition.dir/partition.c.obj

[146/1135] Building C object esp-idf/esp_partition/CMakeFiles/__idf_esp_partition.dir/partition_target.c.obj

[147/1135] Building C object esp-idf/efuse/CMakeFiles/__idf_efuse.dir/esp32s3/esp_efuse_table.c.obj

[148/1135] Building C object esp-idf/efuse/CMakeFiles/__idf_efuse.dir/esp32s3/esp_efuse_fields.c.obj

[149/1135] Building C object esp-idf/efuse/CMakeFiles/__idf_efuse.dir/esp32s3/esp_efuse_rtc_calib.c.obj

[150/1135] Building C object esp-idf/efuse/CMakeFiles/__idf_efuse.dir/esp32s3/esp_efuse_utility.c.obj

[151/1135] Building C object esp-idf/efuse/CMakeFiles/__idf_efuse.dir/src/esp_efuse_api.c.obj

[152/1135] Building C object esp-idf/efuse/CMakeFiles/__idf_efuse.dir/src/esp_efuse_fields.c.obj

[153/1135] Building C object esp-idf/efuse/CMakeFiles/__idf_efuse.dir/src/esp_efuse_utility.c.obj

[154/1135] Building C object esp-idf/efuse/CMakeFiles/__idf_efuse.dir/src/efuse_controller/keys/with_key_purposes/esp_efuse_api_key.c.obj

[155/1135] Building C object esp-idf/efuse/CMakeFiles/__idf_efuse.dir/src/esp_efuse_startup.c.obj

[156/1135] Building C object esp-idf/bootloader_support/CMakeFiles/__idf_bootloader_support.dir/src/bootloader_common.c.obj

[157/1135] Building C object esp-idf/bootloader_support/CMakeFiles/__idf_bootloader_support.dir/src/bootloader_common_loader.c.obj

[158/1135] No download step for 'bootloader'

[159/1135] Building C object esp-idf/bootloader_support/CMakeFiles/__idf_bootloader_support.dir/src/bootloader_clock_init.c.obj

[160/1135] Building C object esp-idf/bootloader_support/CMakeFiles/__idf_bootloader_support.dir/src/bootloader_mem.c.obj

[161/1135] Building C object esp-idf/bootloader_support/CMakeFiles/__idf_bootloader_support.dir/src/bootloader_random.c.obj

[162/1135] Building C object esp-idf/bootloader_support/CMakeFiles/__idf_bootloader_support.dir/src/bootloader_efuse.c.obj

[163/1135] Building C object esp-idf/bootloader_support/CMakeFiles/__idf_bootloader_support.dir/src/flash_encrypt.c.obj

[164/1135] Building C object esp-idf/bootloader_support/CMakeFiles/__idf_bootloader_support.dir/src/secure_boot.c.obj

[165/1135] Building C object esp-idf/bootloader_support/CMakeFiles/__idf_bootloader_support.dir/src/bootloader_random_esp32s3.c.obj

[166/1135] Building C object esp-idf/bootloader_support/CMakeFiles/__idf_bootloader_support.dir/bootloader_flash/src/bootloader_flash.c.obj

[167/1135] Building C object esp-idf/bootloader_support/CMakeFiles/__idf_bootloader_support.dir/bootloader_flash/src/flash_qio_mode.c.obj

[168/1135] Building C object esp-idf/bootloader_support/CMakeFiles/__idf_bootloader_support.dir/bootloader_flash/src/bootloader_flash_config_esp32s3.c.obj

[169/1135] Building C object esp-idf/bootloader_support/CMakeFiles/__idf_bootloader_support.dir/src/bootloader_utility.c.obj

[170/1135] Building C object esp-idf/bootloader_support/CMakeFiles/__idf_bootloader_support.dir/src/flash_partitions.c.obj

[171/1135] Building C object esp-idf/bootloader_support/CMakeFiles/__idf_bootloader_support.dir/src/esp_image_format.c.obj

[172/1135] Building C object esp-idf/bootloader_support/CMakeFiles/__idf_bootloader_support.dir/src/idf/bootloader_sha.c.obj

[173/1135] Building C object esp-idf/bootloader_support/CMakeFiles/__idf_bootloader_support.dir/src/esp32s3/secure_boot_secure_features.c.obj

[174/1135] Building C object esp-idf/esp_mm/CMakeFiles/__idf_esp_mm.dir/esp_mmu_map.c.obj

[175/1135] Building C object esp-idf/esp_mm/CMakeFiles/__idf_esp_mm.dir/port/esp32s3/ext_mem_layout.c.obj

[176/1135] No update step for 'bootloader'

[177/1135] Building C object esp-idf/esp_mm/CMakeFiles/__idf_esp_mm.dir/esp_cache.c.obj

[178/1135] Building C object esp-idf/esp_mm/CMakeFiles/__idf_esp_mm.dir/heap_align_hw.c.obj

[179/1135] Building C object esp-idf/spi_flash/CMakeFiles/__idf_spi_flash.dir/flash_brownout_hook.c.obj

[180/1135] Building C object esp-idf/spi_flash/CMakeFiles/__idf_spi_flash.dir/esp32s3/spi_flash_oct_flash_init.c.obj

[181/1135] Building C object esp-idf/spi_flash/CMakeFiles/__idf_spi_flash.dir/spi_flash_hpm_enable.c.obj

[182/1135] Building C object esp-idf/spi_flash/CMakeFiles/__idf_spi_flash.dir/spi_flash_chip_drivers.c.obj

[183/1135] Building C object esp-idf/spi_flash/CMakeFiles/__idf_spi_flash.dir/spi_flash_chip_generic.c.obj

[184/1135] Building C object esp-idf/spi_flash/CMakeFiles/__idf_spi_flash.dir/spi_flash_chip_issi.c.obj

[185/1135] Building C object esp-idf/spi_flash/CMakeFiles/__idf_spi_flash.dir/spi_flash_chip_mxic.c.obj

[186/1135] Building C object esp-idf/spi_flash/CMakeFiles/__idf_spi_flash.dir/spi_flash_chip_gd.c.obj

[187/1135] Building C object esp-idf/spi_flash/CMakeFiles/__idf_spi_flash.dir/spi_flash_chip_winbond.c.obj

[188/1135] Building C object esp-idf/spi_flash/CMakeFiles/__idf_spi_flash.dir/spi_flash_chip_boya.c.obj

[189/1135] Building C object esp-idf/spi_flash/CMakeFiles/__idf_spi_flash.dir/spi_flash_chip_mxic_opi.c.obj

[190/1135] Building C object esp-idf/spi_flash/CMakeFiles/__idf_spi_flash.dir/spi_flash_chip_th.c.obj

[191/1135] Building C object esp-idf/spi_flash/CMakeFiles/__idf_spi_flash.dir/memspi_host_driver.c.obj

[192/1135] Building C object esp-idf/spi_flash/CMakeFiles/__idf_spi_flash.dir/cache_utils.c.obj

[193/1135] Building C object esp-idf/spi_flash/CMakeFiles/__idf_spi_flash.dir/flash_mmap.c.obj

[194/1135] No patch step for 'bootloader'

[195/1135] Building C object esp-idf/spi_flash/CMakeFiles/__idf_spi_flash.dir/flash_ops.c.obj

[196/1135] Building C object esp-idf/spi_flash/CMakeFiles/__idf_spi_flash.dir/spi_flash_wrap.c.obj

[197/1135] Building C object esp-idf/spi_flash/CMakeFiles/__idf_spi_flash.dir/esp_flash_api.c.obj

[198/1135] Building C object esp-idf/spi_flash/CMakeFiles/__idf_spi_flash.dir/esp_flash_spi_init.c.obj

[199/1135] Building C object esp-idf/spi_flash/CMakeFiles/__idf_spi_flash.dir/spi_flash_os_func_app.c.obj

[200/1135] Building C object esp-idf/spi_flash/CMakeFiles/__idf_spi_flash.dir/spi_flash_os_func_noos.c.obj

[201/1135] Building C object esp-idf/esp_system/CMakeFiles/__idf_esp_system.dir/esp_err.c.obj

[202/1135] Building C object esp-idf/esp_system/CMakeFiles/__idf_esp_system.dir/crosscore_int.c.obj

[203/1135] Building C object esp-idf/esp_system/CMakeFiles/__idf_esp_system.dir/esp_ipc.c.obj

[204/1135] Building C object esp-idf/esp_system/CMakeFiles/__idf_esp_system.dir/freertos_hooks.c.obj

[205/1135] Building C object esp-idf/esp_system/CMakeFiles/__idf_esp_system.dir/int_wdt.c.obj

[206/1135] Building C object esp-idf/esp_system/CMakeFiles/__idf_esp_system.dir/panic.c.obj

[207/1135] Building C object esp-idf/esp_system/CMakeFiles/__idf_esp_system.dir/esp_system.c.obj

[208/1135] Building C object esp-idf/esp_system/CMakeFiles/__idf_esp_system.dir/startup.c.obj

[209/1135] Building C object esp-idf/esp_system/CMakeFiles/__idf_esp_system.dir/startup_funcs.c.obj

[210/1135] Building C object esp-idf/esp_system/CMakeFiles/__idf_esp_system.dir/system_time.c.obj

[211/1135] Building C object esp-idf/esp_system/CMakeFiles/__idf_esp_system.dir/stack_check.c.obj

[212/1135] Building C object esp-idf/esp_system/CMakeFiles/__idf_esp_system.dir/ubsan.c.obj

[213/1135] Building C object esp-idf/esp_system/CMakeFiles/__idf_esp_system.dir/xt_wdt.c.obj

[214/1135] Building C object esp-idf/esp_system/CMakeFiles/__idf_esp_system.dir/task_wdt/task_wdt.c.obj

[215/1135] Building C object esp-idf/esp_system/CMakeFiles/__idf_esp_system.dir/task_wdt/task_wdt_impl_timergroup.c.obj

[216/1135] Building C object esp-idf/esp_system/CMakeFiles/__idf_esp_system.dir/port/cpu_start.c.obj

[217/1135] Building C object esp-idf/esp_system/CMakeFiles/__idf_esp_system.dir/port/panic_handler.c.obj

[218/1135] Building C object esp-idf/esp_system/CMakeFiles/__idf_esp_system.dir/port/esp_system_chip.c.obj

[219/1135] Building C object esp-idf/esp_system/CMakeFiles/__idf_esp_system.dir/port/image_process.c.obj

[220/1135] Building C object esp-idf/esp_system/CMakeFiles/__idf_esp_system.dir/port/brownout.c.obj

[221/1135] Building C object esp-idf/esp_system/CMakeFiles/__idf_esp_system.dir/port/esp_ipc_isr.c.obj

[222/1135] Building C object esp-idf/esp_system/CMakeFiles/__idf_esp_system.dir/port/arch/xtensa/esp_ipc_isr_port.c.obj

[223/1135] Building ASM object esp-idf/esp_system/CMakeFiles/__idf_esp_system.dir/port/arch/xtensa/esp_ipc_isr_handler.S.obj

[224/1135] Building ASM object esp-idf/esp_system/CMakeFiles/__idf_esp_system.dir/port/arch/xtensa/esp_ipc_isr_routines.S.obj

[225/1135] Building C object esp-idf/esp_system/CMakeFiles/__idf_esp_system.dir/port/arch/xtensa/panic_arch.c.obj

[226/1135] Building ASM object esp-idf/esp_system/CMakeFiles/__idf_esp_system.dir/port/arch/xtensa/panic_handler_asm.S.obj

[227/1135] Building C object esp-idf/esp_system/CMakeFiles/__idf_esp_system.dir/port/arch/xtensa/expression_with_stack.c.obj

[228/1135] Building ASM object esp-idf/esp_system/CMakeFiles/__idf_esp_system.dir/port/arch/xtensa/expression_with_stack_asm.S.obj

[229/1135] Building C object esp-idf/esp_system/CMakeFiles/__idf_esp_system.dir/port/arch/xtensa/debug_helpers.c.obj

[230/1135] Building ASM object esp-idf/esp_system/CMakeFiles/__idf_esp_system.dir/port/arch/xtensa/debug_helpers_asm.S.obj

[231/1135] Building C object esp-idf/esp_system/CMakeFiles/__idf_esp_system.dir/port/arch/xtensa/debug_stubs.c.obj

[232/1135] Building C object esp-idf/esp_system/CMakeFiles/__idf_esp_system.dir/port/arch/xtensa/trax.c.obj

[233/1135] Building ASM object esp-idf/esp_system/CMakeFiles/__idf_esp_system.dir/port/soc/esp32s3/highint_hdl.S.obj

[234/1135] Building C object esp-idf/esp_system/CMakeFiles/__idf_esp_system.dir/port/soc/esp32s3/clk.c.obj

[235/1135] Building C object esp-idf/esp_system/CMakeFiles/__idf_esp_system.dir/port/soc/esp32s3/reset_reason.c.obj

[236/1135] Building C object esp-idf/esp_system/CMakeFiles/__idf_esp_system.dir/port/soc/esp32s3/system_internal.c.obj

[237/1135] Building C object esp-idf/esp_system/CMakeFiles/__idf_esp_system.dir/port/soc/esp32s3/cache_err_int.c.obj

[238/1135] Building C object esp-idf/esp_system/CMakeFiles/__idf_esp_system.dir/port/soc/esp32s3/apb_backup_dma.c.obj

[239/1135] Building C object esp-idf/esp_common/CMakeFiles/__idf_esp_common.dir/src/esp_err_to_name.c.obj

[240/1135] Building C object esp-idf/esp_rom/CMakeFiles/__idf_esp_rom.dir/patches/esp_rom_crc.c.obj

[241/1135] Building C object esp-idf/esp_rom/CMakeFiles/__idf_esp_rom.dir/patches/esp_rom_sys.c.obj

[242/1135] Building C object esp-idf/esp_rom/CMakeFiles/__idf_esp_rom.dir/patches/esp_rom_uart.c.obj

[243/1135] Building C object esp-idf/esp_rom/CMakeFiles/__idf_esp_rom.dir/patches/esp_rom_spiflash.c.obj

[244/1135] Building C object esp-idf/esp_rom/CMakeFiles/__idf_esp_rom.dir/patches/esp_rom_efuse.c.obj

[245/1135] Building ASM object esp-idf/esp_rom/CMakeFiles/__idf_esp_rom.dir/patches/esp_rom_longjmp.S.obj

[246/1135] Building C object esp-idf/esp_rom/CMakeFiles/__idf_esp_rom.dir/patches/esp_rom_systimer.c.obj

[247/1135] Building C object esp-idf/esp_rom/CMakeFiles/__idf_esp_rom.dir/patches/esp_rom_wdt.c.obj

[248/1135] Building C object esp-idf/esp_rom/CMakeFiles/__idf_esp_rom.dir/patches/esp_rom_cache_esp32s2_esp32s3.c.obj

[249/1135] Building ASM object esp-idf/esp_rom/CMakeFiles/__idf_esp_rom.dir/patches/esp_rom_cache_writeback_esp32s3.S.obj

[250/1135] Building C object esp-idf/hal/CMakeFiles/__idf_hal.dir/hal_utils.c.obj

[251/1135] Building C object esp-idf/hal/CMakeFiles/__idf_hal.dir/mpu_hal.c.obj

[252/1135] Building C object esp-idf/hal/CMakeFiles/__idf_hal.dir/efuse_hal.c.obj

[253/1135] Building C object esp-idf/hal/CMakeFiles/__idf_hal.dir/esp32s3/efuse_hal.c.obj

[254/1135] Building C object esp-idf/hal/CMakeFiles/__idf_hal.dir/mmu_hal.c.obj

[255/1135] Building C object esp-idf/hal/CMakeFiles/__idf_hal.dir/cache_hal.c.obj

[256/1135] Building C object esp-idf/hal/CMakeFiles/__idf_hal.dir/color_hal.c.obj

[257/1135] Building C object esp-idf/hal/CMakeFiles/__idf_hal.dir/spi_flash_hal.c.obj

[258/1135] Building C object esp-idf/hal/CMakeFiles/__idf_hal.dir/spi_flash_hal_iram.c.obj

[259/1135] Building C object esp-idf/hal/CMakeFiles/__idf_hal.dir/spi_flash_encrypt_hal_iram.c.obj

[260/1135] Building C object esp-idf/hal/CMakeFiles/__idf_hal.dir/esp32s3/clk_tree_hal.c.obj

[261/1135] Building C object esp-idf/hal/CMakeFiles/__idf_hal.dir/systimer_hal.c.obj

[262/1135] Building C object esp-idf/hal/CMakeFiles/__idf_hal.dir/uart_hal.c.obj

[263/1135] Building C object esp-idf/hal/CMakeFiles/__idf_hal.dir/uart_hal_iram.c.obj

[264/1135] Building C object esp-idf/hal/CMakeFiles/__idf_hal.dir/gpio_hal.c.obj

[265/1135] Building C object esp-idf/hal/CMakeFiles/__idf_hal.dir/rtc_io_hal.c.obj

[266/1135] Building C object esp-idf/hal/CMakeFiles/__idf_hal.dir/timer_hal.c.obj

[267/1135] Building C object esp-idf/hal/CMakeFiles/__idf_hal.dir/ledc_hal.c.obj

[268/1135] Building C object esp-idf/hal/CMakeFiles/__idf_hal.dir/ledc_hal_iram.c.obj

[269/1135] Building C object esp-idf/hal/CMakeFiles/__idf_hal.dir/i2c_hal.c.obj

[270/1135] Building C object esp-idf/hal/CMakeFiles/__idf_hal.dir/i2c_hal_iram.c.obj

[271/1135] Building C object esp-idf/hal/CMakeFiles/__idf_hal.dir/rmt_hal.c.obj

[272/1135] Building C object esp-idf/hal/CMakeFiles/__idf_hal.dir/pcnt_hal.c.obj

[273/1135] Building C object esp-idf/hal/CMakeFiles/__idf_hal.dir/mcpwm_hal.c.obj

[274/1135] Building C object esp-idf/hal/CMakeFiles/__idf_hal.dir/twai_hal.c.obj

[275/1135] Building C object esp-idf/hal/CMakeFiles/__idf_hal.dir/twai_hal_iram.c.obj

[276/1135] Building C object esp-idf/hal/CMakeFiles/__idf_hal.dir/gdma_hal_top.c.obj

[277/1135] Building C object esp-idf/hal/CMakeFiles/__idf_hal.dir/gdma_hal_ahb_v1.c.obj

[278/1135] Building C object esp-idf/hal/CMakeFiles/__idf_hal.dir/i2s_hal.c.obj

[279/1135] Building C object esp-idf/hal/CMakeFiles/__idf_hal.dir/sdm_hal.c.obj

[280/1135] Building C object esp-idf/hal/CMakeFiles/__idf_hal.dir/sdmmc_hal.c.obj

[281/1135] Building C object esp-idf/hal/CMakeFiles/__idf_hal.dir/adc_hal_common.c.obj

[282/1135] Building C object esp-idf/hal/CMakeFiles/__idf_hal.dir/adc_oneshot_hal.c.obj

[283/1135] Building C object esp-idf/hal/CMakeFiles/__idf_hal.dir/adc_hal.c.obj

[284/1135] Building C object esp-idf/hal/CMakeFiles/__idf_hal.dir/lcd_hal.c.obj

[285/1135] Building C object esp-idf/hal/CMakeFiles/__idf_hal.dir/mpi_hal.c.obj

[286/1135] Building C object esp-idf/hal/CMakeFiles/__idf_hal.dir/sha_hal.c.obj

[287/1135] Building C object esp-idf/hal/CMakeFiles/__idf_hal.dir/aes_hal.c.obj

[288/1135] Building C object esp-idf/hal/CMakeFiles/__idf_hal.dir/brownout_hal.c.obj

[289/1135] Building C object esp-idf/hal/CMakeFiles/__idf_hal.dir/spi_hal.c.obj

[290/1135] Building C object esp-idf/hal/CMakeFiles/__idf_hal.dir/spi_hal_iram.c.obj

[291/1135] Building C object esp-idf/hal/CMakeFiles/__idf_hal.dir/spi_slave_hal.c.obj

[292/1135] Building C object esp-idf/hal/CMakeFiles/__idf_hal.dir/spi_slave_hal_iram.c.obj

[293/1135] Building C object esp-idf/hal/CMakeFiles/__idf_hal.dir/spi_slave_hd_hal.c.obj

[294/1135] Building C object esp-idf/hal/CMakeFiles/__idf_hal.dir/spi_flash_hal_gpspi.c.obj

[295/1135] Building C object esp-idf/hal/CMakeFiles/__idf_hal.dir/hmac_hal.c.obj

[296/1135] Building C object esp-idf/hal/CMakeFiles/__idf_hal.dir/ds_hal.c.obj

[297/1135] Building C object esp-idf/hal/CMakeFiles/__idf_hal.dir/usb_serial_jtag_hal.c.obj

[298/1135] Building C object esp-idf/hal/CMakeFiles/__idf_hal.dir/usb_dwc_hal.c.obj

[299/1135] Building C object esp-idf/hal/CMakeFiles/__idf_hal.dir/usb_wrap_hal.c.obj

[300/1135] Building C object esp-idf/hal/CMakeFiles/__idf_hal.dir/touch_sensor_hal.c.obj

[301/1135] Building C object esp-idf/hal/CMakeFiles/__idf_hal.dir/xt_wdt_hal.c.obj

[302/1135] Building C object esp-idf/hal/CMakeFiles/__idf_hal.dir/esp32s3/touch_sensor_hal.c.obj

[303/1135] Building C object esp-idf/hal/CMakeFiles/__idf_hal.dir/esp32s3/rtc_cntl_hal.c.obj

[304/1135] Building C object esp-idf/log/CMakeFiles/__idf_log.dir/log.c.obj

[305/1135] Building C object esp-idf/log/CMakeFiles/__idf_log.dir/log_buffers.c.obj

[306/1135] Building C object esp-idf/log/CMakeFiles/__idf_log.dir/log_freertos.c.obj

[307/1135] Building C object esp-idf/heap/CMakeFiles/__idf_heap.dir/heap_caps_base.c.obj

[308/1135] Building C object esp-idf/heap/CMakeFiles/__idf_heap.dir/heap_caps.c.obj

[309/1135] Building C object esp-idf/heap/CMakeFiles/__idf_heap.dir/heap_caps_init.c.obj

[310/1135] Building C object esp-idf/heap/CMakeFiles/__idf_heap.dir/multi_heap.c.obj

[311/1135] Building C object esp-idf/heap/CMakeFiles/__idf_heap.dir/tlsf/tlsf.c.obj

[312/1135] Building C object esp-idf/heap/CMakeFiles/__idf_heap.dir/port/memory_layout_utils.c.obj

[313/1135] Building C object esp-idf/heap/CMakeFiles/__idf_heap.dir/port/esp32s3/memory_layout.c.obj

[314/1135] Building C object esp-idf/soc/CMakeFiles/__idf_soc.dir/lldesc.c.obj

[315/1135] Building C object esp-idf/soc/CMakeFiles/__idf_soc.dir/dport_access_common.c.obj

[316/1135] Building C object esp-idf/soc/CMakeFiles/__idf_soc.dir/esp32s3/interrupts.c.obj

[317/1135] Building C object esp-idf/soc/CMakeFiles/__idf_soc.dir/esp32s3/gpio_periph.c.obj

[318/1135] Building C object esp-idf/soc/CMakeFiles/__idf_soc.dir/esp32s3/uart_periph.c.obj

[319/1135] Building C object esp-idf/soc/CMakeFiles/__idf_soc.dir/esp32s3/adc_periph.c.obj

[320/1135] Building C object esp-idf/soc/CMakeFiles/__idf_soc.dir/esp32s3/dedic_gpio_periph.c.obj

[321/1135] Building C object esp-idf/soc/CMakeFiles/__idf_soc.dir/esp32s3/gdma_periph.c.obj

[322/1135] Building C object esp-idf/soc/CMakeFiles/__idf_soc.dir/esp32s3/spi_periph.c.obj

[323/1135] Building C object esp-idf/soc/CMakeFiles/__idf_soc.dir/esp32s3/ledc_periph.c.obj

[324/1135] Building C object esp-idf/soc/CMakeFiles/__idf_soc.dir/esp32s3/pcnt_periph.c.obj

[325/1135] Building C object esp-idf/soc/CMakeFiles/__idf_soc.dir/esp32s3/rmt_periph.c.obj

[326/1135] Building C object esp-idf/soc/CMakeFiles/__idf_soc.dir/esp32s3/sdm_periph.c.obj

[327/1135] Building C object esp-idf/soc/CMakeFiles/__idf_soc.dir/esp32s3/i2s_periph.c.obj

[328/1135] Building C object esp-idf/soc/CMakeFiles/__idf_soc.dir/esp32s3/i2c_periph.c.obj

[329/1135] Building C object esp-idf/soc/CMakeFiles/__idf_soc.dir/esp32s3/temperature_sensor_periph.c.obj

[330/1135] Building C object esp-idf/soc/CMakeFiles/__idf_soc.dir/esp32s3/timer_periph.c.obj

[331/1135] Building C object esp-idf/soc/CMakeFiles/__idf_soc.dir/esp32s3/lcd_periph.c.obj

[332/1135] Building C object esp-idf/soc/CMakeFiles/__idf_soc.dir/esp32s3/mcpwm_periph.c.obj

[333/1135] Building C object esp-idf/soc/CMakeFiles/__idf_soc.dir/esp32s3/mpi_periph.c.obj

[334/1135] Building C object esp-idf/soc/CMakeFiles/__idf_soc.dir/esp32s3/sdmmc_periph.c.obj

[335/1135] Building C object esp-idf/soc/CMakeFiles/__idf_soc.dir/esp32s3/touch_sensor_periph.c.obj

[336/1135] Building C object esp-idf/soc/CMakeFiles/__idf_soc.dir/esp32s3/twai_periph.c.obj

[337/1135] Building C object esp-idf/soc/CMakeFiles/__idf_soc.dir/esp32s3/usb_periph.c.obj

[338/1135] Building C object esp-idf/soc/CMakeFiles/__idf_soc.dir/esp32s3/usb_dwc_periph.c.obj

[339/1135] Building C object esp-idf/soc/CMakeFiles/__idf_soc.dir/esp32s3/rtc_io_periph.c.obj

[340/1135] Building C object esp-idf/esp_hw_support/CMakeFiles/__idf_esp_hw_support.dir/cpu.c.obj

[341/1135] Building C object esp-idf/esp_hw_support/CMakeFiles/__idf_esp_hw_support.dir/port/esp32s3/esp_cpu_intr.c.obj

[342/1135] Building C object esp-idf/esp_hw_support/CMakeFiles/__idf_esp_hw_support.dir/esp_memory_utils.c.obj

[343/1135] Building C object esp-idf/esp_hw_support/CMakeFiles/__idf_esp_hw_support.dir/port/esp32s3/cpu_region_protect.c.obj

[344/1135] Building C object esp-idf/esp_hw_support/CMakeFiles/__idf_esp_hw_support.dir/esp_clk.c.obj

[345/1135] Building C object esp-idf/esp_hw_support/CMakeFiles/__idf_esp_hw_support.dir/clk_ctrl_os.c.obj

[346/1135] Building C object esp-idf/esp_hw_support/CMakeFiles/__idf_esp_hw_support.dir/hw_random.c.obj

[347/1135] Building C object esp-idf/esp_hw_support/CMakeFiles/__idf_esp_hw_support.dir/intr_alloc.c.obj

[348/1135] Building C object esp-idf/esp_hw_support/CMakeFiles/__idf_esp_hw_support.dir/mac_addr.c.obj

[349/1135] Building C object esp-idf/esp_hw_support/CMakeFiles/__idf_esp_hw_support.dir/periph_ctrl.c.obj

[350/1135] Building C object esp-idf/esp_hw_support/CMakeFiles/__idf_esp_hw_support.dir/revision.c.obj

[351/1135] Building C object esp-idf/esp_hw_support/CMakeFiles/__idf_esp_hw_support.dir/rtc_module.c.obj

[352/1135] Building C object esp-idf/esp_hw_support/CMakeFiles/__idf_esp_hw_support.dir/sleep_modem.c.obj

[353/1135] Building C object esp-idf/esp_hw_support/CMakeFiles/__idf_esp_hw_support.dir/sleep_modes.c.obj

[354/1135] Building C object esp-idf/esp_hw_support/CMakeFiles/__idf_esp_hw_support.dir/sleep_console.c.obj

[355/1135] Building C object esp-idf/esp_hw_support/CMakeFiles/__idf_esp_hw_support.dir/sleep_gpio.c.obj

[356/1135] Building C object esp-idf/esp_hw_support/CMakeFiles/__idf_esp_hw_support.dir/sleep_event.c.obj

[357/1135] Building C object esp-idf/esp_hw_support/CMakeFiles/__idf_esp_hw_support.dir/regi2c_ctrl.c.obj

[358/1135] Building C object esp-idf/esp_hw_support/CMakeFiles/__idf_esp_hw_support.dir/esp_gpio_reserve.c.obj

[359/1135] Building C object esp-idf/esp_hw_support/CMakeFiles/__idf_esp_hw_support.dir/sar_periph_ctrl_common.c.obj

[360/1135] Building C object esp-idf/esp_hw_support/CMakeFiles/__idf_esp_hw_support.dir/port/esp32s3/io_mux.c.obj

[361/1135] Building C object esp-idf/esp_hw_support/CMakeFiles/__idf_esp_hw_support.dir/port/esp32s3/esp_clk_tree.c.obj

[362/1135] Building C object esp-idf/esp_hw_support/CMakeFiles/__idf_esp_hw_support.dir/port/esp_clk_tree_common.c.obj

[363/1135] Building C object esp-idf/esp_hw_support/CMakeFiles/__idf_esp_hw_support.dir/dma/esp_dma_utils.c.obj

[364/1135] Building C object esp-idf/esp_hw_support/CMakeFiles/__idf_esp_hw_support.dir/spi_share_hw_ctrl.c.obj

[365/1135] Building C object esp-idf/esp_hw_support/CMakeFiles/__idf_esp_hw_support.dir/spi_bus_lock.c.obj

[366/1135] Building C object esp-idf/esp_hw_support/CMakeFiles/__idf_esp_hw_support.dir/adc_share_hw_ctrl.c.obj

[367/1135] Building C object esp-idf/esp_hw_support/CMakeFiles/__idf_esp_hw_support.dir/dma/gdma.c.obj

[368/1135] Building C object esp-idf/esp_hw_support/CMakeFiles/__idf_esp_hw_support.dir/deprecated/gdma_legacy.c.obj

[369/1135] Building C object esp-idf/esp_hw_support/CMakeFiles/__idf_esp_hw_support.dir/dma/esp_async_memcpy.c.obj

[370/1135] Building C object esp-idf/esp_hw_support/CMakeFiles/__idf_esp_hw_support.dir/dma/async_memcpy_gdma.c.obj

[371/1135] Building C object esp-idf/esp_hw_support/CMakeFiles/__idf_esp_hw_support.dir/port/esp32s3/systimer.c.obj

[372/1135] Building C object esp-idf/esp_hw_support/CMakeFiles/__idf_esp_hw_support.dir/esp_hmac.c.obj

[373/1135] Building C object esp-idf/esp_hw_support/CMakeFiles/__idf_esp_hw_support.dir/esp_ds.c.obj

[374/1135] Building C object esp-idf/esp_hw_support/CMakeFiles/__idf_esp_hw_support.dir/mspi_timing_tuning.c.obj

[375/1135] Building C object esp-idf/esp_hw_support/CMakeFiles/__idf_esp_hw_support.dir/mspi_timing_by_mspi_delay.c.obj

[376/1135] Building C object esp-idf/esp_hw_support/CMakeFiles/__idf_esp_hw_support.dir/sleep_wake_stub.c.obj

[377/1135] Building C object esp-idf/esp_hw_support/CMakeFiles/__idf_esp_hw_support.dir/esp_clock_output.c.obj

[378/1135] Building C object esp-idf/esp_hw_support/CMakeFiles/__idf_esp_hw_support.dir/port/esp32s3/rtc_clk.c.obj

[379/1135] Building C object esp-idf/esp_hw_support/CMakeFiles/__idf_esp_hw_support.dir/port/esp32s3/rtc_clk_init.c.obj

[380/1135] Building C object esp-idf/esp_hw_support/CMakeFiles/__idf_esp_hw_support.dir/port/esp32s3/rtc_init.c.obj

[381/1135] Building C object esp-idf/esp_hw_support/CMakeFiles/__idf_esp_hw_support.dir/port/esp32s3/rtc_sleep.c.obj

[382/1135] Building C object esp-idf/esp_hw_support/CMakeFiles/__idf_esp_hw_support.dir/port/esp32s3/rtc_time.c.obj

[383/1135] Building C object esp-idf/esp_hw_support/CMakeFiles/__idf_esp_hw_support.dir/port/esp32s3/chip_info.c.obj

[384/1135] Building C object esp-idf/esp_hw_support/CMakeFiles/__idf_esp_hw_support.dir/port/esp32s3/esp_crypto_lock.c.obj

[385/1135] Building C object esp-idf/esp_hw_support/CMakeFiles/__idf_esp_hw_support.dir/port/esp32s3/sar_periph_ctrl.c.obj

[386/1135] Building C object esp-idf/esp_hw_support/CMakeFiles/__idf_esp_hw_support.dir/port/esp32s3/mspi_timing_config.c.obj

[387/1135] Building C object esp-idf/esp_hw_support/CMakeFiles/__idf_esp_hw_support.dir/port/esp32s3/esp_memprot.c.obj

[388/1135] Building C object esp-idf/esp_hw_support/CMakeFiles/__idf_esp_hw_support.dir/port/esp_memprot_conv.c.obj

[389/1135] Building C object esp-idf/esp_hw_support/CMakeFiles/__idf_esp_hw_support.dir/lowpower/cpu_retention/port/esp32s3/sleep_cpu.c.obj

[390/1135] Building C object esp-idf/freertos/CMakeFiles/__idf_freertos.dir/heap_idf.c.obj

[391/1135] Building C object esp-idf/freertos/CMakeFiles/__idf_freertos.dir/app_startup.c.obj

[392/1135] Building C object esp-idf/freertos/CMakeFiles/__idf_freertos.dir/port_common.c.obj

[393/1135] Building C object esp-idf/freertos/CMakeFiles/__idf_freertos.dir/port_systick.c.obj

[394/1135] Building C object esp-idf/freertos/CMakeFiles/__idf_freertos.dir/FreeRTOS-Kernel/list.c.obj

[395/1135] Building C object esp-idf/freertos/CMakeFiles/__idf_freertos.dir/FreeRTOS-Kernel/queue.c.obj

[396/1135] Building C object esp-idf/freertos/CMakeFiles/__idf_freertos.dir/FreeRTOS-Kernel/tasks.c.obj

[397/1135] Building C object esp-idf/freertos/CMakeFiles/__idf_freertos.dir/FreeRTOS-Kernel/timers.c.obj

[398/1135] Building C object esp-idf/freertos/CMakeFiles/__idf_freertos.dir/FreeRTOS-Kernel/event_groups.c.obj

[399/1135] Building C object esp-idf/freertos/CMakeFiles/__idf_freertos.dir/FreeRTOS-Kernel/stream_buffer.c.obj

[400/1135] Building C object esp-idf/freertos/CMakeFiles/__idf_freertos.dir/FreeRTOS-Kernel/portable/xtensa/port.c.obj

[401/1135] Building ASM object esp-idf/freertos/CMakeFiles/__idf_freertos.dir/FreeRTOS-Kernel/portable/xtensa/portasm.S.obj

[402/1135] Building C object esp-idf/freertos/CMakeFiles/__idf_freertos.dir/FreeRTOS-Kernel/portable/xtensa/xtensa_init.c.obj

[403/1135] Building C object esp-idf/freertos/CMakeFiles/__idf_freertos.dir/FreeRTOS-Kernel/portable/xtensa/xtensa_overlay_os_hook.c.obj

[404/1135] Building C object esp-idf/freertos/CMakeFiles/__idf_freertos.dir/esp_additions/freertos_compatibility.c.obj

[405/1135] Building C object esp-idf/freertos/CMakeFiles/__idf_freertos.dir/esp_additions/idf_additions.c.obj

[406/1135] Building C object esp-idf/newlib/CMakeFiles/__idf_newlib.dir/abort.c.obj

[407/1135] Building C object esp-idf/newlib/CMakeFiles/__idf_newlib.dir/assert.c.obj

[408/1135] Building C object esp-idf/newlib/CMakeFiles/__idf_newlib.dir/heap.c.obj

[409/1135] Building C object esp-idf/newlib/CMakeFiles/__idf_newlib.dir/locks.c.obj

[410/1135] Building C object esp-idf/newlib/CMakeFiles/__idf_newlib.dir/poll.c.obj

[411/1135] Building C object esp-idf/newlib/CMakeFiles/__idf_newlib.dir/pthread.c.obj

[412/1135] Building C object esp-idf/newlib/CMakeFiles/__idf_newlib.dir/random.c.obj

[413/1135] Building C object esp-idf/newlib/CMakeFiles/__idf_newlib.dir/getentropy.c.obj

[414/1135] Building C object esp-idf/newlib/CMakeFiles/__idf_newlib.dir/reent_init.c.obj

[415/1135] Building C object esp-idf/newlib/CMakeFiles/__idf_newlib.dir/newlib_init.c.obj

[416/1135] Building C object esp-idf/newlib/CMakeFiles/__idf_newlib.dir/syscalls.c.obj

[417/1135] Building C object esp-idf/newlib/CMakeFiles/__idf_newlib.dir/termios.c.obj

[418/1135] Building C object esp-idf/newlib/CMakeFiles/__idf_newlib.dir/stdatomic.c.obj

[419/1135] Building C object esp-idf/newlib/CMakeFiles/__idf_newlib.dir/time.c.obj

[420/1135] Building C object esp-idf/newlib/CMakeFiles/__idf_newlib.dir/sysconf.c.obj

[421/1135] Building C object esp-idf/newlib/CMakeFiles/__idf_newlib.dir/realpath.c.obj

[422/1135] Building C object esp-idf/newlib/CMakeFiles/__idf_newlib.dir/scandir.c.obj

[423/1135] Building C object esp-idf/newlib/CMakeFiles/__idf_newlib.dir/port/xtensa/stdatomic_s32c1i.c.obj

[424/1135] Building C object esp-idf/newlib/CMakeFiles/__idf_newlib.dir/port/esp_time_impl.c.obj

[425/1135] Building C object esp-idf/pthread/CMakeFiles/__idf_pthread.dir/pthread.c.obj

[426/1135] Building C object esp-idf/pthread/CMakeFiles/__idf_pthread.dir/pthread_cond_var.c.obj

[427/1135] Building C object esp-idf/pthread/CMakeFiles/__idf_pthread.dir/pthread_local_storage.c.obj

[428/1135] Building C object esp-idf/pthread/CMakeFiles/__idf_pthread.dir/pthread_rwlock.c.obj

[429/1135] Building C object esp-idf/pthread/CMakeFiles/__idf_pthread.dir/pthread_semaphore.c.obj

[430/1135] Building CXX object esp-idf/cxx/CMakeFiles/__idf_cxx.dir/cxx_exception_stubs.cpp.obj

[431/1135] Building CXX object esp-idf/cxx/CMakeFiles/__idf_cxx.dir/cxx_guards.cpp.obj

[432/1135] Building CXX object esp-idf/cxx/CMakeFiles/__idf_cxx.dir/cxx_init.cpp.obj

[433/1135] Building C object esp-idf/esp_timer/CMakeFiles/__idf_esp_timer.dir/src/esp_timer.c.obj

[434/1135] Building C object esp-idf/esp_timer/CMakeFiles/__idf_esp_timer.dir/src/esp_timer_init.c.obj

[435/1135] Building C object esp-idf/esp_timer/CMakeFiles/__idf_esp_timer.dir/src/ets_timer_legacy.c.obj

[436/1135] Building C object esp-idf/esp_timer/CMakeFiles/__idf_esp_timer.dir/src/system_time.c.obj

[437/1135] Building C object esp-idf/esp_timer/CMakeFiles/__idf_esp_timer.dir/src/esp_timer_impl_common.c.obj

[438/1135] Building C object esp-idf/esp_timer/CMakeFiles/__idf_esp_timer.dir/src/esp_timer_impl_systimer.c.obj

[439/1135] Building C object esp-idf/esp_driver_gptimer/CMakeFiles/__idf_esp_driver_gptimer.dir/src/gptimer.c.obj

[440/1135] Building C object esp-idf/esp_driver_gptimer/CMakeFiles/__idf_esp_driver_gptimer.dir/src/gptimer_priv.c.obj

[441/1135] Building C object esp-idf/esp_ringbuf/CMakeFiles/__idf_esp_ringbuf.dir/ringbuf.c.obj

[442/1135] Building C object esp-idf/esp_driver_uart/CMakeFiles/__idf_esp_driver_uart.dir/src/uart_vfs.c.obj

[443/1135] Building C object esp-idf/esp_event/CMakeFiles/__idf_esp_event.dir/default_event_loop.c.obj

[444/1135] Building C object esp-idf/esp_event/CMakeFiles/__idf_esp_event.dir/esp_event.c.obj

[445/1135] Building C object esp-idf/esp_event/CMakeFiles/__idf_esp_event.dir/esp_event_private.c.obj

[446/1135] Building C object esp-idf/esp_driver_uart/CMakeFiles/__idf_esp_driver_uart.dir/src/uart.c.obj

[447/1135] Building CXX object esp-idf/nvs_flash/CMakeFiles/__idf_nvs_flash.dir/src/nvs_item_hash_list.cpp.obj

[448/1135] Building CXX object esp-idf/nvs_flash/CMakeFiles/__idf_nvs_flash.dir/src/nvs_partition.cpp.obj

[449/1135] Building CXX object esp-idf/nvs_flash/CMakeFiles/__idf_nvs_flash.dir/src/nvs_platform.cpp.obj

[450/1135] Building CXX object esp-idf/nvs_flash/CMakeFiles/__idf_nvs_flash.dir/src/nvs_cxx_api.cpp.obj

[451/1135] Building CXX object esp-idf/nvs_flash/CMakeFiles/__idf_nvs_flash.dir/src/nvs_pagemanager.cpp.obj

[452/1135] Building CXX object esp-idf/nvs_flash/CMakeFiles/__idf_nvs_flash.dir/src/nvs_partition_lookup.cpp.obj

[453/1135] Building CXX object esp-idf/nvs_flash/CMakeFiles/__idf_nvs_flash.dir/src/nvs_page.cpp.obj

[454/1135] Building CXX object esp-idf/nvs_flash/CMakeFiles/__idf_nvs_flash.dir/src/nvs_handle_locked.cpp.obj

[455/1135] Building CXX object esp-idf/nvs_flash/CMakeFiles/__idf_nvs_flash.dir/src/nvs_handle_simple.cpp.obj

[456/1135] Building CXX object esp-idf/nvs_flash/CMakeFiles/__idf_nvs_flash.dir/src/nvs_api.cpp.obj

[457/1135] Building CXX object esp-idf/nvs_flash/CMakeFiles/__idf_nvs_flash.dir/src/nvs_storage.cpp.obj

[458/1135] Building C object esp-idf/esp_driver_pcnt/CMakeFiles/__idf_esp_driver_pcnt.dir/src/pulse_cnt.c.obj

[459/1135] Building CXX object esp-idf/nvs_flash/CMakeFiles/__idf_nvs_flash.dir/src/nvs_types.cpp.obj

[460/1135] Building CXX object esp-idf/nvs_flash/CMakeFiles/__idf_nvs_flash.dir/src/nvs_partition_manager.cpp.obj

[461/1135] Building C object esp-idf/esp_driver_spi/CMakeFiles/__idf_esp_driver_spi.dir/src/gpspi/spi_common.c.obj

[462/1135] Building C object esp-idf/esp_driver_spi/CMakeFiles/__idf_esp_driver_spi.dir/src/gpspi/spi_master.c.obj

[463/1135] Building CXX object esp-idf/nvs_flash/CMakeFiles/__idf_nvs_flash.dir/src/nvs_encrypted_partition.cpp.obj

[464/1135] Building C object esp-idf/esp_driver_spi/CMakeFiles/__idf_esp_driver_spi.dir/src/gpspi/spi_dma.c.obj

[465/1135] Building C object esp-idf/esp_driver_spi/CMakeFiles/__idf_esp_driver_spi.dir/src/gpspi/spi_slave.c.obj

[466/1135] Building C object esp-idf/esp_driver_spi/CMakeFiles/__idf_esp_driver_spi.dir/src/gpspi/spi_slave_hd.c.obj

[467/1135] Building C object esp-idf/esp_driver_mcpwm/CMakeFiles/__idf_esp_driver_mcpwm.dir/src/mcpwm_cap.c.obj

[468/1135] Building C object esp-idf/esp_driver_mcpwm/CMakeFiles/__idf_esp_driver_mcpwm.dir/src/mcpwm_cmpr.c.obj

[469/1135] Building C object esp-idf/esp_driver_mcpwm/CMakeFiles/__idf_esp_driver_mcpwm.dir/src/mcpwm_com.c.obj

[470/1135] Building C object esp-idf/esp_driver_mcpwm/CMakeFiles/__idf_esp_driver_mcpwm.dir/src/mcpwm_fault.c.obj

[471/1135] Building C object esp-idf/esp_driver_mcpwm/CMakeFiles/__idf_esp_driver_mcpwm.dir/src/mcpwm_gen.c.obj

[472/1135] Building C object esp-idf/esp_driver_mcpwm/CMakeFiles/__idf_esp_driver_mcpwm.dir/src/mcpwm_oper.c.obj

[473/1135] Building C object esp-idf/esp_driver_mcpwm/CMakeFiles/__idf_esp_driver_mcpwm.dir/src/mcpwm_sync.c.obj

[474/1135] Building C object esp-idf/esp_driver_mcpwm/CMakeFiles/__idf_esp_driver_mcpwm.dir/src/mcpwm_timer.c.obj

[475/1135] Building C object esp-idf/esp_driver_i2s/CMakeFiles/__idf_esp_driver_i2s.dir/i2s_platform.c.obj

[476/1135] Building C object esp-idf/esp_driver_i2s/CMakeFiles/__idf_esp_driver_i2s.dir/i2s_common.c.obj

[477/1135] Building C object esp-idf/esp_driver_i2s/CMakeFiles/__idf_esp_driver_i2s.dir/i2s_std.c.obj

[478/1135] Building C object esp-idf/esp_driver_i2s/CMakeFiles/__idf_esp_driver_i2s.dir/i2s_pdm.c.obj

[479/1135] Building C object esp-idf/esp_driver_i2s/CMakeFiles/__idf_esp_driver_i2s.dir/i2s_tdm.c.obj

[480/1135] Building C object esp-idf/sdmmc/CMakeFiles/__idf_sdmmc.dir/sdmmc_cmd.c.obj

[481/1135] Building C object esp-idf/sdmmc/CMakeFiles/__idf_sdmmc.dir/sdmmc_common.c.obj

[482/1135] Building C object esp-idf/sdmmc/CMakeFiles/__idf_sdmmc.dir/sdmmc_init.c.obj

[483/1135] Building C object esp-idf/sdmmc/CMakeFiles/__idf_sdmmc.dir/sdmmc_io.c.obj

[484/1135] Building C object esp-idf/sdmmc/CMakeFiles/__idf_sdmmc.dir/sdmmc_mmc.c.obj

[485/1135] Building C object esp-idf/sdmmc/CMakeFiles/__idf_sdmmc.dir/sdmmc_sd.c.obj

[486/1135] Building C object esp-idf/sdmmc/CMakeFiles/__idf_sdmmc.dir/sd_pwr_ctrl/sd_pwr_ctrl.c.obj

[487/1135] Building C object esp-idf/esp_driver_sdmmc/CMakeFiles/__idf_esp_driver_sdmmc.dir/src/sdmmc_transaction.c.obj

[488/1135] Building C object esp-idf/esp_driver_sdspi/CMakeFiles/__idf_esp_driver_sdspi.dir/src/sdspi_crc.c.obj

[489/1135] Building C object esp-idf/esp_driver_sdmmc/CMakeFiles/__idf_esp_driver_sdmmc.dir/src/sdmmc_host.c.obj

[490/1135] Building C object esp-idf/esp_driver_sdspi/CMakeFiles/__idf_esp_driver_sdspi.dir/src/sdspi_host.c.obj

[491/1135] Building C object esp-idf/esp_driver_sdspi/CMakeFiles/__idf_esp_driver_sdspi.dir/src/sdspi_transaction.c.obj

[492/1135] Building C object esp-idf/esp_driver_rmt/CMakeFiles/__idf_esp_driver_rmt.dir/src/rmt_common.c.obj

[493/1135] Building C object esp-idf/esp_driver_rmt/CMakeFiles/__idf_esp_driver_rmt.dir/src/rmt_encoder.c.obj

[494/1135] Building C object esp-idf/esp_driver_rmt/CMakeFiles/__idf_esp_driver_rmt.dir/src/rmt_rx.c.obj

[495/1135] Building C object esp-idf/esp_driver_rmt/CMakeFiles/__idf_esp_driver_rmt.dir/src/rmt_tx.c.obj

[496/1135] Building C object esp-idf/esp_driver_tsens/CMakeFiles/__idf_esp_driver_tsens.dir/src/temperature_sensor.c.obj

[497/1135] Building C object esp-idf/esp_driver_sdm/CMakeFiles/__idf_esp_driver_sdm.dir/src/sdm.c.obj

[498/1135] Building C object esp-idf/esp_driver_i2c/CMakeFiles/__idf_esp_driver_i2c.dir/i2c_common.c.obj

[499/1135] Building C object esp-idf/esp_driver_i2c/CMakeFiles/__idf_esp_driver_i2c.dir/i2c_master.c.obj

[500/1135] Building C object esp-idf/esp_driver_i2c/CMakeFiles/__idf_esp_driver_i2c.dir/i2c_slave.c.obj

[501/1135] Building C object esp-idf/esp_driver_usb_serial_jtag/CMakeFiles/__idf_esp_driver_usb_serial_jtag.dir/src/usb_serial_jtag.c.obj

[502/1135] Building C object esp-idf/esp_driver_ledc/CMakeFiles/__idf_esp_driver_ledc.dir/src/ledc.c.obj

[503/1135] Building C object esp-idf/esp_driver_usb_serial_jtag/CMakeFiles/__idf_esp_driver_usb_serial_jtag.dir/src/usb_serial_jtag_connection_monitor.c.obj

[504/1135] Building C object esp-idf/esp_driver_usb_serial_jtag/CMakeFiles/__idf_esp_driver_usb_serial_jtag.dir/src/usb_serial_jtag_vfs.c.obj

[505/1135] Building C object esp-idf/driver/CMakeFiles/__idf_driver.dir/deprecated/adc_legacy.c.obj

[506/1135] Building C object esp-idf/driver/CMakeFiles/__idf_driver.dir/deprecated/adc_dma_legacy.c.obj

[507/1135] Building C object esp-idf/driver/CMakeFiles/__idf_driver.dir/deprecated/timer_legacy.c.obj

[508/1135] Building C object esp-idf/driver/CMakeFiles/__idf_driver.dir/i2c/i2c.c.obj

[509/1135] Building C object esp-idf/driver/CMakeFiles/__idf_driver.dir/deprecated/i2s_legacy.c.obj

[510/1135] Building C object esp-idf/driver/CMakeFiles/__idf_driver.dir/deprecated/mcpwm_legacy.c.obj

[511/1135] Building C object esp-idf/driver/CMakeFiles/__idf_driver.dir/deprecated/pcnt_legacy.c.obj

[512/1135] Building C object esp-idf/driver/CMakeFiles/__idf_driver.dir/deprecated/sigma_delta_legacy.c.obj

[513/1135] Building C object esp-idf/driver/CMakeFiles/__idf_driver.dir/deprecated/rmt_legacy.c.obj

[514/1135] Building C object esp-idf/driver/CMakeFiles/__idf_driver.dir/deprecated/rtc_temperature_legacy.c.obj

[515/1135] Building C object esp-idf/driver/CMakeFiles/__idf_driver.dir/touch_sensor/touch_sensor_common.c.obj

[516/1135] Building C object esp-idf/driver/CMakeFiles/__idf_driver.dir/touch_sensor/esp32s3/touch_sensor.c.obj

[517/1135] Building C object esp-idf/esp_phy/CMakeFiles/__idf_esp_phy.dir/src/phy_override.c.obj

[518/1135] Building C object esp-idf/driver/CMakeFiles/__idf_driver.dir/twai/twai.c.obj

[519/1135] Building C object esp-idf/esp_phy/CMakeFiles/__idf_esp_phy.dir/src/lib_printf.c.obj

[520/1135] Building C object esp-idf/esp_phy/CMakeFiles/__idf_esp_phy.dir/src/phy_common.c.obj

[521/1135] Building C object esp-idf/esp_phy/CMakeFiles/__idf_esp_phy.dir/esp32s3/phy_init_data.c.obj

[522/1135] Building C object esp-idf/esp_phy/CMakeFiles/__idf_esp_phy.dir/src/phy_init.c.obj

[523/1135] Building C object esp-idf/esp_phy/CMakeFiles/__idf_esp_phy.dir/src/btbb_init.c.obj

[524/1135] Building C object esp-idf/esp_vfs_console/CMakeFiles/__idf_esp_vfs_console.dir/vfs_console.c.obj

[525/1135] Building C object esp-idf/vfs/CMakeFiles/__idf_vfs.dir/vfs_eventfd.c.obj

[526/1135] Building C object esp-idf/vfs/CMakeFiles/__idf_vfs.dir/vfs.c.obj

[527/1135] Building C object esp-idf/vfs/CMakeFiles/__idf_vfs.dir/vfs_semihost.c.obj

[528/1135] Building C object esp-idf/lwip/CMakeFiles/__idf_lwip.dir/apps/sntp/sntp.c.obj

[529/1135] Building C object esp-idf/lwip/CMakeFiles/__idf_lwip.dir/lwip/src/api/api_lib.c.obj

[530/1135] Building C object esp-idf/lwip/CMakeFiles/__idf_lwip.dir/lwip/src/api/err.c.obj

[531/1135] Building C object esp-idf/lwip/CMakeFiles/__idf_lwip.dir/lwip/src/api/api_msg.c.obj

[532/1135] Building C object esp-idf/lwip/CMakeFiles/__idf_lwip.dir/lwip/src/api/if_api.c.obj

[533/1135] Building C object esp-idf/lwip/CMakeFiles/__idf_lwip.dir/lwip/src/api/netbuf.c.obj

[534/1135] Building C object esp-idf/lwip/CMakeFiles/__idf_lwip.dir/lwip/src/api/netdb.c.obj

[535/1135] Building C object esp-idf/lwip/CMakeFiles/__idf_lwip.dir/lwip/src/api/netifapi.c.obj

[536/1135] Building C object esp-idf/lwip/CMakeFiles/__idf_lwip.dir/lwip/src/api/tcpip.c.obj

[537/1135] Building C object esp-idf/lwip/CMakeFiles/__idf_lwip.dir/lwip/src/apps/sntp/sntp.c.obj

[538/1135] Building C object esp-idf/lwip/CMakeFiles/__idf_lwip.dir/lwip/src/api/sockets.c.obj

[539/1135] Building C object esp-idf/lwip/CMakeFiles/__idf_lwip.dir/lwip/src/apps/netbiosns/netbiosns.c.obj

[540/1135] Building C object esp-idf/lwip/CMakeFiles/__idf_lwip.dir/lwip/src/core/def.c.obj

[541/1135] Building C object esp-idf/lwip/CMakeFiles/__idf_lwip.dir/lwip/src/core/dns.c.obj

[542/1135] Building C object esp-idf/lwip/CMakeFiles/__idf_lwip.dir/lwip/src/core/inet_chksum.c.obj

[543/1135] Building C object esp-idf/lwip/CMakeFiles/__idf_lwip.dir/lwip/src/core/init.c.obj

[544/1135] Building C object esp-idf/lwip/CMakeFiles/__idf_lwip.dir/lwip/src/core/ip.c.obj

[545/1135] Building C object esp-idf/lwip/CMakeFiles/__idf_lwip.dir/lwip/src/core/mem.c.obj

[546/1135] Building C object esp-idf/lwip/CMakeFiles/__idf_lwip.dir/lwip/src/core/memp.c.obj

[547/1135] Building C object esp-idf/lwip/CMakeFiles/__idf_lwip.dir/lwip/src/core/netif.c.obj

[548/1135] Building C object esp-idf/lwip/CMakeFiles/__idf_lwip.dir/lwip/src/core/pbuf.c.obj

[549/1135] Building C object esp-idf/lwip/CMakeFiles/__idf_lwip.dir/lwip/src/core/raw.c.obj

[550/1135] Building C object esp-idf/lwip/CMakeFiles/__idf_lwip.dir/lwip/src/core/stats.c.obj

[551/1135] Building C object esp-idf/lwip/CMakeFiles/__idf_lwip.dir/lwip/src/core/sys.c.obj

[552/1135] Building C object esp-idf/lwip/CMakeFiles/__idf_lwip.dir/lwip/src/core/tcp.c.obj

[553/1135] Building C object esp-idf/lwip/CMakeFiles/__idf_lwip.dir/lwip/src/core/tcp_in.c.obj

[554/1135] Building C object esp-idf/lwip/CMakeFiles/__idf_lwip.dir/lwip/src/core/tcp_out.c.obj

[555/1135] Building C object esp-idf/lwip/CMakeFiles/__idf_lwip.dir/lwip/src/core/timeouts.c.obj

[556/1135] Building C object esp-idf/lwip/CMakeFiles/__idf_lwip.dir/lwip/src/core/udp.c.obj

[557/1135] Building C object esp-idf/lwip/CMakeFiles/__idf_lwip.dir/lwip/src/core/ipv4/autoip.c.obj

[558/1135] Building C object esp-idf/lwip/CMakeFiles/__idf_lwip.dir/lwip/src/core/ipv4/dhcp.c.obj

[559/1135] Building C object esp-idf/lwip/CMakeFiles/__idf_lwip.dir/lwip/src/core/ipv4/etharp.c.obj

[560/1135] Building C object esp-idf/lwip/CMakeFiles/__idf_lwip.dir/lwip/src/core/ipv4/icmp.c.obj

[561/1135] Building C object esp-idf/lwip/CMakeFiles/__idf_lwip.dir/lwip/src/core/ipv4/igmp.c.obj

[562/1135] Building C object esp-idf/lwip/CMakeFiles/__idf_lwip.dir/lwip/src/core/ipv4/ip4.c.obj

[563/1135] Building C object esp-idf/lwip/CMakeFiles/__idf_lwip.dir/lwip/src/core/ipv4/ip4_napt.c.obj

[564/1135] Building C object esp-idf/lwip/CMakeFiles/__idf_lwip.dir/lwip/src/core/ipv4/ip4_addr.c.obj

[565/1135] Building C object esp-idf/lwip/CMakeFiles/__idf_lwip.dir/lwip/src/core/ipv4/ip4_frag.c.obj

[566/1135] Building C object esp-idf/lwip/CMakeFiles/__idf_lwip.dir/lwip/src/core/ipv6/dhcp6.c.obj

[567/1135] Building C object esp-idf/lwip/CMakeFiles/__idf_lwip.dir/lwip/src/core/ipv6/ethip6.c.obj

[568/1135] Building C object esp-idf/lwip/CMakeFiles/__idf_lwip.dir/lwip/src/core/ipv6/icmp6.c.obj

[569/1135] Building C object esp-idf/lwip/CMakeFiles/__idf_lwip.dir/lwip/src/core/ipv6/inet6.c.obj

[570/1135] Building C object esp-idf/lwip/CMakeFiles/__idf_lwip.dir/lwip/src/core/ipv6/ip6.c.obj

[571/1135] Building C object esp-idf/lwip/CMakeFiles/__idf_lwip.dir/lwip/src/core/ipv6/ip6_addr.c.obj

[572/1135] Building C object esp-idf/lwip/CMakeFiles/__idf_lwip.dir/lwip/src/core/ipv6/ip6_frag.c.obj

[573/1135] Building C object esp-idf/lwip/CMakeFiles/__idf_lwip.dir/lwip/src/core/ipv6/mld6.c.obj

[574/1135] Building C object esp-idf/lwip/CMakeFiles/__idf_lwip.dir/lwip/src/netif/ethernet.c.obj

[575/1135] Building C object esp-idf/lwip/CMakeFiles/__idf_lwip.dir/lwip/src/core/ipv6/nd6.c.obj

[576/1135] Building C object esp-idf/lwip/CMakeFiles/__idf_lwip.dir/lwip/src/netif/bridgeif.c.obj

[577/1135] Building C object esp-idf/lwip/CMakeFiles/__idf_lwip.dir/lwip/src/netif/bridgeif_fdb.c.obj

[578/1135] Building C object esp-idf/lwip/CMakeFiles/__idf_lwip.dir/lwip/src/netif/slipif.c.obj

[579/1135] Building C object esp-idf/lwip/CMakeFiles/__idf_lwip.dir/lwip/src/netif/ppp/auth.c.obj

[580/1135] Building C object esp-idf/lwip/CMakeFiles/__idf_lwip.dir/lwip/src/netif/ppp/ccp.c.obj

[581/1135] Building C object esp-idf/lwip/CMakeFiles/__idf_lwip.dir/lwip/src/netif/ppp/chap-md5.c.obj

[582/1135] Building C object esp-idf/lwip/CMakeFiles/__idf_lwip.dir/lwip/src/netif/ppp/chap-new.c.obj

[583/1135] Building C object esp-idf/lwip/CMakeFiles/__idf_lwip.dir/lwip/src/netif/ppp/chap_ms.c.obj

[584/1135] Building C object esp-idf/lwip/CMakeFiles/__idf_lwip.dir/lwip/src/netif/ppp/demand.c.obj

[585/1135] Building C object esp-idf/lwip/CMakeFiles/__idf_lwip.dir/lwip/src/netif/ppp/eap.c.obj

[586/1135] Building C object esp-idf/lwip/CMakeFiles/__idf_lwip.dir/lwip/src/netif/ppp/ecp.c.obj

[587/1135] Building C object esp-idf/lwip/CMakeFiles/__idf_lwip.dir/lwip/src/netif/ppp/eui64.c.obj

[588/1135] Building C object esp-idf/lwip/CMakeFiles/__idf_lwip.dir/lwip/src/netif/ppp/fsm.c.obj

[589/1135] Building C object esp-idf/lwip/CMakeFiles/__idf_lwip.dir/lwip/src/netif/ppp/ipcp.c.obj

[590/1135] Building C object esp-idf/lwip/CMakeFiles/__idf_lwip.dir/lwip/src/netif/ppp/ipv6cp.c.obj

[591/1135] Building C object esp-idf/lwip/CMakeFiles/__idf_lwip.dir/lwip/src/netif/ppp/lcp.c.obj

[592/1135] Building C object esp-idf/lwip/CMakeFiles/__idf_lwip.dir/lwip/src/netif/ppp/magic.c.obj

[593/1135] Building C object esp-idf/lwip/CMakeFiles/__idf_lwip.dir/lwip/src/netif/ppp/mppe.c.obj

[594/1135] Building C object esp-idf/lwip/CMakeFiles/__idf_lwip.dir/lwip/src/netif/ppp/multilink.c.obj

[595/1135] Building C object esp-idf/lwip/CMakeFiles/__idf_lwip.dir/lwip/src/netif/ppp/ppp.c.obj

[596/1135] Building C object esp-idf/lwip/CMakeFiles/__idf_lwip.dir/lwip/src/netif/ppp/pppapi.c.obj

[597/1135] Building C object esp-idf/lwip/CMakeFiles/__idf_lwip.dir/lwip/src/netif/ppp/pppcrypt.c.obj

[598/1135] Building C object esp-idf/lwip/CMakeFiles/__idf_lwip.dir/lwip/src/netif/ppp/pppoe.c.obj

[599/1135] Building C object esp-idf/lwip/CMakeFiles/__idf_lwip.dir/lwip/src/netif/ppp/pppol2tp.c.obj

[600/1135] Building C object esp-idf/lwip/CMakeFiles/__idf_lwip.dir/lwip/src/netif/ppp/pppos.c.obj

[601/1135] Building C object esp-idf/lwip/CMakeFiles/__idf_lwip.dir/lwip/src/netif/ppp/upap.c.obj

[602/1135] Building C object esp-idf/lwip/CMakeFiles/__idf_lwip.dir/lwip/src/netif/ppp/utils.c.obj

[603/1135] Building C object esp-idf/lwip/CMakeFiles/__idf_lwip.dir/lwip/src/netif/ppp/vj.c.obj

[604/1135] Building C object esp-idf/lwip/CMakeFiles/__idf_lwip.dir/port/hooks/tcp_isn_default.c.obj

[605/1135] Building C object esp-idf/lwip/CMakeFiles/__idf_lwip.dir/port/hooks/lwip_default_hooks.c.obj

[606/1135] Building C object esp-idf/lwip/CMakeFiles/__idf_lwip.dir/port/debug/lwip_debug.c.obj

[607/1135] Building C object esp-idf/lwip/CMakeFiles/__idf_lwip.dir/port/sockets_ext.c.obj

[608/1135] Building C object esp-idf/lwip/CMakeFiles/__idf_lwip.dir/port/freertos/sys_arch.c.obj

[609/1135] Building C object esp-idf/lwip/CMakeFiles/__idf_lwip.dir/port/esp32xx/vfs_lwip.c.obj

[610/1135] Building C object esp-idf/lwip/CMakeFiles/__idf_lwip.dir/apps/ping/esp_ping.c.obj

[611/1135] Building C object esp-idf/lwip/CMakeFiles/__idf_lwip.dir/apps/ping/ping.c.obj

[612/1135] Building C object esp-idf/lwip/CMakeFiles/__idf_lwip.dir/apps/ping/ping_sock.c.obj

[613/1135] Building C object esp-idf/esp_netif/CMakeFiles/__idf_esp_netif.dir/esp_netif_handlers.c.obj

[614/1135] Building C object esp-idf/esp_netif/CMakeFiles/__idf_esp_netif.dir/esp_netif_objects.c.obj

[615/1135] Building C object esp-idf/lwip/CMakeFiles/__idf_lwip.dir/apps/dhcpserver/dhcpserver.c.obj

[616/1135] Building C object esp-idf/esp_netif/CMakeFiles/__idf_esp_netif.dir/esp_netif_defaults.c.obj

[617/1135] Building C object esp-idf/esp_netif/CMakeFiles/__idf_esp_netif.dir/lwip/esp_netif_sntp.c.obj

[618/1135] Building C object esp-idf/esp_netif/CMakeFiles/__idf_esp_netif.dir/lwip/esp_netif_lwip_defaults.c.obj

[619/1135] Building C object esp-idf/esp_netif/CMakeFiles/__idf_esp_netif.dir/lwip/esp_netif_lwip.c.obj

[620/1135] Building C object esp-idf/esp_netif/CMakeFiles/__idf_esp_netif.dir/lwip/netif/wlanif.c.obj

[621/1135] Building C object esp-idf/esp_netif/CMakeFiles/__idf_esp_netif.dir/lwip/netif/ethernetif.c.obj

[622/1135] Building C object esp-idf/esp_netif/CMakeFiles/__idf_esp_netif.dir/lwip/netif/esp_pbuf_ref.c.obj

[623/1135] Building C object esp-idf/wpa_supplicant/CMakeFiles/__idf_wpa_supplicant.dir/port/os_xtensa.c.obj

[624/1135] Building C object esp-idf/wpa_supplicant/CMakeFiles/__idf_wpa_supplicant.dir/port/eloop.c.obj

[625/1135] Building C object esp-idf/wpa_supplicant/CMakeFiles/__idf_wpa_supplicant.dir/src/ap/ap_config.c.obj

[626/1135] Building C object esp-idf/wpa_supplicant/CMakeFiles/__idf_wpa_supplicant.dir/src/ap/ieee802_1x.c.obj

[627/1135] Building C object esp-idf/wpa_supplicant/CMakeFiles/__idf_wpa_supplicant.dir/src/ap/wpa_auth_ie.c.obj

[628/1135] Building C object esp-idf/wpa_supplicant/CMakeFiles/__idf_wpa_supplicant.dir/src/ap/wpa_auth.c.obj

[629/1135] Building C object esp-idf/wpa_supplicant/CMakeFiles/__idf_wpa_supplicant.dir/src/ap/pmksa_cache_auth.c.obj

[630/1135] Building C object esp-idf/wpa_supplicant/CMakeFiles/__idf_wpa_supplicant.dir/src/ap/sta_info.c.obj

[631/1135] Building C object esp-idf/wpa_supplicant/CMakeFiles/__idf_wpa_supplicant.dir/src/ap/ieee802_11.c.obj

[632/1135] Building C object esp-idf/wpa_supplicant/CMakeFiles/__idf_wpa_supplicant.dir/src/ap/comeback_token.c.obj

[633/1135] Building C object esp-idf/wpa_supplicant/CMakeFiles/__idf_wpa_supplicant.dir/src/common/dragonfly.c.obj

[634/1135] Building C object esp-idf/wpa_supplicant/CMakeFiles/__idf_wpa_supplicant.dir/src/utils/bitfield.c.obj

[635/1135] Building C object esp-idf/wpa_supplicant/CMakeFiles/__idf_wpa_supplicant.dir/src/common/sae.c.obj

[636/1135] Building C object esp-idf/wpa_supplicant/CMakeFiles/__idf_wpa_supplicant.dir/src/common/wpa_common.c.obj

[637/1135] Building C object esp-idf/wpa_supplicant/CMakeFiles/__idf_wpa_supplicant.dir/src/crypto/aes-siv.c.obj

[638/1135] Building C object esp-idf/wpa_supplicant/CMakeFiles/__idf_wpa_supplicant.dir/src/crypto/sha256-kdf.c.obj

[639/1135] Building C object esp-idf/wpa_supplicant/CMakeFiles/__idf_wpa_supplicant.dir/src/crypto/ccmp.c.obj

[640/1135] Building C object esp-idf/wpa_supplicant/CMakeFiles/__idf_wpa_supplicant.dir/src/crypto/aes-gcm.c.obj

[641/1135] Building C object esp-idf/wpa_supplicant/CMakeFiles/__idf_wpa_supplicant.dir/src/crypto/crypto_ops.c.obj

[642/1135] Building C object esp-idf/wpa_supplicant/CMakeFiles/__idf_wpa_supplicant.dir/src/crypto/dh_group5.c.obj

[643/1135] Building C object esp-idf/wpa_supplicant/CMakeFiles/__idf_wpa_supplicant.dir/src/crypto/dh_groups.c.obj

[644/1135] Building C object esp-idf/wpa_supplicant/CMakeFiles/__idf_wpa_supplicant.dir/src/crypto/ms_funcs.c.obj

[645/1135] Building C object esp-idf/wpa_supplicant/CMakeFiles/__idf_wpa_supplicant.dir/src/crypto/sha1-tlsprf.c.obj

[646/1135] Building C object esp-idf/wpa_supplicant/CMakeFiles/__idf_wpa_supplicant.dir/src/crypto/sha256-tlsprf.c.obj

[647/1135] Building C object esp-idf/wpa_supplicant/CMakeFiles/__idf_wpa_supplicant.dir/src/crypto/sha384-tlsprf.c.obj

[648/1135] Building C object esp-idf/wpa_supplicant/CMakeFiles/__idf_wpa_supplicant.dir/src/crypto/sha256-prf.c.obj

[649/1135] Building C object esp-idf/wpa_supplicant/CMakeFiles/__idf_wpa_supplicant.dir/src/crypto/sha1-prf.c.obj

[650/1135] Building C object esp-idf/wpa_supplicant/CMakeFiles/__idf_wpa_supplicant.dir/src/crypto/sha384-prf.c.obj

[651/1135] Building C object esp-idf/wpa_supplicant/CMakeFiles/__idf_wpa_supplicant.dir/src/crypto/md4-internal.c.obj

[652/1135] Building C object esp-idf/wpa_supplicant/CMakeFiles/__idf_wpa_supplicant.dir/src/crypto/sha1-tprf.c.obj

[653/1135] Building C object esp-idf/wpa_supplicant/CMakeFiles/__idf_wpa_supplicant.dir/src/eap_common/eap_wsc_common.c.obj

[654/1135] Building C object esp-idf/wpa_supplicant/CMakeFiles/__idf_wpa_supplicant.dir/src/common/ieee802_11_common.c.obj

[655/1135] Building C object esp-idf/wpa_supplicant/CMakeFiles/__idf_wpa_supplicant.dir/src/eap_peer/chap.c.obj

[656/1135] Building C object esp-idf/wpa_supplicant/CMakeFiles/__idf_wpa_supplicant.dir/src/eap_peer/eap.c.obj

[657/1135] Building C object esp-idf/wpa_supplicant/CMakeFiles/__idf_wpa_supplicant.dir/src/eap_peer/eap_common.c.obj

[658/1135] Building C object esp-idf/wpa_supplicant/CMakeFiles/__idf_wpa_supplicant.dir/src/eap_peer/eap_mschapv2.c.obj

[659/1135] Building C object esp-idf/wpa_supplicant/CMakeFiles/__idf_wpa_supplicant.dir/src/eap_peer/eap_peap_common.c.obj

[660/1135] Building C object esp-idf/wpa_supplicant/CMakeFiles/__idf_wpa_supplicant.dir/src/eap_peer/eap_peap.c.obj

[661/1135] Building C object esp-idf/wpa_supplicant/CMakeFiles/__idf_wpa_supplicant.dir/src/eap_peer/eap_tls.c.obj

[662/1135] Building C object esp-idf/wpa_supplicant/CMakeFiles/__idf_wpa_supplicant.dir/src/eap_peer/eap_tls_common.c.obj

[663/1135] Building C object esp-idf/wpa_supplicant/CMakeFiles/__idf_wpa_supplicant.dir/src/eap_peer/mschapv2.c.obj

[664/1135] Building C object esp-idf/wpa_supplicant/CMakeFiles/__idf_wpa_supplicant.dir/src/eap_peer/eap_ttls.c.obj

[665/1135] Building C object esp-idf/wpa_supplicant/CMakeFiles/__idf_wpa_supplicant.dir/src/eap_peer/eap_fast_common.c.obj

[666/1135] Building C object esp-idf/wpa_supplicant/CMakeFiles/__idf_wpa_supplicant.dir/src/eap_peer/eap_fast.c.obj
[667/1135] Building C object esp-idf/wpa_supplicant/CMakeFiles/__idf_wpa_supplicant.dir/src/eap_peer/eap_fast_pac.c.obj
[668/1135] Building C object esp-idf/wpa_supplicant/CMakeFiles/__idf_wpa_supplicant.dir/src/rsn_supp/pmksa_cache.c.obj
[669/1135] Performing configure step for 'bootloader'
-- Found Git: C:/Program Files/Git/cmd/git.exe (found version "2.51.0.windows.1") 
-- The C compiler identification is GNU 13.2.0
-- The CXX compiler identification is GNU 13.2.0
-- The ASM compiler identification is GNU
-- Found assembler: C:/Users/devx/.espressif/tools/xtensa-esp-elf/esp-13.2.0_20240530/xtensa-esp-elf/bin/xtensa-esp32s3-elf-gcc.exe
-- Detecting C compiler ABI info
-- Detecting C compiler ABI info - done
-- Check for working C compiler: C:/Users/devx/.espressif/tools/xtensa-esp-elf/esp-13.2.0_20240530/xtensa-esp-elf/bin/xtensa-esp32s3-elf-gcc.exe - skipped
-- Detecting C compile features
-- Detecting C compile features - done
-- Detecting CXX compiler ABI info
-- Detecting CXX compiler ABI info - done
-- Check for working CXX compiler: C:/Users/devx/.espressif/tools/xtensa-esp-elf/esp-13.2.0_20240530/xtensa-esp-elf/bin/xtensa-esp32s3-elf-g++.exe - skipped
-- Detecting CXX compile features
-- Detecting CXX compile features - done
-- Building ESP-IDF components for target esp32s3
-- Project sdkconfig file C:/progs/ESPan/build-m81-profile/sdkconfig.m81
info: INFO: Symbol IDF_TARGET_LINUX defined in multiple locations (see below). Please check if this is a correct behavior or a random name match:

    C:\Users\devx\esp\esp-idf\Kconfig:78

    C:\Users\devx\esp\esp-idf\Kconfig:162

-- Compiler supported targets: xtensa-esp-elf
-- Adding linker script C:/Users/devx/esp/esp-idf/components/soc/esp32s3/ld/esp32s3.peripherals.ld
-- Bootloader project name: "bootloader" version: 1
-- Adding linker script C:/Users/devx/esp/esp-idf/components/esp_rom/esp32s3/ld/esp32s3.rom.ld
-- Adding linker script C:/Users/devx/esp/esp-idf/components/esp_rom/esp32s3/ld/esp32s3.rom.api.ld
-- Adding linker script C:/Users/devx/esp/esp-idf/components/esp_rom/esp32s3/ld/esp32s3.rom.libgcc.ld
-- Adding linker script C:/Users/devx/esp/esp-idf/components/esp_rom/esp32s3/ld/esp32s3.rom.wdt.ld
-- Adding linker script C:/Users/devx/esp/esp-idf/components/esp_rom/esp32s3/ld/esp32s3.rom.version.ld
-- Adding linker script C:/Users/devx/esp/esp-idf/components/esp_rom/esp32s3/ld/esp32s3.rom.newlib.ld
-- Adding linker script C:/Users/devx/esp/esp-idf/components/bootloader/subproject/main/ld/esp32s3/bootloader.ld
-- Adding linker script C:/Users/devx/esp/esp-idf/components/bootloader/subproject/main/ld/esp32s3/bootloader.rom.ld
-- Components: bootloader bootloader_support efuse esp_app_format esp_bootloader_format esp_common esp_hw_support esp_rom esp_system esptool_py freertos hal log main micro-ecc newlib partition_table soc spi_flash xtensa
-- Component paths: C:/Users/devx/esp/esp-idf/components/bootloader C:/Users/devx/esp/esp-idf/components/bootloader_support C:/Users/devx/esp/esp-idf/components/efuse C:/Users/devx/esp/esp-idf/components/esp_app_format C:/Users/devx/esp/esp-idf/components/esp_bootloader_format C:/Users/devx/esp/esp-idf/components/esp_common C:/Users/devx/esp/esp-idf/components/esp_hw_support C:/Users/devx/esp/esp-idf/components/esp_rom C:/Users/devx/esp/esp-idf/components/esp_system C:/Users/devx/esp/esp-idf/components/esptool_py C:/Users/devx/esp/esp-idf/components/freertos C:/Users/devx/esp/esp-idf/components/hal C:/Users/devx/esp/esp-idf/components/log C:/Users/devx/esp/esp-idf/components/bootloader/subproject/main C:/Users/devx/esp/esp-idf/components/bootloader/subproject/components/micro-ecc C:/Users/devx/esp/esp-idf/components/newlib C:/Users/devx/esp/esp-idf/components/partition_table C:/Users/devx/esp/esp-idf/components/soc C:/Users/devx/esp/esp-idf/components/spi_flash C:/Users/devx/esp/esp-idf/components/xtensa

-- Configuring done

-- Generating done

-- Build files have been written to: C:/progs/ESPan/build-m81-profile/bootloader

[670/1135] Building C object esp-idf/wpa_supplicant/CMakeFiles/__idf_wpa_supplicant.dir/src/rsn_supp/wpa_ie.c.obj

[671/1135] Building C object esp-idf/wpa_supplicant/CMakeFiles/__idf_wpa_supplicant.dir/src/rsn_supp/wpa.c.obj

[672/1135] Building C object esp-idf/wpa_supplicant/CMakeFiles/__idf_wpa_supplicant.dir/src/utils/base64.c.obj

[673/1135] Building C object esp-idf/wpa_supplicant/CMakeFiles/__idf_wpa_supplicant.dir/src/utils/common.c.obj

[674/1135] Building C object esp-idf/wpa_supplicant/CMakeFiles/__idf_wpa_supplicant.dir/src/utils/ext_password.c.obj

[675/1135] Building C object esp-idf/wpa_supplicant/CMakeFiles/__idf_wpa_supplicant.dir/src/utils/uuid.c.obj

[676/1135] Building C object esp-idf/wpa_supplicant/CMakeFiles/__idf_wpa_supplicant.dir/src/utils/wpabuf.c.obj

[677/1135] Building C object esp-idf/wpa_supplicant/CMakeFiles/__idf_wpa_supplicant.dir/src/utils/wpa_debug.c.obj

[678/1135] Building C object esp-idf/wpa_supplicant/CMakeFiles/__idf_wpa_supplicant.dir/src/utils/json.c.obj

[679/1135] Building C object esp-idf/wpa_supplicant/CMakeFiles/__idf_wpa_supplicant.dir/src/wps/wps.c.obj

[680/1135] Building C object esp-idf/wpa_supplicant/CMakeFiles/__idf_wpa_supplicant.dir/src/wps/wps_attr_build.c.obj

[681/1135] Building C object esp-idf/wpa_supplicant/CMakeFiles/__idf_wpa_supplicant.dir/src/wps/wps_attr_parse.c.obj

[682/1135] Building C object esp-idf/wpa_supplicant/CMakeFiles/__idf_wpa_supplicant.dir/src/wps/wps_attr_process.c.obj

[683/1135] Building C object esp-idf/wpa_supplicant/CMakeFiles/__idf_wpa_supplicant.dir/src/wps/wps_common.c.obj

[684/1135] Building C object esp-idf/wpa_supplicant/CMakeFiles/__idf_wpa_supplicant.dir/src/wps/wps_dev_attr.c.obj

[685/1135] Building C object esp-idf/wpa_supplicant/CMakeFiles/__idf_wpa_supplicant.dir/src/wps/wps_enrollee.c.obj

[686/1135] Building C object esp-idf/wpa_supplicant/CMakeFiles/__idf_wpa_supplicant.dir/src/common/sae_pk.c.obj

[687/1135] Building C object esp-idf/wpa_supplicant/CMakeFiles/__idf_wpa_supplicant.dir/esp_supplicant/src/esp_wpa2_api_port.c.obj

[688/1135] Building C object esp-idf/wpa_supplicant/CMakeFiles/__idf_wpa_supplicant.dir/esp_supplicant/src/esp_eap_client.c.obj

[689/1135] Building C object esp-idf/wpa_supplicant/CMakeFiles/__idf_wpa_supplicant.dir/esp_supplicant/src/esp_wpa_main.c.obj

[690/1135] Building C object esp-idf/wpa_supplicant/CMakeFiles/__idf_wpa_supplicant.dir/esp_supplicant/src/esp_wpas_glue.c.obj

[691/1135] Building C object esp-idf/wpa_supplicant/CMakeFiles/__idf_wpa_supplicant.dir/esp_supplicant/src/esp_common.c.obj

[692/1135] Building C object esp-idf/wpa_supplicant/CMakeFiles/__idf_wpa_supplicant.dir/esp_supplicant/src/esp_wps.c.obj

[693/1135] Building C object esp-idf/wpa_supplicant/CMakeFiles/__idf_wpa_supplicant.dir/esp_supplicant/src/esp_wpa3.c.obj

[694/1135] Building C object esp-idf/wpa_supplicant/CMakeFiles/__idf_wpa_supplicant.dir/esp_supplicant/src/esp_owe.c.obj

[695/1135] Building C object esp-idf/wpa_supplicant/CMakeFiles/__idf_wpa_supplicant.dir/esp_supplicant/src/esp_hostap.c.obj

[696/1135] Building C object esp-idf/wpa_supplicant/CMakeFiles/__idf_wpa_supplicant.dir/esp_supplicant/src/crypto/tls_mbedtls.c.obj

[697/1135] Building C object esp-idf/wpa_supplicant/CMakeFiles/__idf_wpa_supplicant.dir/esp_supplicant/src/crypto/fastpbkdf2.c.obj

[698/1135] Building C object esp-idf/wpa_supplicant/CMakeFiles/__idf_wpa_supplicant.dir/esp_supplicant/src/crypto/crypto_mbedtls.c.obj

[699/1135] Building C object esp-idf/wpa_supplicant/CMakeFiles/__idf_wpa_supplicant.dir/esp_supplicant/src/crypto/crypto_mbedtls-bignum.c.obj

[700/1135] Building C object esp-idf/wpa_supplicant/CMakeFiles/__idf_wpa_supplicant.dir/esp_supplicant/src/crypto/crypto_mbedtls-rsa.c.obj

[701/1135] Building C object esp-idf/wpa_supplicant/CMakeFiles/__idf_wpa_supplicant.dir/src/crypto/rc4.c.obj

[702/1135] Building C object esp-idf/wpa_supplicant/CMakeFiles/__idf_wpa_supplicant.dir/esp_supplicant/src/crypto/crypto_mbedtls-ec.c.obj

[703/1135] Building C object esp-idf/wpa_supplicant/CMakeFiles/__idf_wpa_supplicant.dir/src/crypto/des-internal.c.obj

[704/1135] Building C object esp-idf/wpa_supplicant/CMakeFiles/__idf_wpa_supplicant.dir/src/crypto/aes-wrap.c.obj

[705/1135] Building C object esp-idf/wpa_supplicant/CMakeFiles/__idf_wpa_supplicant.dir/src/crypto/aes-unwrap.c.obj

[706/1135] Building C object esp-idf/wpa_supplicant/CMakeFiles/__idf_wpa_supplicant.dir/src/crypto/aes-ccm.c.obj

[707/1135] Building C object esp-idf/esp_coex/CMakeFiles/__idf_esp_coex.dir/src/coexist.c.obj

[708/1135] Building C object esp-idf/esp_coex/CMakeFiles/__idf_esp_coex.dir/src/lib_printf.c.obj

[709/1135] Building C object esp-idf/esp_coex/CMakeFiles/__idf_esp_coex.dir/esp32s3/esp_coex_adapter.c.obj

[710/1135] Building C object esp-idf/esp_wifi/CMakeFiles/__idf_esp_wifi.dir/src/lib_printf.c.obj

[711/1135] Building C object esp-idf/esp_wifi/CMakeFiles/__idf_esp_wifi.dir/src/mesh_event.c.obj

[712/1135] Building C object esp-idf/esp_wifi/CMakeFiles/__idf_esp_wifi.dir/src/smartconfig.c.obj

[713/1135] Building C object esp-idf/esp_wifi/CMakeFiles/__idf_esp_wifi.dir/src/wifi_init.c.obj

[714/1135] Building C object esp-idf/esp_wifi/CMakeFiles/__idf_esp_wifi.dir/src/wifi_default.c.obj

[715/1135] Building C object esp-idf/esp_wifi/CMakeFiles/__idf_esp_wifi.dir/src/wifi_netif.c.obj

[716/1135] Building C object esp-idf/esp_wifi/CMakeFiles/__idf_esp_wifi.dir/src/wifi_default_ap.c.obj

[717/1135] Building C object esp-idf/esp_wifi/CMakeFiles/__idf_esp_wifi.dir/esp32s3/esp_adapter.c.obj

[718/1135] Building C object esp-idf/esp_wifi/CMakeFiles/__idf_esp_wifi.dir/src/smartconfig_ack.c.obj

[719/1135] Building C object esp-idf/esp-tls/CMakeFiles/__idf_esp-tls.dir/esp-tls-crypto/esp_tls_crypto.c.obj

[720/1135] Building C object esp-idf/http_parser/CMakeFiles/__idf_http_parser.dir/http_parser.c.obj

[721/1135] Building C object esp-idf/esp-tls/CMakeFiles/__idf_esp-tls.dir/esp_tls.c.obj

[722/1135] Building C object esp-idf/esp-tls/CMakeFiles/__idf_esp-tls.dir/esp_tls_error_capture.c.obj

[723/1135] Building C object esp-idf/esp-tls/CMakeFiles/__idf_esp-tls.dir/esp_tls_platform_port.c.obj

[724/1135] Building C object esp-idf/esp-tls/CMakeFiles/__idf_esp-tls.dir/esp_tls_mbedtls.c.obj

[725/1135] Building C object esp-idf/esp_adc/CMakeFiles/__idf_esp_adc.dir/adc_oneshot.c.obj

[726/1135] Building C object esp-idf/esp_adc/CMakeFiles/__idf_esp_adc.dir/adc_common.c.obj

[727/1135] Building C object esp-idf/esp_adc/CMakeFiles/__idf_esp_adc.dir/adc_cali.c.obj

[728/1135] Building C object esp-idf/esp_adc/CMakeFiles/__idf_esp_adc.dir/adc_cali_curve_fitting.c.obj

[729/1135] Building C object esp-idf/esp_adc/CMakeFiles/__idf_esp_adc.dir/deprecated/esp_adc_cal_common_legacy.c.obj

[730/1135] Building C object esp-idf/esp_adc/CMakeFiles/__idf_esp_adc.dir/adc_continuous.c.obj

[731/1135] Building C object esp-idf/esp_adc/CMakeFiles/__idf_esp_adc.dir/adc_monitor.c.obj

[732/1135] Building C object esp-idf/esp_adc/CMakeFiles/__idf_esp_adc.dir/gdma/adc_dma.c.obj

[733/1135] Building C object esp-idf/esp_adc/CMakeFiles/__idf_esp_adc.dir/esp32s3/curve_fitting_coefficients.c.obj

[734/1135] Building C object esp-idf/esp_adc/CMakeFiles/__idf_esp_adc.dir/adc_filter.c.obj

[735/1135] Building C object esp-idf/esp_adc/CMakeFiles/__idf_esp_adc.dir/deprecated/esp32s3/esp_adc_cal_legacy.c.obj

[736/1135] Building C object esp-idf/esp_eth/CMakeFiles/__idf_esp_eth.dir/src/esp_eth.c.obj

[737/1135] Building C object esp-idf/esp_eth/CMakeFiles/__idf_esp_eth.dir/src/phy/esp_eth_phy_802_3.c.obj

[738/1135] Building C object esp-idf/esp_eth/CMakeFiles/__idf_esp_eth.dir/src/esp_eth_netif_glue.c.obj

[739/1135] Building C object esp-idf/esp_gdbstub/CMakeFiles/__idf_esp_gdbstub.dir/src/gdbstub.c.obj

[740/1135] Building C object esp-idf/esp_gdbstub/CMakeFiles/__idf_esp_gdbstub.dir/src/gdbstub_transport.c.obj

[741/1135] Building C object esp-idf/esp_gdbstub/CMakeFiles/__idf_esp_gdbstub.dir/src/packet.c.obj

[742/1135] Building C object esp-idf/esp_gdbstub/CMakeFiles/__idf_esp_gdbstub.dir/src/port/xtensa/gdbstub_xtensa.c.obj

[743/1135] Building ASM object esp-idf/esp_gdbstub/CMakeFiles/__idf_esp_gdbstub.dir/src/port/xtensa/gdbstub-entry.S.obj

[744/1135] Building ASM object esp-idf/esp_gdbstub/CMakeFiles/__idf_esp_gdbstub.dir/src/port/xtensa/xt_debugexception.S.obj

[745/1135] Building C object esp-idf/tcp_transport/CMakeFiles/__idf_tcp_transport.dir/transport.c.obj

[746/1135] Building C object esp-idf/tcp_transport/CMakeFiles/__idf_tcp_transport.dir/transport_ssl.c.obj

[747/1135] Building C object esp-idf/tcp_transport/CMakeFiles/__idf_tcp_transport.dir/transport_internal.c.obj

[748/1135] Building C object esp-idf/tcp_transport/CMakeFiles/__idf_tcp_transport.dir/transport_socks_proxy.c.obj

[749/1135] Building C object esp-idf/tcp_transport/CMakeFiles/__idf_tcp_transport.dir/transport_ws.c.obj

[750/1135] Building C object esp-idf/esp_http_client/CMakeFiles/__idf_esp_http_client.dir/lib/http_auth.c.obj

[751/1135] Building C object esp-idf/esp_http_client/CMakeFiles/__idf_esp_http_client.dir/lib/http_header.c.obj

[752/1135] Building C object esp-idf/esp_http_client/CMakeFiles/__idf_esp_http_client.dir/lib/http_utils.c.obj

[753/1135] Building C object esp-idf/esp_http_client/CMakeFiles/__idf_esp_http_client.dir/esp_http_client.c.obj

[754/1135] Building C object esp-idf/esp_http_server/CMakeFiles/__idf_esp_http_server.dir/src/httpd_main.c.obj

[755/1135] Building C object esp-idf/esp_http_server/CMakeFiles/__idf_esp_http_server.dir/src/httpd_parse.c.obj

[756/1135] Building C object esp-idf/esp_http_server/CMakeFiles/__idf_esp_http_server.dir/src/httpd_sess.c.obj

[757/1135] Building C object esp-idf/esp_http_server/CMakeFiles/__idf_esp_http_server.dir/src/httpd_txrx.c.obj

[758/1135] Building C object esp-idf/esp_http_server/CMakeFiles/__idf_esp_http_server.dir/src/httpd_uri.c.obj

[759/1135] Building C object esp-idf/esp_http_server/CMakeFiles/__idf_esp_http_server.dir/src/httpd_ws.c.obj

[760/1135] Building C object esp-idf/esp_http_server/CMakeFiles/__idf_esp_http_server.dir/src/util/ctrl_sock.c.obj

[761/1135] Building C object esp-idf/esp_https_ota/CMakeFiles/__idf_esp_https_ota.dir/src/esp_https_ota.c.obj

[762/1135] Building C object esp-idf/esp_psram/CMakeFiles/__idf_esp_psram.dir/esp_psram.c.obj

[763/1135] Building C object esp-idf/esp_psram/CMakeFiles/__idf_esp_psram.dir/mmu_psram_flash.c.obj

[764/1135] Building C object esp-idf/esp_psram/CMakeFiles/__idf_esp_psram.dir/esp32s3/esp_psram_impl_quad.c.obj

[765/1135] Linking C static library esp-idf\esp_psram\libesp_psram.a

[766/1135] Linking C static library esp-idf\esp_https_ota\libesp_https_ota.a

[767/1135] Linking C static library esp-idf\esp_http_server\libesp_http_server.a

[768/1135] Linking C static library esp-idf\esp_http_client\libesp_http_client.a

[769/1135] Linking C static library esp-idf\tcp_transport\libtcp_transport.a

[770/1135] Linking C static library esp-idf\esp_gdbstub\libesp_gdbstub.a

[771/1135] Linking C static library esp-idf\esp_eth\libesp_eth.a

[772/1135] Linking C static library esp-idf\esp_adc\libesp_adc.a

[773/1135] Linking C static library esp-idf\esp-tls\libesp-tls.a

[774/1135] Linking C static library esp-idf\http_parser\libhttp_parser.a

[775/1135] Linking C static library esp-idf\esp_wifi\libesp_wifi.a

[776/1135] Linking C static library esp-idf\esp_coex\libesp_coex.a

[777/1135] Linking C static library esp-idf\wpa_supplicant\libwpa_supplicant.a

[778/1135] Linking C static library esp-idf\esp_netif\libesp_netif.a

[779/1135] Linking C static library esp-idf\lwip\liblwip.a

[780/1135] Linking C static library esp-idf\vfs\libvfs.a

[781/1135] Linking C static library esp-idf\esp_vfs_console\libesp_vfs_console.a

[782/1135] Linking C static library esp-idf\esp_phy\libesp_phy.a

[783/1135] Linking C static library esp-idf\driver\libdriver.a

[784/1135] Performing build step for 'bootloader'
[1/113] Generating project_elf_src_esp32s3.c

[2/113] Building C object esp-idf/xtensa/CMakeFiles/__idf_xtensa.dir/eri.c.obj

[3/113] Building C object esp-idf/xtensa/CMakeFiles/__idf_xtensa.dir/xt_trax.c.obj

[4/113] Building C object esp-idf/soc/CMakeFiles/__idf_soc.dir/lldesc.c.obj

[5/113] Building C object esp-idf/soc/CMakeFiles/__idf_soc.dir/dport_access_common.c.obj

[6/113] Building C object esp-idf/soc/CMakeFiles/__idf_soc.dir/esp32s3/interrupts.c.obj

[7/113] Building C object esp-idf/soc/CMakeFiles/__idf_soc.dir/esp32s3/gpio_periph.c.obj

[8/113] Building C object esp-idf/soc/CMakeFiles/__idf_soc.dir/esp32s3/uart_periph.c.obj

[9/113] Building C object esp-idf/soc/CMakeFiles/__idf_soc.dir/esp32s3/adc_periph.c.obj

[10/113] Building C object esp-idf/soc/CMakeFiles/__idf_soc.dir/esp32s3/dedic_gpio_periph.c.obj

[11/113] Building C object esp-idf/soc/CMakeFiles/__idf_soc.dir/esp32s3/gdma_periph.c.obj

[12/113] Building C object esp-idf/soc/CMakeFiles/__idf_soc.dir/esp32s3/spi_periph.c.obj

[13/113] Building C object esp-idf/soc/CMakeFiles/__idf_soc.dir/esp32s3/ledc_periph.c.obj

[14/113] Building C object esp-idf/soc/CMakeFiles/__idf_soc.dir/esp32s3/pcnt_periph.c.obj

[15/113] Building C object esp-idf/soc/CMakeFiles/__idf_soc.dir/esp32s3/rmt_periph.c.obj

[16/113] Building C object esp-idf/soc/CMakeFiles/__idf_soc.dir/esp32s3/sdm_periph.c.obj

[17/113] Building C object esp-idf/soc/CMakeFiles/__idf_soc.dir/esp32s3/i2s_periph.c.obj

[18/113] Building C object esp-idf/soc/CMakeFiles/__idf_soc.dir/esp32s3/i2c_periph.c.obj

[19/113] Building C object CMakeFiles/bootloader.elf.dir/project_elf_src_esp32s3.c.obj

[20/113] Building C object esp-idf/soc/CMakeFiles/__idf_soc.dir/esp32s3/temperature_sensor_periph.c.obj

[21/113] Building C object esp-idf/soc/CMakeFiles/__idf_soc.dir/esp32s3/timer_periph.c.obj

[22/113] Building C object esp-idf/soc/CMakeFiles/__idf_soc.dir/esp32s3/lcd_periph.c.obj

[23/113] Building C object esp-idf/soc/CMakeFiles/__idf_soc.dir/esp32s3/mcpwm_periph.c.obj

[24/113] Building C object esp-idf/soc/CMakeFiles/__idf_soc.dir/esp32s3/mpi_periph.c.obj

[25/113] Building C object esp-idf/soc/CMakeFiles/__idf_soc.dir/esp32s3/sdmmc_periph.c.obj

[26/113] Building C object esp-idf/soc/CMakeFiles/__idf_soc.dir/esp32s3/touch_sensor_periph.c.obj

[27/113] Building C object esp-idf/soc/CMakeFiles/__idf_soc.dir/esp32s3/twai_periph.c.obj

[28/113] Building C object esp-idf/soc/CMakeFiles/__idf_soc.dir/esp32s3/usb_periph.c.obj

[29/113] Building C object esp-idf/soc/CMakeFiles/__idf_soc.dir/esp32s3/usb_dwc_periph.c.obj

[30/113] Building C object esp-idf/soc/CMakeFiles/__idf_soc.dir/esp32s3/rtc_io_periph.c.obj

[31/113] Building C object esp-idf/micro-ecc/CMakeFiles/__idf_micro-ecc.dir/uECC_verify_antifault.c.obj

[32/113] Building C object esp-idf/hal/CMakeFiles/__idf_hal.dir/hal_utils.c.obj

[33/113] Building C object esp-idf/hal/CMakeFiles/__idf_hal.dir/mpu_hal.c.obj

[34/113] Building C object esp-idf/hal/CMakeFiles/__idf_hal.dir/efuse_hal.c.obj

[35/113] Building C object esp-idf/hal/CMakeFiles/__idf_hal.dir/esp32s3/efuse_hal.c.obj

[36/113] Building C object esp-idf/hal/CMakeFiles/__idf_hal.dir/mmu_hal.c.obj

[37/113] Building C object esp-idf/hal/CMakeFiles/__idf_hal.dir/cache_hal.c.obj

[38/113] Building C object esp-idf/spi_flash/CMakeFiles/__idf_spi_flash.dir/spi_flash_wrap.c.obj

[39/113] Building C object esp-idf/esp_bootloader_format/CMakeFiles/__idf_esp_bootloader_format.dir/esp_bootloader_desc.c.obj

[40/113] Building C object esp-idf/bootloader_support/CMakeFiles/__idf_bootloader_support.dir/src/bootloader_common.c.obj

[41/113] Building C object esp-idf/bootloader_support/CMakeFiles/__idf_bootloader_support.dir/src/bootloader_common_loader.c.obj

[42/113] Building C object esp-idf/bootloader_support/CMakeFiles/__idf_bootloader_support.dir/src/bootloader_clock_init.c.obj

[43/113] Building C object esp-idf/bootloader_support/CMakeFiles/__idf_bootloader_support.dir/src/bootloader_mem.c.obj

[44/113] Building C object esp-idf/bootloader_support/CMakeFiles/__idf_bootloader_support.dir/src/bootloader_random.c.obj

[45/113] Building C object esp-idf/bootloader_support/CMakeFiles/__idf_bootloader_support.dir/src/bootloader_efuse.c.obj

[46/113] Building C object esp-idf/bootloader_support/CMakeFiles/__idf_bootloader_support.dir/src/flash_encrypt.c.obj

[47/113] Building C object esp-idf/bootloader_support/CMakeFiles/__idf_bootloader_support.dir/src/secure_boot.c.obj

[48/113] Building C object esp-idf/bootloader_support/CMakeFiles/__idf_bootloader_support.dir/src/bootloader_random_esp32s3.c.obj

[49/113] Building C object esp-idf/bootloader_support/CMakeFiles/__idf_bootloader_support.dir/bootloader_flash/src/bootloader_flash.c.obj

[50/113] Building C object esp-idf/bootloader_support/CMakeFiles/__idf_bootloader_support.dir/bootloader_flash/src/flash_qio_mode.c.obj

[51/113] Building C object esp-idf/bootloader_support/CMakeFiles/__idf_bootloader_support.dir/bootloader_flash/src/bootloader_flash_config_esp32s3.c.obj

[52/113] Building C object esp-idf/bootloader_support/CMakeFiles/__idf_bootloader_support.dir/src/bootloader_utility.c.obj

[53/113] Building C object esp-idf/bootloader_support/CMakeFiles/__idf_bootloader_support.dir/src/flash_partitions.c.obj

[54/113] Building C object esp-idf/bootloader_support/CMakeFiles/__idf_bootloader_support.dir/src/esp_image_format.c.obj

[55/113] Building C object esp-idf/bootloader_support/CMakeFiles/__idf_bootloader_support.dir/src/bootloader_init.c.obj

[56/113] Building C object esp-idf/bootloader_support/CMakeFiles/__idf_bootloader_support.dir/src/bootloader_clock_loader.c.obj

[57/113] Building C object esp-idf/bootloader_support/CMakeFiles/__idf_bootloader_support.dir/src/bootloader_console.c.obj

[58/113] Building C object esp-idf/bootloader_support/CMakeFiles/__idf_bootloader_support.dir/src/bootloader_console_loader.c.obj

[59/113] Building C object esp-idf/bootloader_support/CMakeFiles/__idf_bootloader_support.dir/src/esp32s3/bootloader_sha.c.obj

[60/113] Building C object esp-idf/bootloader_support/CMakeFiles/__idf_bootloader_support.dir/src/esp32s3/bootloader_soc.c.obj

[61/113] Building C object esp-idf/bootloader_support/CMakeFiles/__idf_bootloader_support.dir/src/esp32s3/bootloader_esp32s3.c.obj

[62/113] Building C object esp-idf/bootloader_support/CMakeFiles/__idf_bootloader_support.dir/src/bootloader_panic.c.obj

[63/113] Building C object esp-idf/efuse/CMakeFiles/__idf_efuse.dir/esp32s3/esp_efuse_table.c.obj

[64/113] Building C object esp-idf/efuse/CMakeFiles/__idf_efuse.dir/esp32s3/esp_efuse_fields.c.obj

[65/113] Building C object esp-idf/efuse/CMakeFiles/__idf_efuse.dir/esp32s3/esp_efuse_rtc_calib.c.obj

[66/113] Building C object esp-idf/efuse/CMakeFiles/__idf_efuse.dir/esp32s3/esp_efuse_utility.c.obj

[67/113] Building C object esp-idf/efuse/CMakeFiles/__idf_efuse.dir/src/esp_efuse_api.c.obj

[68/113] Building C object esp-idf/efuse/CMakeFiles/__idf_efuse.dir/src/esp_efuse_fields.c.obj

[69/113] Building C object esp-idf/efuse/CMakeFiles/__idf_efuse.dir/src/esp_efuse_utility.c.obj

[70/113] Building C object esp-idf/efuse/CMakeFiles/__idf_efuse.dir/src/efuse_controller/keys/with_key_purposes/esp_efuse_api_key.c.obj

[71/113] Building C object esp-idf/esp_system/CMakeFiles/__idf_esp_system.dir/esp_err.c.obj

[72/113] Building C object esp-idf/esp_hw_support/CMakeFiles/__idf_esp_hw_support.dir/cpu.c.obj

[73/113] Building C object esp-idf/esp_hw_support/CMakeFiles/__idf_esp_hw_support.dir/port/esp32s3/esp_cpu_intr.c.obj

[74/113] Building C object esp-idf/esp_hw_support/CMakeFiles/__idf_esp_hw_support.dir/esp_memory_utils.c.obj

[75/113] Building C object esp-idf/esp_hw_support/CMakeFiles/__idf_esp_hw_support.dir/port/esp32s3/cpu_region_protect.c.obj

[76/113] Building C object esp-idf/esp_hw_support/CMakeFiles/__idf_esp_hw_support.dir/port/esp32s3/rtc_clk.c.obj

[77/113] Building C object esp-idf/esp_hw_support/CMakeFiles/__idf_esp_hw_support.dir/port/esp32s3/rtc_clk_init.c.obj

[78/113] Building C object esp-idf/esp_hw_support/CMakeFiles/__idf_esp_hw_support.dir/port/esp32s3/rtc_init.c.obj

[79/113] Building C object esp-idf/esp_hw_support/CMakeFiles/__idf_esp_hw_support.dir/port/esp32s3/rtc_sleep.c.obj

[80/113] Building C object esp-idf/esp_hw_support/CMakeFiles/__idf_esp_hw_support.dir/port/esp32s3/rtc_time.c.obj

[81/113] Building C object esp-idf/esp_hw_support/CMakeFiles/__idf_esp_hw_support.dir/port/esp32s3/chip_info.c.obj

[82/113] Building C object esp-idf/esp_common/CMakeFiles/__idf_esp_common.dir/src/esp_err_to_name.c.obj

[83/113] Building C object esp-idf/esp_rom/CMakeFiles/__idf_esp_rom.dir/patches/esp_rom_crc.c.obj

[84/113] Building C object esp-idf/esp_rom/CMakeFiles/__idf_esp_rom.dir/patches/esp_rom_sys.c.obj

[85/113] Building C object esp-idf/esp_rom/CMakeFiles/__idf_esp_rom.dir/patches/esp_rom_uart.c.obj

[86/113] Building C object esp-idf/esp_rom/CMakeFiles/__idf_esp_rom.dir/patches/esp_rom_spiflash.c.obj

[87/113] Building C object esp-idf/esp_rom/CMakeFiles/__idf_esp_rom.dir/patches/esp_rom_efuse.c.obj

[88/113] Building ASM object esp-idf/esp_rom/CMakeFiles/__idf_esp_rom.dir/patches/esp_rom_longjmp.S.obj

[89/113] Building C object esp-idf/esp_rom/CMakeFiles/__idf_esp_rom.dir/patches/esp_rom_systimer.c.obj

[90/113] Building C object esp-idf/esp_rom/CMakeFiles/__idf_esp_rom.dir/patches/esp_rom_wdt.c.obj

[91/113] Building C object esp-idf/esp_rom/CMakeFiles/__idf_esp_rom.dir/patches/esp_rom_cache_esp32s2_esp32s3.c.obj

[92/113] Building ASM object esp-idf/esp_rom/CMakeFiles/__idf_esp_rom.dir/patches/esp_rom_cache_writeback_esp32s3.S.obj

[93/113] Building C object esp-idf/log/CMakeFiles/__idf_log.dir/log.c.obj

[94/113] Building C object esp-idf/log/CMakeFiles/__idf_log.dir/log_buffers.c.obj

[95/113] Building C object esp-idf/log/CMakeFiles/__idf_log.dir/log_noos.c.obj

[96/113] Building C object esp-idf/main/CMakeFiles/__idf_main.dir/bootloader_start.c.obj

[97/113] Linking C static library esp-idf\log\liblog.a

[98/113] Linking C static library esp-idf\esp_rom\libesp_rom.a

[99/113] Linking C static library esp-idf\esp_common\libesp_common.a

[100/113] Linking C static library esp-idf\esp_hw_support\libesp_hw_support.a

[101/113] Linking C static library esp-idf\esp_system\libesp_system.a

[102/113] Linking C static library esp-idf\efuse\libefuse.a

[103/113] Linking C static library esp-idf\bootloader_support\libbootloader_support.a

[104/113] Linking C static library esp-idf\esp_bootloader_format\libesp_bootloader_format.a

[105/113] Linking C static library esp-idf\spi_flash\libspi_flash.a

[106/113] Linking C static library esp-idf\hal\libhal.a

[107/113] Linking C static library esp-idf\micro-ecc\libmicro-ecc.a

[108/113] Linking C static library esp-idf\soc\libsoc.a

[109/113] Linking C static library esp-idf\xtensa\libxtensa.a

[110/113] Linking C static library esp-idf\main\libmain.a

[111/113] Linking C executable bootloader.elf

[112/113] Generating binary image from built executable

esptool.py v4.12.0


Creating esp32s3 image...


Merged 2 ELF sections


Successfully created esp32s3 image.


Generated C:/progs/ESPan/build-m81-profile/bootloader/bootloader.bin

[113/113] cmd.exe /C "cd /D C:\progs\ESPan\build-m81-profile\bootloader\esp-idf\esptool_py && C:\Users\devx\.espressif\python_env\idf5.3_py3.14_env\Scripts\python.exe C:/Users/devx/esp/esp-idf/components/partition_table/check_sizes.py --offset 0x8000 bootloader 0x0 C:/progs/ESPan/build-m81-profile/bootloader/bootloader.bin"


Bootloader binary size 0x5260 bytes. 0x2da0 bytes (36%) free.



[785/1135] Linking C static library esp-idf\esp_driver_usb_serial_jtag\libesp_driver_usb_serial_jtag.a

[786/1135] No install step for 'bootloader'

[787/1135] Completed 'bootloader'

[788/1135] Linking C static library esp-idf\esp_driver_ledc\libesp_driver_ledc.a

[789/1135] Linking C static library esp-idf\esp_driver_i2c\libesp_driver_i2c.a

[790/1135] Linking C static library esp-idf\esp_driver_sdm\libesp_driver_sdm.a

[791/1135] Linking C static library esp-idf\esp_driver_tsens\libesp_driver_tsens.a

[792/1135] Linking C static library esp-idf\esp_driver_rmt\libesp_driver_rmt.a

[793/1135] Linking C static library esp-idf\esp_driver_sdspi\libesp_driver_sdspi.a

[794/1135] Linking C static library esp-idf\esp_driver_sdmmc\libesp_driver_sdmmc.a

[795/1135] Linking C static library esp-idf\sdmmc\libsdmmc.a

[796/1135] Linking C static library esp-idf\esp_driver_i2s\libesp_driver_i2s.a

[797/1135] Linking C static library esp-idf\esp_driver_mcpwm\libesp_driver_mcpwm.a

[798/1135] Linking C static library esp-idf\esp_driver_spi\libesp_driver_spi.a

[799/1135] Linking C static library esp-idf\esp_driver_pcnt\libesp_driver_pcnt.a

[800/1135] Linking C static library esp-idf\nvs_flash\libnvs_flash.a

[801/1135] Linking C static library esp-idf\esp_event\libesp_event.a

[802/1135] Linking C static library esp-idf\esp_driver_uart\libesp_driver_uart.a

[803/1135] Linking C static library esp-idf\esp_ringbuf\libesp_ringbuf.a

[804/1135] Linking C static library esp-idf\esp_driver_gptimer\libesp_driver_gptimer.a

[805/1135] Linking C static library esp-idf\esp_timer\libesp_timer.a

[806/1135] Linking C static library esp-idf\cxx\libcxx.a

[807/1135] Linking C static library esp-idf\pthread\libpthread.a

[808/1135] Linking C static library esp-idf\newlib\libnewlib.a

[809/1135] Linking C static library esp-idf\freertos\libfreertos.a

[810/1135] Linking C static library esp-idf\esp_hw_support\libesp_hw_support.a

[811/1135] Linking C static library esp-idf\soc\libsoc.a

[812/1135] Linking C static library esp-idf\heap\libheap.a

[813/1135] Linking C static library esp-idf\log\liblog.a

[814/1135] Linking C static library esp-idf\hal\libhal.a

[815/1135] Linking C static library esp-idf\esp_rom\libesp_rom.a

[816/1135] Linking C static library esp-idf\esp_common\libesp_common.a

[817/1135] Linking C static library esp-idf\esp_system\libesp_system.a

[818/1135] Linking C static library esp-idf\spi_flash\libspi_flash.a

[819/1135] Linking C static library esp-idf\esp_mm\libesp_mm.a

[820/1135] Linking C static library esp-idf\bootloader_support\libbootloader_support.a

[821/1135] Linking C static library esp-idf\efuse\libefuse.a

[822/1135] Linking C static library esp-idf\esp_partition\libesp_partition.a

[823/1135] Linking C static library esp-idf\app_update\libapp_update.a

[824/1135] Linking C static library esp-idf\esp_bootloader_format\libesp_bootloader_format.a

[825/1135] Linking C static library esp-idf\esp_app_format\libesp_app_format.a

[826/1135] Linking CXX static library esp-idf\mbedtls\mbedtls\library\libmbedtls.a

[827/1135] Linking CXX static library esp-idf\mbedtls\mbedtls\library\libmbedx509.a

[828/1135] Linking CXX static library esp-idf\mbedtls\mbedtls\library\libmbedcrypto.a

[829/1135] Linking CXX static library esp-idf\mbedtls\mbedtls\3rdparty\p256-m\libp256m.a

[830/1135] Linking CXX static library esp-idf\mbedtls\mbedtls\3rdparty\everest\libeverest.a

[831/1135] Generating x509_crt_bundle

[832/1135] Generating ../../x509_crt_bundle.S

[833/1135] Building C object esp-idf/xtensa/CMakeFiles/__idf_xtensa.dir/eri.c.obj

[834/1135] Building C object esp-idf/xtensa/CMakeFiles/__idf_xtensa.dir/xt_trax.c.obj

[835/1135] Building ASM object esp-idf/xtensa/CMakeFiles/__idf_xtensa.dir/xtensa_context.S.obj

[836/1135] Building ASM object esp-idf/xtensa/CMakeFiles/__idf_xtensa.dir/xtensa_intr_asm.S.obj

[837/1135] Building C object esp-idf/xtensa/CMakeFiles/__idf_xtensa.dir/xtensa_intr.c.obj

[838/1135] Building ASM object esp-idf/xtensa/CMakeFiles/__idf_xtensa.dir/xtensa_vectors.S.obj

[839/1135] Building C object esp-idf/esp_driver_gpio/CMakeFiles/__idf_esp_driver_gpio.dir/src/gpio.c.obj

[840/1135] Building C object esp-idf/esp_driver_gpio/CMakeFiles/__idf_esp_driver_gpio.dir/src/gpio_glitch_filter_ops.c.obj

[841/1135] Building C object esp-idf/esp_driver_gpio/CMakeFiles/__idf_esp_driver_gpio.dir/src/rtc_io.c.obj

[842/1135] Building C object esp-idf/esp_driver_gpio/CMakeFiles/__idf_esp_driver_gpio.dir/src/dedic_gpio.c.obj

[843/1135] Building C object esp-idf/esp_driver_gpio/CMakeFiles/__idf_esp_driver_gpio.dir/src/gpio_pin_glitch_filter.c.obj

[844/1135] Building C object esp-idf/esp_pm/CMakeFiles/__idf_esp_pm.dir/pm_locks.c.obj

[845/1135] Building C object esp-idf/esp_pm/CMakeFiles/__idf_esp_pm.dir/pm_trace.c.obj

[846/1135] Building C object esp-idf/esp_pm/CMakeFiles/__idf_esp_pm.dir/pm_impl.c.obj

[847/1135] Building C object esp-idf/mbedtls/CMakeFiles/__idf_mbedtls.dir/esp_crt_bundle/esp_crt_bundle.c.obj

[848/1135] Building ASM object esp-idf/mbedtls/CMakeFiles/__idf_mbedtls.dir/__/__/x509_crt_bundle.S.obj

[849/1135] Building C object esp-idf/app_trace/CMakeFiles/__idf_app_trace.dir/app_trace.c.obj

[850/1135] Building C object esp-idf/app_trace/CMakeFiles/__idf_app_trace.dir/app_trace_util.c.obj

[851/1135] Building C object esp-idf/app_trace/CMakeFiles/__idf_app_trace.dir/host_file_io.c.obj

[852/1135] Building C object esp-idf/app_trace/CMakeFiles/__idf_app_trace.dir/port/port_uart.c.obj

[853/1135] Building C object esp-idf/bt/CMakeFiles/__idf_bt.dir/controller/esp32c3/bt.c.obj

[854/1135] Building C object esp-idf/bt/CMakeFiles/__idf_bt.dir/common/btc/core/btc_alarm.c.obj

[855/1135] Building C object esp-idf/bt/CMakeFiles/__idf_bt.dir/common/api/esp_blufi_api.c.obj

[856/1135] Building C object esp-idf/bt/CMakeFiles/__idf_bt.dir/common/hci_log/bt_hci_log.c.obj

[857/1135] Building C object esp-idf/bt/CMakeFiles/__idf_bt.dir/common/btc/core/btc_manage.c.obj

[858/1135] Building C object esp-idf/bt/CMakeFiles/__idf_bt.dir/common/btc/core/btc_task.c.obj

[859/1135] Building C object esp-idf/bt/CMakeFiles/__idf_bt.dir/common/btc/profile/esp/blufi/blufi_prf.c.obj

[860/1135] Building C object esp-idf/bt/CMakeFiles/__idf_bt.dir/common/btc/profile/esp/blufi/blufi_protocol.c.obj

[861/1135] Building C object esp-idf/bt/CMakeFiles/__idf_bt.dir/common/osi/alarm.c.obj

[862/1135] Building C object esp-idf/bt/CMakeFiles/__idf_bt.dir/common/osi/allocator.c.obj

[863/1135] Building C object esp-idf/bt/CMakeFiles/__idf_bt.dir/common/osi/buffer.c.obj

[864/1135] Building C object esp-idf/bt/CMakeFiles/__idf_bt.dir/common/osi/config.c.obj

[865/1135] Building C object esp-idf/bt/CMakeFiles/__idf_bt.dir/common/osi/fixed_queue.c.obj

[866/1135] Linking C static library esp-idf\mbedtls\libmbedtls.a

[867/1135] Building C object esp-idf/bt/CMakeFiles/__idf_bt.dir/common/osi/pkt_queue.c.obj

[868/1135] Building C object esp-idf/bt/CMakeFiles/__idf_bt.dir/common/osi/fixed_pkt_queue.c.obj

[869/1135] Building C object esp-idf/bt/CMakeFiles/__idf_bt.dir/common/osi/future.c.obj

[870/1135] Building C object esp-idf/bt/CMakeFiles/__idf_bt.dir/common/osi/hash_functions.c.obj

[871/1135] Building C object esp-idf/bt/CMakeFiles/__idf_bt.dir/common/osi/hash_map.c.obj

[872/1135] Building C object esp-idf/bt/CMakeFiles/__idf_bt.dir/common/osi/list.c.obj

[873/1135] Building C object esp-idf/bt/CMakeFiles/__idf_bt.dir/common/osi/mutex.c.obj

[874/1135] Building C object esp-idf/bt/CMakeFiles/__idf_bt.dir/common/osi/thread.c.obj

[875/1135] Building C object esp-idf/bt/CMakeFiles/__idf_bt.dir/common/osi/osi.c.obj

[876/1135] Building C object esp-idf/bt/CMakeFiles/__idf_bt.dir/common/osi/semaphore.c.obj

[877/1135] Building C object esp-idf/bt/CMakeFiles/__idf_bt.dir/porting/mem/bt_osi_mem.c.obj

[878/1135] Building C object esp-idf/bt/CMakeFiles/__idf_bt.dir/host/nimble/nimble/nimble/transport/src/transport.c.obj

[879/1135] Building C object esp-idf/bt/CMakeFiles/__idf_bt.dir/host/nimble/nimble/nimble/host/util/src/addr.c.obj

[880/1135] Building C object esp-idf/bt/CMakeFiles/__idf_bt.dir/host/nimble/nimble/nimble/host/services/gatt/src/ble_svc_gatt.c.obj

[881/1135] Building C object esp-idf/bt/CMakeFiles/__idf_bt.dir/host/nimble/nimble/nimble/host/services/tps/src/ble_svc_tps.c.obj

[882/1135] Building C object esp-idf/bt/CMakeFiles/__idf_bt.dir/host/nimble/nimble/nimble/host/services/ias/src/ble_svc_ias.c.obj

[883/1135] Building C object esp-idf/bt/CMakeFiles/__idf_bt.dir/host/nimble/nimble/nimble/host/services/ipss/src/ble_svc_ipss.c.obj

[884/1135] Linking C static library esp-idf\esp_pm\libesp_pm.a

[885/1135] Building C object esp-idf/bt/CMakeFiles/__idf_bt.dir/host/nimble/nimble/nimble/host/services/ans/src/ble_svc_ans.c.obj

[886/1135] Building C object esp-idf/bt/CMakeFiles/__idf_bt.dir/host/nimble/nimble/nimble/host/services/hr/src/ble_svc_hr.c.obj

[887/1135] Building C object esp-idf/bt/CMakeFiles/__idf_bt.dir/host/nimble/nimble/nimble/host/services/htp/src/ble_svc_htp.c.obj

[888/1135] Building C object esp-idf/bt/CMakeFiles/__idf_bt.dir/host/nimble/nimble/nimble/host/services/gap/src/ble_svc_gap.c.obj

[889/1135] Building C object esp-idf/bt/CMakeFiles/__idf_bt.dir/host/nimble/nimble/nimble/host/services/bas/src/ble_svc_bas.c.obj

[890/1135] Building C object esp-idf/bt/CMakeFiles/__idf_bt.dir/host/nimble/nimble/nimble/host/services/dis/src/ble_svc_dis.c.obj

[891/1135] Building C object esp-idf/bt/CMakeFiles/__idf_bt.dir/host/nimble/nimble/nimble/host/services/lls/src/ble_svc_lls.c.obj

[892/1135] Building C object esp-idf/bt/CMakeFiles/__idf_bt.dir/host/nimble/nimble/nimble/host/services/prox/src/ble_svc_prox.c.obj

[893/1135] Building C object esp-idf/bt/CMakeFiles/__idf_bt.dir/host/nimble/nimble/nimble/host/services/cts/src/ble_svc_cts.c.obj

[894/1135] Building C object esp-idf/bt/CMakeFiles/__idf_bt.dir/host/nimble/nimble/nimble/host/services/hid/src/ble_svc_hid.c.obj

[895/1135] Building C object esp-idf/bt/CMakeFiles/__idf_bt.dir/host/nimble/nimble/nimble/host/services/sps/src/ble_svc_sps.c.obj

[896/1135] Building C object esp-idf/bt/CMakeFiles/__idf_bt.dir/host/nimble/nimble/nimble/host/src/ble_hs_conn.c.obj

[897/1135] Building C object esp-idf/bt/CMakeFiles/__idf_bt.dir/host/nimble/nimble/nimble/host/src/ble_store_util.c.obj

[898/1135] Building C object esp-idf/bt/CMakeFiles/__idf_bt.dir/host/nimble/nimble/nimble/host/src/ble_sm.c.obj

[899/1135] Building C object esp-idf/bt/CMakeFiles/__idf_bt.dir/host/nimble/nimble/nimble/host/src/ble_hs_shutdown.c.obj

[900/1135] Building C object esp-idf/bt/CMakeFiles/__idf_bt.dir/host/nimble/nimble/nimble/host/src/ble_l2cap_sig_cmd.c.obj

[901/1135] Building C object esp-idf/bt/CMakeFiles/__idf_bt.dir/host/nimble/nimble/nimble/host/src/ble_hs_hci_cmd.c.obj

[902/1135] Linking C static library esp-idf\esp_driver_gpio\libesp_driver_gpio.a

[903/1135] Building C object esp-idf/bt/CMakeFiles/__idf_bt.dir/host/nimble/nimble/nimble/host/src/ble_hs_id.c.obj

[904/1135] Building C object esp-idf/bt/CMakeFiles/__idf_bt.dir/host/nimble/nimble/nimble/host/src/ble_att_svr.c.obj

[905/1135] Building C object esp-idf/bt/CMakeFiles/__idf_bt.dir/host/nimble/nimble/nimble/host/src/ble_gatts_lcl.c.obj

[906/1135] Building C object esp-idf/bt/CMakeFiles/__idf_bt.dir/host/nimble/nimble/nimble/host/src/ble_ibeacon.c.obj

[907/1135] Building C object esp-idf/bt/CMakeFiles/__idf_bt.dir/host/nimble/nimble/nimble/host/src/ble_hs_atomic.c.obj

[908/1135] Building C object esp-idf/bt/CMakeFiles/__idf_bt.dir/host/nimble/nimble/nimble/host/src/ble_sm_alg.c.obj

[909/1135] Building C object esp-idf/bt/CMakeFiles/__idf_bt.dir/host/nimble/nimble/nimble/host/src/ble_hs_stop.c.obj

[910/1135] Building C object esp-idf/bt/CMakeFiles/__idf_bt.dir/host/nimble/nimble/nimble/host/src/ble_hs.c.obj

[911/1135] Building C object esp-idf/bt/CMakeFiles/__idf_bt.dir/host/nimble/nimble/nimble/host/src/ble_hs_hci_evt.c.obj

[912/1135] Building C object esp-idf/bt/CMakeFiles/__idf_bt.dir/host/nimble/nimble/nimble/host/src/ble_hs_mqueue.c.obj

[913/1135] Building C object esp-idf/bt/CMakeFiles/__idf_bt.dir/host/nimble/nimble/nimble/host/src/ble_hs_periodic_sync.c.obj

[914/1135] Building C object esp-idf/bt/CMakeFiles/__idf_bt.dir/host/nimble/nimble/nimble/host/src/ble_att.c.obj

[915/1135] Building C object esp-idf/bt/CMakeFiles/__idf_bt.dir/host/nimble/nimble/nimble/host/src/ble_ead.c.obj

[916/1135] Building C object esp-idf/bt/CMakeFiles/__idf_bt.dir/host/nimble/nimble/nimble/host/src/ble_aes_ccm.c.obj

[917/1135] Building C object esp-idf/bt/CMakeFiles/__idf_bt.dir/host/nimble/nimble/nimble/host/src/ble_gattc.c.obj

[918/1135] Building C object esp-idf/bt/CMakeFiles/__idf_bt.dir/host/nimble/nimble/nimble/host/src/ble_store.c.obj

[919/1135] Building C object esp-idf/bt/CMakeFiles/__idf_bt.dir/host/nimble/nimble/nimble/host/src/ble_sm_lgcy.c.obj

[920/1135] Linking C static library esp-idf\xtensa\libxtensa.a

[921/1135] Building C object esp-idf/bt/CMakeFiles/__idf_bt.dir/host/nimble/nimble/nimble/host/src/ble_hs_cfg.c.obj

[922/1135] Building C object esp-idf/bt/CMakeFiles/__idf_bt.dir/host/nimble/nimble/nimble/host/src/ble_att_clt.c.obj

[923/1135] Building C object esp-idf/bt/CMakeFiles/__idf_bt.dir/host/nimble/nimble/nimble/host/src/ble_l2cap_coc.c.obj

[924/1135] Building C object esp-idf/bt/CMakeFiles/__idf_bt.dir/host/nimble/nimble/nimble/host/src/ble_hs_mbuf.c.obj

[925/1135] Building C object esp-idf/bt/CMakeFiles/__idf_bt.dir/host/nimble/nimble/nimble/host/src/ble_att_cmd.c.obj

[926/1135] Building C object esp-idf/bt/CMakeFiles/__idf_bt.dir/host/nimble/nimble/nimble/host/src/ble_hs_log.c.obj

[927/1135] Building C object esp-idf/bt/CMakeFiles/__idf_bt.dir/host/nimble/nimble/nimble/host/src/ble_eddystone.c.obj

[928/1135] Building C object esp-idf/bt/CMakeFiles/__idf_bt.dir/host/nimble/nimble/nimble/host/src/ble_hs_startup.c.obj

[929/1135] Building C object esp-idf/bt/CMakeFiles/__idf_bt.dir/host/nimble/nimble/nimble/host/src/ble_l2cap_sig.c.obj

[930/1135] Building C object esp-idf/bt/CMakeFiles/__idf_bt.dir/host/nimble/nimble/nimble/host/src/ble_gap.c.obj

[931/1135] Building C object esp-idf/bt/CMakeFiles/__idf_bt.dir/host/nimble/nimble/nimble/host/src/ble_sm_cmd.c.obj

[932/1135] Building C object esp-idf/bt/CMakeFiles/__idf_bt.dir/host/nimble/nimble/nimble/host/src/ble_uuid.c.obj

[933/1135] Building C object esp-idf/bt/CMakeFiles/__idf_bt.dir/host/nimble/nimble/nimble/host/src/ble_hs_pvcy.c.obj

[934/1135] Building C object esp-idf/bt/CMakeFiles/__idf_bt.dir/host/nimble/nimble/nimble/host/src/ble_hs_flow.c.obj

[935/1135] Building C object esp-idf/bt/CMakeFiles/__idf_bt.dir/host/nimble/nimble/nimble/host/src/ble_l2cap.c.obj

[936/1135] Building C object esp-idf/bt/CMakeFiles/__idf_bt.dir/host/nimble/nimble/nimble/host/src/ble_sm_sc.c.obj

[937/1135] Building C object esp-idf/bt/CMakeFiles/__idf_bt.dir/host/nimble/nimble/nimble/host/src/ble_hs_misc.c.obj

[938/1135] Linking C static library esp-idf\app_trace\libapp_trace.a

[939/1135] Building C object esp-idf/bt/CMakeFiles/__idf_bt.dir/host/nimble/nimble/nimble/host/src/ble_gatts.c.obj

[940/1135] Building C object esp-idf/bt/CMakeFiles/__idf_bt.dir/host/nimble/nimble/nimble/host/src/ble_hs_adv.c.obj

[941/1135] Building C object esp-idf/bt/CMakeFiles/__idf_bt.dir/host/nimble/nimble/nimble/host/src/ble_hs_hci.c.obj

[942/1135] Building C object esp-idf/bt/CMakeFiles/__idf_bt.dir/host/nimble/nimble/nimble/host/src/ble_hs_hci_util.c.obj

[943/1135] Building C object esp-idf/bt/CMakeFiles/__idf_bt.dir/host/nimble/nimble/nimble/host/src/ble_hs_resolv.c.obj

[944/1135] Building C object esp-idf/bt/CMakeFiles/__idf_bt.dir/host/nimble/nimble/nimble/host/store/ram/src/ble_store_ram.c.obj

[945/1135] Building C object esp-idf/bt/CMakeFiles/__idf_bt.dir/host/nimble/nimble/nimble/host/store/config/src/ble_store_config.c.obj

[946/1135] Building C object esp-idf/bt/CMakeFiles/__idf_bt.dir/host/nimble/nimble/nimble/host/store/config/src/ble_store_nvs.c.obj

[947/1135] Building C object esp-idf/bt/CMakeFiles/__idf_bt.dir/host/nimble/nimble/nimble/host/src/ble_gattc_cache.c.obj

[948/1135] Building C object esp-idf/bt/CMakeFiles/__idf_bt.dir/host/nimble/nimble/nimble/host/src/ble_gattc_cache_conn.c.obj

[949/1135] Building C object esp-idf/bt/CMakeFiles/__idf_bt.dir/host/nimble/nimble/porting/nimble/src/nimble_port.c.obj

[950/1135] Building C object esp-idf/bt/CMakeFiles/__idf_bt.dir/host/nimble/nimble/porting/npl/freertos/src/nimble_port_freertos.c.obj

[951/1135] Building C object esp-idf/bt/CMakeFiles/__idf_bt.dir/host/nimble/port/src/nvs_port.c.obj

[952/1135] Building C object esp-idf/bt/CMakeFiles/__idf_bt.dir/host/nimble/nimble/porting/nimble/src/endian.c.obj

[953/1135] Building C object esp-idf/bt/CMakeFiles/__idf_bt.dir/host/nimble/nimble/porting/nimble/src/os_mempool.c.obj

[954/1135] Building C object esp-idf/bt/CMakeFiles/__idf_bt.dir/host/nimble/nimble/porting/nimble/src/mem.c.obj

[955/1135] Building C object esp-idf/bt/CMakeFiles/__idf_bt.dir/host/nimble/nimble/porting/nimble/src/os_mbuf.c.obj

[956/1135] Building C object esp-idf/bt/CMakeFiles/__idf_bt.dir/host/nimble/nimble/porting/nimble/src/os_msys_init.c.obj

[957/1135] Building C object esp-idf/bt/CMakeFiles/__idf_bt.dir/host/nimble/nimble/porting/npl/freertos/src/npl_os_freertos.c.obj

[958/1135] Building C object esp-idf/bt/CMakeFiles/__idf_bt.dir/host/nimble/esp-hci/src/esp_nimble_hci.c.obj

[959/1135] Building C object esp-idf/bt/CMakeFiles/__idf_bt.dir/common/btc/profile/esp/blufi/nimble_host/esp_blufi.c.obj

[960/1135] Building C object esp-idf/unity/CMakeFiles/__idf_unity.dir/unity/src/unity.c.obj

[961/1135] Building C object esp-idf/unity/CMakeFiles/__idf_unity.dir/unity_compat.c.obj

[962/1135] Building C object esp-idf/unity/CMakeFiles/__idf_unity.dir/unity_runner.c.obj

[963/1135] Building C object esp-idf/unity/CMakeFiles/__idf_unity.dir/unity_utils_freertos.c.obj

[964/1135] Building C object esp-idf/unity/CMakeFiles/__idf_unity.dir/unity_utils_cache.c.obj

[965/1135] Building C object esp-idf/unity/CMakeFiles/__idf_unity.dir/unity_utils_memory.c.obj

[966/1135] Building C object esp-idf/unity/CMakeFiles/__idf_unity.dir/unity_port_esp32.c.obj

[967/1135] Building C object esp-idf/unity/CMakeFiles/__idf_unity.dir/port/esp/unity_utils_memory_esp.c.obj

[968/1135] Building C object esp-idf/cmock/CMakeFiles/__idf_cmock.dir/CMock/src/cmock.c.obj

[969/1135] Building C object esp-idf/console/CMakeFiles/__idf_console.dir/commands.c.obj

[970/1135] Building C object esp-idf/console/CMakeFiles/__idf_console.dir/esp_console_common.c.obj

[971/1135] Building C object esp-idf/console/CMakeFiles/__idf_console.dir/split_argv.c.obj

[972/1135] Building C object esp-idf/console/CMakeFiles/__idf_console.dir/linenoise/linenoise.c.obj

[973/1135] Building C object esp-idf/console/CMakeFiles/__idf_console.dir/esp_console_repl_chip.c.obj

[974/1135] Building C object esp-idf/console/CMakeFiles/__idf_console.dir/argtable3/arg_cmd.c.obj

[975/1135] Building C object esp-idf/console/CMakeFiles/__idf_console.dir/argtable3/arg_date.c.obj

[976/1135] Building C object esp-idf/console/CMakeFiles/__idf_console.dir/argtable3/arg_dbl.c.obj

[977/1135] Linking C static library esp-idf\bt\libbt.a

[978/1135] Building C object esp-idf/console/CMakeFiles/__idf_console.dir/argtable3/arg_dstr.c.obj

[979/1135] Building C object esp-idf/console/CMakeFiles/__idf_console.dir/argtable3/arg_end.c.obj

[980/1135] Building C object esp-idf/console/CMakeFiles/__idf_console.dir/argtable3/arg_file.c.obj

[981/1135] Building C object esp-idf/console/CMakeFiles/__idf_console.dir/argtable3/arg_hashtable.c.obj

[982/1135] Building C object esp-idf/console/CMakeFiles/__idf_console.dir/argtable3/arg_int.c.obj

[983/1135] Building C object esp-idf/console/CMakeFiles/__idf_console.dir/argtable3/arg_lit.c.obj

[984/1135] Building C object esp-idf/console/CMakeFiles/__idf_console.dir/argtable3/arg_rem.c.obj

[985/1135] Linking C static library esp-idf\unity\libunity.a

[986/1135] Building C object esp-idf/console/CMakeFiles/__idf_console.dir/argtable3/arg_rex.c.obj

[987/1135] Building C object esp-idf/console/CMakeFiles/__idf_console.dir/argtable3/arg_str.c.obj

[988/1135] Building C object esp-idf/console/CMakeFiles/__idf_console.dir/argtable3/arg_utils.c.obj

[989/1135] Building C object esp-idf/console/CMakeFiles/__idf_console.dir/argtable3/argtable3.c.obj

[990/1135] Building C object esp-idf/esp_driver_cam/CMakeFiles/__idf_esp_driver_cam.dir/esp_cam_ctlr.c.obj

[991/1135] Building C object esp-idf/esp_driver_cam/CMakeFiles/__idf_esp_driver_cam.dir/dvp_share_ctrl.c.obj

[992/1135] Building C object esp-idf/esp_hid/CMakeFiles/__idf_esp_hid.dir/src/esp_hidd.c.obj

[993/1135] Building C object esp-idf/esp_hid/CMakeFiles/__idf_esp_hid.dir/src/esp_hidh.c.obj

[994/1135] Building C object esp-idf/esp_hid/CMakeFiles/__idf_esp_hid.dir/src/esp_hid_common.c.obj

[995/1135] Building C object esp-idf/esp_hid/CMakeFiles/__idf_esp_hid.dir/src/nimble_hidd.c.obj

[996/1135] Building C object esp-idf/esp_hid/CMakeFiles/__idf_esp_hid.dir/src/nimble_hidh.c.obj

[997/1135] Building C object esp-idf/esp_https_server/CMakeFiles/__idf_esp_https_server.dir/src/https_server.c.obj

[998/1135] Building C object esp-idf/esp_lcd/CMakeFiles/__idf_esp_lcd.dir/src/esp_lcd_common.c.obj

[999/1135] Building C object esp-idf/esp_lcd/CMakeFiles/__idf_esp_lcd.dir/src/esp_lcd_panel_io.c.obj

[1000/1135] Building C object esp-idf/esp_lcd/CMakeFiles/__idf_esp_lcd.dir/src/esp_lcd_panel_nt35510.c.obj

[1001/1135] Building C object esp-idf/esp_lcd/CMakeFiles/__idf_esp_lcd.dir/src/esp_lcd_panel_ssd1306.c.obj

[1002/1135] Building C object esp-idf/esp_lcd/CMakeFiles/__idf_esp_lcd.dir/src/esp_lcd_panel_st7789.c.obj

[1003/1135] Linking C static library esp-idf\cmock\libcmock.a

[1004/1135] Building C object esp-idf/esp_lcd/CMakeFiles/__idf_esp_lcd.dir/src/esp_lcd_panel_ops.c.obj

[1005/1135] Building C object esp-idf/esp_lcd/CMakeFiles/__idf_esp_lcd.dir/i2c/esp_lcd_panel_io_i2c_v1.c.obj

[1006/1135] Building C object esp-idf/esp_lcd/CMakeFiles/__idf_esp_lcd.dir/i2c/esp_lcd_panel_io_i2c_v2.c.obj

[1007/1135] Linking C static library esp-idf\console\libconsole.a

[1008/1135] Building C object esp-idf/esp_lcd/CMakeFiles/__idf_esp_lcd.dir/spi/esp_lcd_panel_io_spi.c.obj

[1009/1135] Linking C static library esp-idf\esp_driver_cam\libesp_driver_cam.a

[1010/1135] Building C object esp-idf/esp_lcd/CMakeFiles/__idf_esp_lcd.dir/i80/esp_lcd_panel_io_i80.c.obj

[1011/1135] Building C object esp-idf/esp_lcd/CMakeFiles/__idf_esp_lcd.dir/rgb/esp_lcd_panel_rgb.c.obj

[1012/1135] Building C object esp-idf/protobuf-c/CMakeFiles/__idf_protobuf-c.dir/protobuf-c/protobuf-c/protobuf-c.c.obj

[1013/1135] Building C object esp-idf/protocomm/CMakeFiles/__idf_protocomm.dir/src/common/protocomm.c.obj

[1014/1135] Linking C static library esp-idf\esp_hid\libesp_hid.a

[1015/1135] Linking C static library esp-idf\esp_https_server\libesp_https_server.a

[1016/1135] Building C object esp-idf/protocomm/CMakeFiles/__idf_protocomm.dir/proto-c/constants.pb-c.c.obj

[1017/1135] Building C object esp-idf/protocomm/CMakeFiles/__idf_protocomm.dir/proto-c/sec0.pb-c.c.obj

[1018/1135] Building C object esp-idf/protocomm/CMakeFiles/__idf_protocomm.dir/proto-c/sec1.pb-c.c.obj

[1019/1135] Building C object esp-idf/protocomm/CMakeFiles/__idf_protocomm.dir/proto-c/sec2.pb-c.c.obj

[1020/1135] Building C object esp-idf/protocomm/CMakeFiles/__idf_protocomm.dir/proto-c/session.pb-c.c.obj

[1021/1135] Building C object esp-idf/protocomm/CMakeFiles/__idf_protocomm.dir/src/transports/protocomm_console.c.obj

[1022/1135] Building C object esp-idf/protocomm/CMakeFiles/__idf_protocomm.dir/src/transports/protocomm_httpd.c.obj

[1023/1135] Building C object esp-idf/protocomm/CMakeFiles/__idf_protocomm.dir/src/security/security0.c.obj

[1024/1135] Building C object esp-idf/protocomm/CMakeFiles/__idf_protocomm.dir/src/security/security1.c.obj

[1025/1135] Building C object esp-idf/protocomm/CMakeFiles/__idf_protocomm.dir/src/security/security2.c.obj

[1026/1135] Building C object esp-idf/protocomm/CMakeFiles/__idf_protocomm.dir/src/crypto/srp6a/esp_srp.c.obj

[1027/1135] Building C object esp-idf/protocomm/CMakeFiles/__idf_protocomm.dir/src/crypto/srp6a/esp_srp_mpi.c.obj

[1028/1135] Building C object esp-idf/protocomm/CMakeFiles/__idf_protocomm.dir/src/transports/protocomm_nimble.c.obj

[1029/1135] Linking C static library esp-idf\esp_lcd\libesp_lcd.a

[1030/1135] Linking C static library esp-idf\protobuf-c\libprotobuf-c.a

[1031/1135] Building C object esp-idf/esp_local_ctrl/CMakeFiles/__idf_esp_local_ctrl.dir/src/esp_local_ctrl.c.obj

[1032/1135] Building C object esp-idf/esp_local_ctrl/CMakeFiles/__idf_esp_local_ctrl.dir/src/esp_local_ctrl_handler.c.obj

[1033/1135] Building C object esp-idf/esp_local_ctrl/CMakeFiles/__idf_esp_local_ctrl.dir/proto-c/esp_local_ctrl.pb-c.c.obj

[1034/1135] Building C object esp-idf/esp_local_ctrl/CMakeFiles/__idf_esp_local_ctrl.dir/src/esp_local_ctrl_transport_ble.c.obj

[1035/1135] Building C object esp-idf/esp_local_ctrl/CMakeFiles/__idf_esp_local_ctrl.dir/src/esp_local_ctrl_transport_httpd.c.obj

[1036/1135] Building C object esp-idf/espcoredump/CMakeFiles/__idf_espcoredump.dir/src/core_dump_init.c.obj

[1037/1135] Building C object esp-idf/espcoredump/CMakeFiles/__idf_espcoredump.dir/src/core_dump_common.c.obj

[1038/1135] Building C object esp-idf/espcoredump/CMakeFiles/__idf_espcoredump.dir/src/core_dump_flash.c.obj

[1039/1135] Building C object esp-idf/espcoredump/CMakeFiles/__idf_espcoredump.dir/src/core_dump_uart.c.obj

[1040/1135] Building C object esp-idf/espcoredump/CMakeFiles/__idf_espcoredump.dir/src/core_dump_elf.c.obj

[1041/1135] Building C object esp-idf/espcoredump/CMakeFiles/__idf_espcoredump.dir/src/core_dump_binary.c.obj

[1042/1135] Building C object esp-idf/espcoredump/CMakeFiles/__idf_espcoredump.dir/src/core_dump_sha.c.obj

[1043/1135] Building C object esp-idf/espcoredump/CMakeFiles/__idf_espcoredump.dir/src/core_dump_crc.c.obj

[1044/1135] Building C object esp-idf/espcoredump/CMakeFiles/__idf_espcoredump.dir/src/port/xtensa/core_dump_port.c.obj

[1045/1135] Building CXX object esp-idf/wear_levelling/CMakeFiles/__idf_wear_levelling.dir/Partition.cpp.obj

[1046/1135] Building CXX object esp-idf/wear_levelling/CMakeFiles/__idf_wear_levelling.dir/SPI_Flash.cpp.obj

[1047/1135] Building CXX object esp-idf/wear_levelling/CMakeFiles/__idf_wear_levelling.dir/WL_Ext_Perf.cpp.obj

[1048/1135] Linking C static library esp-idf\protocomm\libprotocomm.a

[1049/1135] Building CXX object esp-idf/wear_levelling/CMakeFiles/__idf_wear_levelling.dir/WL_Ext_Safe.cpp.obj

[1050/1135] Building CXX object esp-idf/wear_levelling/CMakeFiles/__idf_wear_levelling.dir/WL_Flash.cpp.obj

[1051/1135] Building CXX object esp-idf/wear_levelling/CMakeFiles/__idf_wear_levelling.dir/crc32.cpp.obj

[1052/1135] Building CXX object esp-idf/wear_levelling/CMakeFiles/__idf_wear_levelling.dir/wear_levelling.cpp.obj

[1053/1135] Building C object esp-idf/fatfs/CMakeFiles/__idf_fatfs.dir/diskio/diskio.c.obj

[1054/1135] Building C object esp-idf/fatfs/CMakeFiles/__idf_fatfs.dir/diskio/diskio_rawflash.c.obj

[1055/1135] Building C object esp-idf/fatfs/CMakeFiles/__idf_fatfs.dir/diskio/diskio_wl.c.obj

[1056/1135] Building C object esp-idf/fatfs/CMakeFiles/__idf_fatfs.dir/src/ff.c.obj

[1057/1135] Building C object esp-idf/fatfs/CMakeFiles/__idf_fatfs.dir/src/ffunicode.c.obj

[1058/1135] Building C object esp-idf/fatfs/CMakeFiles/__idf_fatfs.dir/port/freertos/ffsystem.c.obj

[1059/1135] Building C object esp-idf/fatfs/CMakeFiles/__idf_fatfs.dir/diskio/diskio_sdmmc.c.obj

[1060/1135] Building C object esp-idf/fatfs/CMakeFiles/__idf_fatfs.dir/vfs/vfs_fat.c.obj

[1061/1135] Building C object esp-idf/fatfs/CMakeFiles/__idf_fatfs.dir/vfs/vfs_fat_sdmmc.c.obj

[1062/1135] Linking C static library esp-idf\espcoredump\libespcoredump.a

[1063/1135] Building C object esp-idf/fatfs/CMakeFiles/__idf_fatfs.dir/vfs/vfs_fat_spiflash.c.obj

[1064/1135] Building C object esp-idf/json/CMakeFiles/__idf_json.dir/cJSON/cJSON.c.obj

[1065/1135] Building C object esp-idf/json/CMakeFiles/__idf_json.dir/cJSON/cJSON_Utils.c.obj

[1066/1135] Linking C static library esp-idf\esp_local_ctrl\libesp_local_ctrl.a

[1067/1135] Building C object esp-idf/mqtt/CMakeFiles/__idf_mqtt.dir/esp-mqtt/mqtt_client.c.obj

[1068/1135] Building C object esp-idf/mqtt/CMakeFiles/__idf_mqtt.dir/esp-mqtt/lib/mqtt_msg.c.obj

[1069/1135] Building C object esp-idf/mqtt/CMakeFiles/__idf_mqtt.dir/esp-mqtt/lib/mqtt_outbox.c.obj

[1070/1135] Linking C static library esp-idf\wear_levelling\libwear_levelling.a

[1071/1135] Building C object esp-idf/mqtt/CMakeFiles/__idf_mqtt.dir/esp-mqtt/lib/platform_esp32_idf.c.obj

[1072/1135] Building C object esp-idf/nvs_sec_provider/CMakeFiles/__idf_nvs_sec_provider.dir/nvs_sec_provider.c.obj

[1073/1135] Building C object esp-idf/perfmon/CMakeFiles/__idf_perfmon.dir/xtensa_perfmon_access.c.obj

[1074/1135] Building C object esp-idf/perfmon/CMakeFiles/__idf_perfmon.dir/xtensa_perfmon_apis.c.obj

[1075/1135] Building C object esp-idf/perfmon/CMakeFiles/__idf_perfmon.dir/xtensa_perfmon_masks.c.obj

[1076/1135] Building C object esp-idf/spiffs/CMakeFiles/__idf_spiffs.dir/spiffs_api.c.obj

[1077/1135] Building C object esp-idf/spiffs/CMakeFiles/__idf_spiffs.dir/spiffs/src/spiffs_cache.c.obj

[1078/1135] Building C object esp-idf/spiffs/CMakeFiles/__idf_spiffs.dir/spiffs/src/spiffs_check.c.obj

[1079/1135] Building C object esp-idf/spiffs/CMakeFiles/__idf_spiffs.dir/spiffs/src/spiffs_gc.c.obj

[1080/1135] Building C object esp-idf/spiffs/CMakeFiles/__idf_spiffs.dir/spiffs/src/spiffs_hydrogen.c.obj

[1081/1135] Building C object esp-idf/spiffs/CMakeFiles/__idf_spiffs.dir/spiffs/src/spiffs_nucleus.c.obj

[1082/1135] Building C object esp-idf/spiffs/CMakeFiles/__idf_spiffs.dir/esp_spiffs.c.obj

[1083/1135] Linking C static library esp-idf\json\libjson.a

[1084/1135] Building C object esp-idf/touch_element/CMakeFiles/__idf_touch_element.dir/touch_element.c.obj

[1085/1135] Building C object esp-idf/touch_element/CMakeFiles/__idf_touch_element.dir/touch_button.c.obj

[1086/1135] Building C object esp-idf/touch_element/CMakeFiles/__idf_touch_element.dir/touch_slider.c.obj

[1087/1135] Building C object esp-idf/touch_element/CMakeFiles/__idf_touch_element.dir/touch_matrix.c.obj

[1088/1135] Linking C static library esp-idf\fatfs\libfatfs.a

[1089/1135] Linking C static library esp-idf\mqtt\libmqtt.a

[1090/1135] Linking C static library esp-idf\nvs_sec_provider\libnvs_sec_provider.a

[1091/1135] Building C object esp-idf/usb/CMakeFiles/__idf_usb.dir/hcd_dwc.c.obj

[1092/1135] Building C object esp-idf/usb/CMakeFiles/__idf_usb.dir/hub.c.obj

[1093/1135] Linking C static library esp-idf\perfmon\libperfmon.a

[1094/1135] Building C object esp-idf/usb/CMakeFiles/__idf_usb.dir/usb_helpers.c.obj

[1095/1135] Building C object esp-idf/usb/CMakeFiles/__idf_usb.dir/usb_host.c.obj

[1096/1135] Building C object esp-idf/usb/CMakeFiles/__idf_usb.dir/usb_private.c.obj

[1097/1135] Building C object esp-idf/usb/CMakeFiles/__idf_usb.dir/usbh.c.obj

[1098/1135] Building C object esp-idf/usb/CMakeFiles/__idf_usb.dir/usb_phy.c.obj

[1099/1135] Building C object esp-idf/wifi_provisioning/CMakeFiles/__idf_wifi_provisioning.dir/src/wifi_config.c.obj

[1100/1135] Linking C static library esp-idf\spiffs\libspiffs.a

[1101/1135] Building C object esp-idf/wifi_provisioning/CMakeFiles/__idf_wifi_provisioning.dir/src/wifi_scan.c.obj

[1102/1135] Building C object esp-idf/wifi_provisioning/CMakeFiles/__idf_wifi_provisioning.dir/src/wifi_ctrl.c.obj

[1103/1135] Building C object esp-idf/wifi_provisioning/CMakeFiles/__idf_wifi_provisioning.dir/src/manager.c.obj

[1104/1135] Building C object esp-idf/wifi_provisioning/CMakeFiles/__idf_wifi_provisioning.dir/src/handlers.c.obj

[1105/1135] Linking C static library esp-idf\touch_element\libtouch_element.a

[1106/1135] Building C object esp-idf/wifi_provisioning/CMakeFiles/__idf_wifi_provisioning.dir/src/scheme_console.c.obj

[1107/1135] Building C object esp-idf/wifi_provisioning/CMakeFiles/__idf_wifi_provisioning.dir/proto-c/wifi_config.pb-c.c.obj

[1108/1135] Building C object esp-idf/wifi_provisioning/CMakeFiles/__idf_wifi_provisioning.dir/proto-c/wifi_scan.pb-c.c.obj

[1109/1135] Building C object esp-idf/wifi_provisioning/CMakeFiles/__idf_wifi_provisioning.dir/proto-c/wifi_ctrl.pb-c.c.obj

[1110/1135] Building C object esp-idf/wifi_provisioning/CMakeFiles/__idf_wifi_provisioning.dir/proto-c/wifi_constants.pb-c.c.obj

[1111/1135] Building C object esp-idf/wifi_provisioning/CMakeFiles/__idf_wifi_provisioning.dir/src/scheme_softap.c.obj

[1112/1135] Building C object esp-idf/wifi_provisioning/CMakeFiles/__idf_wifi_provisioning.dir/src/scheme_ble.c.obj

[1113/1135] Linking C static library esp-idf\usb\libusb.a

[1114/1135] Building CXX object esp-idf/main/CMakeFiles/__idf_main.dir/hardware/audio_i2s.cpp.obj

FAILED: esp-idf/main/CMakeFiles/__idf_main.dir/hardware/audio_i2s.cpp.obj 

ccache C:\Users\devx\.espressif\tools\xtensa-esp-elf\esp-13.2.0_20240530\xtensa-esp-elf\bin\xtensa-esp32s3-elf-g++.exe -DESP_PLATFORM -DIDF_VER=\"v5.3-dirty\" -DPOCKETPAN_ACTIVE_SOAK=0 -DPOCKETPAN_BOWL_SMOKE=0 -DPOCKETPAN_BUTTON_QUAL=0 -DPOCKETPAN_DSP_CANDIDATE=25 -DPOCKETPAN_FORENSICS_CRITICAL_ONLY=0 -DPOCKETPAN_FORENSICS_DISCONNECTED=0 -DPOCKETPAN_FORENSICS_FINE_BINS=0 -DPOCKETPAN_FORENSICS_M74=0 -DPOCKETPAN_FORENSICS_M75=0 -DPOCKETPAN_FORENSICS_M75_BATCH=0 -DPOCKETPAN_FORENSICS_M76=0 -DPOCKETPAN_FORENSICS_M76_BATCH=0 -DPOCKETPAN_FORENSICS_M77=0 -DPOCKETPAN_FORENSICS_M77_BATCH=0 -DPOCKETPAN_FORENSICS_M7=0 -DPOCKETPAN_FORENSICS_M8_BATCH=0 -DPOCKETPAN_FORENSICS_M8_MODEL=0 -DPOCKETPAN_GLASS_SMOKE=0 -DPOCKETPAN_KALIMBA_SMOKE=0 -DPOCKETPAN_LCD_BENCHMARK=0 -DPOCKETPAN_MARIMBA_SMOKE=0 -DPOCKETPAN_PACKED_NOTE_CACHE=1 -DPOCKETPAN_PROCESS6_MICROKERNEL=1 -DPOCKETPAN_RARE_STALL_FORENSICS=0 -DPOCKETPAN_TAIL_NO_LCD_TRANSFER=0 -DPOCKETPAN_TAIL_NO_UI=0 -DPOCKETPAN_TONGUE_SMOKE=0 -DPOCKETPAN_TRANSIENT_QUAL=0 -DPOCKETPAN_UDU_FIXED_REFERENCE=0 -DPOCKETPAN_UI_ARCH=0 -DPOCKETPAN_UI_AUDIO_CORRELATION=0 -DPOCKETPAN_UI_DIRTY=0 -DPOCKETPAN_UI_LOGIC_ONLY=0 -DPOCKETPAN_UI_NO_FULL_CLEAR=0 -DPOCKETPAN_UI_PARTIAL=1 -DPOCKETPAN_UI_POLL_SEPARATE=0 -DPOCKETPAN_UI_PSRAM=0 -DPOCKETPAN_UI_RENDER_DIVIDER=1 -DPOCKETPAN_UI_TELEMETRY_PERIOD_MS=200 -DPOCKETPAN_UI_TIMING=0 -DPOCKETPAN_UI_URGENT=1 -DPOCKETPAN_VIBRAPHONE_SMOKE=0 -DSOC_MMU_PAGE_SIZE=CONFIG_MMU_PAGE_SIZE -DSOC_XTAL_FREQ_MHZ=CONFIG_XTAL_FREQ -D_GLIBCXX_HAVE_POSIX_SEMAPHORE -D_GLIBCXX_USE_POSIX_SEMAPHORE -D_GNU_SOURCE -D_POSIX_READER_WRITER_LOCKS -IC:/progs/ESPan/build-m81-profile/config -IC:/progs/ESPan/main -IC:/progs/ESPan/main/app -IC:/progs/ESPan/main/hardware -IC:/progs/ESPan/main/dsp -IC:/progs/ESPan/main/midi -IC:/progs/ESPan/main/ui -IC:/progs/ESPan/main/diag -IC:/Users/devx/esp/esp-idf/components/newlib/platform_include -IC:/Users/devx/esp/esp-idf/components/freertos/config/include -IC:/Users/devx/esp/esp-idf/components/freertos/config/include/freertos -IC:/Users/devx/esp/esp-idf/components/freertos/config/xtensa/include -IC:/Users/devx/esp/esp-idf/components/freertos/FreeRTOS-Kernel/include -IC:/Users/devx/esp/esp-idf/components/freertos/FreeRTOS-Kernel/portable/xtensa/include -IC:/Users/devx/esp/esp-idf/components/freertos/FreeRTOS-Kernel/portable/xtensa/include/freertos -IC:/Users/devx/esp/esp-idf/components/freertos/esp_additions/include -IC:/Users/devx/esp/esp-idf/components/esp_hw_support/include -IC:/Users/devx/esp/esp-idf/components/esp_hw_support/include/soc -IC:/Users/devx/esp/esp-idf/components/esp_hw_support/include/soc/esp32s3 -IC:/Users/devx/esp/esp-idf/components/esp_hw_support/dma/include -IC:/Users/devx/esp/esp-idf/components/esp_hw_support/ldo/include -IC:/Users/devx/esp/esp-idf/components/esp_hw_support/port/esp32s3/. -IC:/Users/devx/esp/esp-idf/components/esp_hw_support/port/esp32s3/include -IC:/Users/devx/esp/esp-idf/components/heap/include -IC:/Users/devx/esp/esp-idf/components/log/include -IC:/Users/devx/esp/esp-idf/components/soc/include -IC:/Users/devx/esp/esp-idf/components/soc/esp32s3 -IC:/Users/devx/esp/esp-idf/components/soc/esp32s3/include -IC:/Users/devx/esp/esp-idf/components/hal/platform_port/include -IC:/Users/devx/esp/esp-idf/components/hal/esp32s3/include -IC:/Users/devx/esp/esp-idf/components/hal/include -IC:/Users/devx/esp/esp-idf/components/esp_rom/include -IC:/Users/devx/esp/esp-idf/components/esp_rom/include/esp32s3 -IC:/Users/devx/esp/esp-idf/components/esp_rom/esp32s3 -IC:/Users/devx/esp/esp-idf/components/esp_common/include -IC:/Users/devx/esp/esp-idf/components/esp_system/include -IC:/Users/devx/esp/esp-idf/components/esp_system/port/soc -IC:/Users/devx/esp/esp-idf/components/esp_system/port/include/private -IC:/Users/devx/esp/esp-idf/components/xtensa/esp32s3/include -IC:/Users/devx/esp/esp-idf/components/xtensa/include -IC:/Users/devx/esp/esp-idf/components/xtensa/deprecated_include -IC:/Users/devx/esp/esp-idf/components/lwip/include -IC:/Users/devx/esp/esp-idf/components/lwip/include/apps -IC:/Users/devx/esp/esp-idf/components/lwip/include/apps/sntp -IC:/Users/devx/esp/esp-idf/components/lwip/lwip/src/include -IC:/Users/devx/esp/esp-idf/components/lwip/port/include -IC:/Users/devx/esp/esp-idf/components/lwip/port/freertos/include -IC:/Users/devx/esp/esp-idf/components/lwip/port/esp32xx/include -IC:/Users/devx/esp/esp-idf/components/lwip/port/esp32xx/include/arch -IC:/Users/devx/esp/esp-idf/components/lwip/port/esp32xx/include/sys -IC:/Users/devx/esp/esp-idf/components/driver/deprecated -IC:/Users/devx/esp/esp-idf/components/driver/i2c/include -IC:/Users/devx/esp/esp-idf/components/driver/touch_sensor/include -IC:/Users/devx/esp/esp-idf/components/driver/twai/include -IC:/Users/devx/esp/esp-idf/components/driver/touch_sensor/esp32s3/include -IC:/Users/devx/esp/esp-idf/components/esp_pm/include -IC:/Users/devx/esp/esp-idf/components/esp_ringbuf/include -IC:/Users/devx/esp/esp-idf/components/esp_driver_gpio/include -IC:/Users/devx/esp/esp-idf/components/esp_driver_pcnt/include -IC:/Users/devx/esp/esp-idf/components/esp_driver_gptimer/include -IC:/Users/devx/esp/esp-idf/components/esp_driver_spi/include -IC:/Users/devx/esp/esp-idf/components/esp_driver_mcpwm/include -IC:/Users/devx/esp/esp-idf/components/esp_driver_ana_cmpr/include -IC:/Users/devx/esp/esp-idf/components/esp_driver_i2s/include -IC:/Users/devx/esp/esp-idf/components/esp_driver_sdmmc/include -IC:/Users/devx/esp/esp-idf/components/sdmmc/include -IC:/Users/devx/esp/esp-idf/components/esp_driver_sdspi/include -IC:/Users/devx/esp/esp-idf/components/esp_driver_sdio/include -IC:/Users/devx/esp/esp-idf/components/esp_driver_dac/include -IC:/Users/devx/esp/esp-idf/components/esp_driver_rmt/include -IC:/Users/devx/esp/esp-idf/components/esp_driver_tsens/include -IC:/Users/devx/esp/esp-idf/components/esp_driver_sdm/include -IC:/Users/devx/esp/esp-idf/components/esp_driver_i2c/include -IC:/Users/devx/esp/esp-idf/components/esp_driver_uart/include -IC:/Users/devx/esp/esp-idf/components/vfs/include -IC:/Users/devx/esp/esp-idf/components/esp_driver_ledc/include -IC:/Users/devx/esp/esp-idf/components/esp_driver_parlio/include -IC:/Users/devx/esp/esp-idf/components/esp_driver_usb_serial_jtag/include -IC:/Users/devx/esp/esp-idf/components/esp_lcd/include -IC:/Users/devx/esp/esp-idf/components/esp_lcd/interface -IC:/Users/devx/esp/esp-idf/components/esp_lcd/rgb/include -IC:/Users/devx/esp/esp-idf/components/esp_timer/include -IC:/Users/devx/esp/esp-idf/components/bt/include/esp32c3/include -IC:/Users/devx/esp/esp-idf/components/bt/common/osi/include -IC:/Users/devx/esp/esp-idf/components/bt/common/api/include/api -IC:/Users/devx/esp/esp-idf/components/bt/common/btc/profile/esp/blufi/include -IC:/Users/devx/esp/esp-idf/components/bt/common/btc/profile/esp/include -IC:/Users/devx/esp/esp-idf/components/bt/common/hci_log/include -IC:/Users/devx/esp/esp-idf/components/bt/host/nimble/nimble/nimble/host/include -IC:/Users/devx/esp/esp-idf/components/bt/host/nimble/nimble/nimble/include -IC:/Users/devx/esp/esp-idf/components/bt/host/nimble/nimble/nimble/host/services/ans/include -IC:/Users/devx/esp/esp-idf/components/bt/host/nimble/nimble/nimble/host/services/bas/include -IC:/Users/devx/esp/esp-idf/components/bt/host/nimble/nimble/nimble/host/services/dis/include -IC:/Users/devx/esp/esp-idf/components/bt/host/nimble/nimble/nimble/host/services/gap/include -IC:/Users/devx/esp/esp-idf/components/bt/host/nimble/nimble/nimble/host/services/gatt/include -IC:/Users/devx/esp/esp-idf/components/bt/host/nimble/nimble/nimble/host/services/hr/include -IC:/Users/devx/esp/esp-idf/components/bt/host/nimble/nimble/nimble/host/services/htp/include -IC:/Users/devx/esp/esp-idf/components/bt/host/nimble/nimble/nimble/host/services/ias/include -IC:/Users/devx/esp/esp-idf/components/bt/host/nimble/nimble/nimble/host/services/ipss/include -IC:/Users/devx/esp/esp-idf/components/bt/host/nimble/nimble/nimble/host/services/lls/include -IC:/Users/devx/esp/esp-idf/components/bt/host/nimble/nimble/nimble/host/services/prox/include -IC:/Users/devx/esp/esp-idf/components/bt/host/nimble/nimble/nimble/host/services/cts/include -IC:/Users/devx/esp/esp-idf/components/bt/host/nimble/nimble/nimble/host/services/tps/include -IC:/Users/devx/esp/esp-idf/components/bt/host/nimble/nimble/nimble/host/services/hid/include -IC:/Users/devx/esp/esp-idf/components/bt/host/nimble/nimble/nimble/host/services/sps/include -IC:/Users/devx/esp/esp-idf/components/bt/host/nimble/nimble/nimble/host/util/include -IC:/Users/devx/esp/esp-idf/components/bt/host/nimble/nimble/nimble/host/store/ram/include -IC:/Users/devx/esp/esp-idf/components/bt/host/nimble/nimble/nimble/host/store/config/include -IC:/Users/devx/esp/esp-idf/components/bt/host/nimble/nimble/porting/nimble/include -IC:/Users/devx/esp/esp-idf/components/bt/host/nimble/port/include -IC:/Users/devx/esp/esp-idf/components/bt/host/nimble/nimble/nimble/transport/include -IC:/Users/devx/esp/esp-idf/components/bt/porting/include -IC:/Users/devx/esp/esp-idf/components/bt/host/nimble/nimble/porting/npl/freertos/include -IC:/Users/devx/esp/esp-idf/components/bt/host/nimble/esp-hci/include -IC:/Users/devx/esp/esp-idf/components/esp_wifi/include -IC:/Users/devx/esp/esp-idf/components/esp_wifi/wifi_apps/include -IC:/Users/devx/esp/esp-idf/components/esp_wifi/wifi_apps/nan_app/include -IC:/Users/devx/esp/esp-idf/components/esp_wifi/include/local -IC:/Users/devx/esp/esp-idf/components/esp_event/include -IC:/Users/devx/esp/esp-idf/components/esp_phy/include -IC:/Users/devx/esp/esp-idf/components/esp_phy/esp32s3/include -IC:/Users/devx/esp/esp-idf/components/esp_netif/include -IC:/Users/devx/esp/esp-idf/components/nvs_flash/include -IC:/Users/devx/esp/esp-idf/components/spi_flash/include -IC:/Users/devx/esp/esp-idf/components/esp_partition/include -mlongcalls  -fno-builtin-memcpy -fno-builtin-memset -fno-builtin-bzero -fno-builtin-stpcpy -fno-builtin-strncpy -fdiagnostics-color=always -ffunction-sections -fdata-sections -Wall -Werror=all -Wno-error=unused-function -Wno-error=unused-variable -Wno-error=unused-but-set-variable -Wno-error=deprecated-declarations -Wextra -Wno-unused-parameter -Wno-sign-compare -Wno-enum-conversion -gdwarf-4 -ggdb -mdisable-hardware-atomics -O2 -fmacro-prefix-map=C:/progs/ESPan=. -fmacro-prefix-map=C:/Users/devx/esp/esp-idf=/IDF -fstrict-volatile-bitfields -fno-jump-tables -fno-tree-switch-conversion -std=gnu++2b -fno-exceptions -fno-rtti -MD -MT esp-idf/main/CMakeFiles/__idf_main.dir/hardware/audio_i2s.cpp.obj -MF esp-idf\main\CMakeFiles\__idf_main.dir\hardware\audio_i2s.cpp.obj.d -o esp-idf/main/CMakeFiles/__idf_main.dir/hardware/audio_i2s.cpp.obj -c C:/progs/ESPan/main/hardware/audio_i2s.cpp
In file included from C:/progs/ESPan/main/hardware/audio_i2s.cpp:7:
C:/progs/ESPan/main/app/polyphony_forensics.h: In function 'void pocketpan::forensics::onCallbackComplete(uint32_t, uint32_t)':
C:/progs/ESPan/main/app/polyphony_forensics.h:373:26: error: 'POCKETPAN_FORENSICS_OUTLIER_US' was not declared in this scope; did you mean 'POCKETPAN_FORENSICS_FINE_BINS'?
  373 |     if (processTimeUs >= POCKETPAN_FORENSICS_OUTLIER_US) {
      |                          ^~~~~~~~~~~~~~~~~~~~~~~~~~~~~~
      |                          POCKETPAN_FORENSICS_FINE_BINS
C:/progs/ESPan/main/hardware/audio_i2s.cpp: In member function 'void pocketpan::hardware::AudioI2S::audioTaskLoop()':
C:/progs/ESPan/main/hardware/audio_i2s.cpp:347:17: warning: unused variable 'tWrite0' [-Wunused-variable]
  347 |         int64_t tWrite0 = 0;
      |                 ^~~~~~~
In file included from C:/progs/ESPan/main/dsp/modal_voice.h:6,
                 from C:/progs/ESPan/main/dsp/voice_allocator.h:7,
                 from C:/progs/ESPan/main/dsp/synth_engine.h:6,
                 from C:/progs/ESPan/main/app/polyphony_forensics.h:8:
C:/progs/ESPan/main/dsp/modal_resonator.h: At global scope:
C:/progs/ESPan/main/dsp/modal_resonator.h:119:72: warning: 'always_inline' function might not be inlinable [-Wattributes]
  119 |     template<bool Safety> DSP_HOT __attribute__((always_inline)) float processSampleMicro10(float excitation);
      |                                                                        ^~~~~~~~~~~~~~~~~~~~
C:/progs/ESPan/main/dsp/modal_resonator.h:118:72: warning: 'always_inline' function might not be inlinable [-Wattributes]
  118 |     template<bool Safety> DSP_HOT __attribute__((always_inline)) float processSampleMicro8(float excitation);

      |                                                                        ^~~~~~~~~~~~~~~~~~~

C:/progs/ESPan/main/dsp/modal_resonator.h:116:72: warning: 'always_inline' function might not be inlinable [-Wattributes]

  116 |     template<bool Safety> DSP_HOT __attribute__((always_inline)) float processSampleMicro6(float excitation);

      |                                                                        ^~~~~~~~~~~~~~~~~~~

[1115/1135] Building CXX object esp-idf/main/CMakeFiles/__idf_main.dir/hardware/display.cpp.obj

[1116/1135] Building CXX object esp-idf/main/CMakeFiles/__idf_main.dir/app/app_main.cpp.obj

FAILED: esp-idf/main/CMakeFiles/__idf_main.dir/app/app_main.cpp.obj 

ccache C:\Users\devx\.espressif\tools\xtensa-esp-elf\esp-13.2.0_20240530\xtensa-esp-elf\bin\xtensa-esp32s3-elf-g++.exe -DESP_PLATFORM -DIDF_VER=\"v5.3-dirty\" -DPOCKETPAN_ACTIVE_SOAK=0 -DPOCKETPAN_BOWL_SMOKE=0 -DPOCKETPAN_BUTTON_QUAL=0 -DPOCKETPAN_DSP_CANDIDATE=25 -DPOCKETPAN_FORENSICS_CRITICAL_ONLY=0 -DPOCKETPAN_FORENSICS_DISCONNECTED=0 -DPOCKETPAN_FORENSICS_FINE_BINS=0 -DPOCKETPAN_FORENSICS_M74=0 -DPOCKETPAN_FORENSICS_M75=0 -DPOCKETPAN_FORENSICS_M75_BATCH=0 -DPOCKETPAN_FORENSICS_M76=0 -DPOCKETPAN_FORENSICS_M76_BATCH=0 -DPOCKETPAN_FORENSICS_M77=0 -DPOCKETPAN_FORENSICS_M77_BATCH=0 -DPOCKETPAN_FORENSICS_M7=0 -DPOCKETPAN_FORENSICS_M8_BATCH=0 -DPOCKETPAN_FORENSICS_M8_MODEL=0 -DPOCKETPAN_GLASS_SMOKE=0 -DPOCKETPAN_KALIMBA_SMOKE=0 -DPOCKETPAN_LCD_BENCHMARK=0 -DPOCKETPAN_MARIMBA_SMOKE=0 -DPOCKETPAN_PACKED_NOTE_CACHE=1 -DPOCKETPAN_PROCESS6_MICROKERNEL=1 -DPOCKETPAN_RARE_STALL_FORENSICS=0 -DPOCKETPAN_TAIL_NO_LCD_TRANSFER=0 -DPOCKETPAN_TAIL_NO_UI=0 -DPOCKETPAN_TONGUE_SMOKE=0 -DPOCKETPAN_TRANSIENT_QUAL=0 -DPOCKETPAN_UDU_FIXED_REFERENCE=0 -DPOCKETPAN_UI_ARCH=0 -DPOCKETPAN_UI_AUDIO_CORRELATION=0 -DPOCKETPAN_UI_DIRTY=0 -DPOCKETPAN_UI_LOGIC_ONLY=0 -DPOCKETPAN_UI_NO_FULL_CLEAR=0 -DPOCKETPAN_UI_PARTIAL=1 -DPOCKETPAN_UI_POLL_SEPARATE=0 -DPOCKETPAN_UI_PSRAM=0 -DPOCKETPAN_UI_RENDER_DIVIDER=1 -DPOCKETPAN_UI_TELEMETRY_PERIOD_MS=200 -DPOCKETPAN_UI_TIMING=0 -DPOCKETPAN_UI_URGENT=1 -DPOCKETPAN_VIBRAPHONE_SMOKE=0 -DSOC_MMU_PAGE_SIZE=CONFIG_MMU_PAGE_SIZE -DSOC_XTAL_FREQ_MHZ=CONFIG_XTAL_FREQ -D_GLIBCXX_HAVE_POSIX_SEMAPHORE -D_GLIBCXX_USE_POSIX_SEMAPHORE -D_GNU_SOURCE -D_POSIX_READER_WRITER_LOCKS -IC:/progs/ESPan/build-m81-profile/config -IC:/progs/ESPan/main -IC:/progs/ESPan/main/app -IC:/progs/ESPan/main/hardware -IC:/progs/ESPan/main/dsp -IC:/progs/ESPan/main/midi -IC:/progs/ESPan/main/ui -IC:/progs/ESPan/main/diag -IC:/Users/devx/esp/esp-idf/components/newlib/platform_include -IC:/Users/devx/esp/esp-idf/components/freertos/config/include -IC:/Users/devx/esp/esp-idf/components/freertos/config/include/freertos -IC:/Users/devx/esp/esp-idf/components/freertos/config/xtensa/include -IC:/Users/devx/esp/esp-idf/components/freertos/FreeRTOS-Kernel/include -IC:/Users/devx/esp/esp-idf/components/freertos/FreeRTOS-Kernel/portable/xtensa/include -IC:/Users/devx/esp/esp-idf/components/freertos/FreeRTOS-Kernel/portable/xtensa/include/freertos -IC:/Users/devx/esp/esp-idf/components/freertos/esp_additions/include -IC:/Users/devx/esp/esp-idf/components/esp_hw_support/include -IC:/Users/devx/esp/esp-idf/components/esp_hw_support/include/soc -IC:/Users/devx/esp/esp-idf/components/esp_hw_support/include/soc/esp32s3 -IC:/Users/devx/esp/esp-idf/components/esp_hw_support/dma/include -IC:/Users/devx/esp/esp-idf/components/esp_hw_support/ldo/include -IC:/Users/devx/esp/esp-idf/components/esp_hw_support/port/esp32s3/. -IC:/Users/devx/esp/esp-idf/components/esp_hw_support/port/esp32s3/include -IC:/Users/devx/esp/esp-idf/components/heap/include -IC:/Users/devx/esp/esp-idf/components/log/include -IC:/Users/devx/esp/esp-idf/components/soc/include -IC:/Users/devx/esp/esp-idf/components/soc/esp32s3 -IC:/Users/devx/esp/esp-idf/components/soc/esp32s3/include -IC:/Users/devx/esp/esp-idf/components/hal/platform_port/include -IC:/Users/devx/esp/esp-idf/components/hal/esp32s3/include -IC:/Users/devx/esp/esp-idf/components/hal/include -IC:/Users/devx/esp/esp-idf/components/esp_rom/include -IC:/Users/devx/esp/esp-idf/components/esp_rom/include/esp32s3 -IC:/Users/devx/esp/esp-idf/components/esp_rom/esp32s3 -IC:/Users/devx/esp/esp-idf/components/esp_common/include -IC:/Users/devx/esp/esp-idf/components/esp_system/include -IC:/Users/devx/esp/esp-idf/components/esp_system/port/soc -IC:/Users/devx/esp/esp-idf/components/esp_system/port/include/private -IC:/Users/devx/esp/esp-idf/components/xtensa/esp32s3/include -IC:/Users/devx/esp/esp-idf/components/xtensa/include -IC:/Users/devx/esp/esp-idf/components/xtensa/deprecated_include -IC:/Users/devx/esp/esp-idf/components/lwip/include -IC:/Users/devx/esp/esp-idf/components/lwip/include/apps -IC:/Users/devx/esp/esp-idf/components/lwip/include/apps/sntp -IC:/Users/devx/esp/esp-idf/components/lwip/lwip/src/include -IC:/Users/devx/esp/esp-idf/components/lwip/port/include -IC:/Users/devx/esp/esp-idf/components/lwip/port/freertos/include -IC:/Users/devx/esp/esp-idf/components/lwip/port/esp32xx/include -IC:/Users/devx/esp/esp-idf/components/lwip/port/esp32xx/include/arch -IC:/Users/devx/esp/esp-idf/components/lwip/port/esp32xx/include/sys -IC:/Users/devx/esp/esp-idf/components/driver/deprecated -IC:/Users/devx/esp/esp-idf/components/driver/i2c/include -IC:/Users/devx/esp/esp-idf/components/driver/touch_sensor/include -IC:/Users/devx/esp/esp-idf/components/driver/twai/include -IC:/Users/devx/esp/esp-idf/components/driver/touch_sensor/esp32s3/include -IC:/Users/devx/esp/esp-idf/components/esp_pm/include -IC:/Users/devx/esp/esp-idf/components/esp_ringbuf/include -IC:/Users/devx/esp/esp-idf/components/esp_driver_gpio/include -IC:/Users/devx/esp/esp-idf/components/esp_driver_pcnt/include -IC:/Users/devx/esp/esp-idf/components/esp_driver_gptimer/include -IC:/Users/devx/esp/esp-idf/components/esp_driver_spi/include -IC:/Users/devx/esp/esp-idf/components/esp_driver_mcpwm/include -IC:/Users/devx/esp/esp-idf/components/esp_driver_ana_cmpr/include -IC:/Users/devx/esp/esp-idf/components/esp_driver_i2s/include -IC:/Users/devx/esp/esp-idf/components/esp_driver_sdmmc/include -IC:/Users/devx/esp/esp-idf/components/sdmmc/include -IC:/Users/devx/esp/esp-idf/components/esp_driver_sdspi/include -IC:/Users/devx/esp/esp-idf/components/esp_driver_sdio/include -IC:/Users/devx/esp/esp-idf/components/esp_driver_dac/include -IC:/Users/devx/esp/esp-idf/components/esp_driver_rmt/include -IC:/Users/devx/esp/esp-idf/components/esp_driver_tsens/include -IC:/Users/devx/esp/esp-idf/components/esp_driver_sdm/include -IC:/Users/devx/esp/esp-idf/components/esp_driver_i2c/include -IC:/Users/devx/esp/esp-idf/components/esp_driver_uart/include -IC:/Users/devx/esp/esp-idf/components/vfs/include -IC:/Users/devx/esp/esp-idf/components/esp_driver_ledc/include -IC:/Users/devx/esp/esp-idf/components/esp_driver_parlio/include -IC:/Users/devx/esp/esp-idf/components/esp_driver_usb_serial_jtag/include -IC:/Users/devx/esp/esp-idf/components/esp_lcd/include -IC:/Users/devx/esp/esp-idf/components/esp_lcd/interface -IC:/Users/devx/esp/esp-idf/components/esp_lcd/rgb/include -IC:/Users/devx/esp/esp-idf/components/esp_timer/include -IC:/Users/devx/esp/esp-idf/components/bt/include/esp32c3/include -IC:/Users/devx/esp/esp-idf/components/bt/common/osi/include -IC:/Users/devx/esp/esp-idf/components/bt/common/api/include/api -IC:/Users/devx/esp/esp-idf/components/bt/common/btc/profile/esp/blufi/include -IC:/Users/devx/esp/esp-idf/components/bt/common/btc/profile/esp/include -IC:/Users/devx/esp/esp-idf/components/bt/common/hci_log/include -IC:/Users/devx/esp/esp-idf/components/bt/host/nimble/nimble/nimble/host/include -IC:/Users/devx/esp/esp-idf/components/bt/host/nimble/nimble/nimble/include -IC:/Users/devx/esp/esp-idf/components/bt/host/nimble/nimble/nimble/host/services/ans/include -IC:/Users/devx/esp/esp-idf/components/bt/host/nimble/nimble/nimble/host/services/bas/include -IC:/Users/devx/esp/esp-idf/components/bt/host/nimble/nimble/nimble/host/services/dis/include -IC:/Users/devx/esp/esp-idf/components/bt/host/nimble/nimble/nimble/host/services/gap/include -IC:/Users/devx/esp/esp-idf/components/bt/host/nimble/nimble/nimble/host/services/gatt/include -IC:/Users/devx/esp/esp-idf/components/bt/host/nimble/nimble/nimble/host/services/hr/include -IC:/Users/devx/esp/esp-idf/components/bt/host/nimble/nimble/nimble/host/services/htp/include -IC:/Users/devx/esp/esp-idf/components/bt/host/nimble/nimble/nimble/host/services/ias/include -IC:/Users/devx/esp/esp-idf/components/bt/host/nimble/nimble/nimble/host/services/ipss/include -IC:/Users/devx/esp/esp-idf/components/bt/host/nimble/nimble/nimble/host/services/lls/include -IC:/Users/devx/esp/esp-idf/components/bt/host/nimble/nimble/nimble/host/services/prox/include -IC:/Users/devx/esp/esp-idf/components/bt/host/nimble/nimble/nimble/host/services/cts/include -IC:/Users/devx/esp/esp-idf/components/bt/host/nimble/nimble/nimble/host/services/tps/include -IC:/Users/devx/esp/esp-idf/components/bt/host/nimble/nimble/nimble/host/services/hid/include -IC:/Users/devx/esp/esp-idf/components/bt/host/nimble/nimble/nimble/host/services/sps/include -IC:/Users/devx/esp/esp-idf/components/bt/host/nimble/nimble/nimble/host/util/include -IC:/Users/devx/esp/esp-idf/components/bt/host/nimble/nimble/nimble/host/store/ram/include -IC:/Users/devx/esp/esp-idf/components/bt/host/nimble/nimble/nimble/host/store/config/include -IC:/Users/devx/esp/esp-idf/components/bt/host/nimble/nimble/porting/nimble/include -IC:/Users/devx/esp/esp-idf/components/bt/host/nimble/port/include -IC:/Users/devx/esp/esp-idf/components/bt/host/nimble/nimble/nimble/transport/include -IC:/Users/devx/esp/esp-idf/components/bt/porting/include -IC:/Users/devx/esp/esp-idf/components/bt/host/nimble/nimble/porting/npl/freertos/include -IC:/Users/devx/esp/esp-idf/components/bt/host/nimble/esp-hci/include -IC:/Users/devx/esp/esp-idf/components/esp_wifi/include -IC:/Users/devx/esp/esp-idf/components/esp_wifi/wifi_apps/include -IC:/Users/devx/esp/esp-idf/components/esp_wifi/wifi_apps/nan_app/include -IC:/Users/devx/esp/esp-idf/components/esp_wifi/include/local -IC:/Users/devx/esp/esp-idf/components/esp_event/include -IC:/Users/devx/esp/esp-idf/components/esp_phy/include -IC:/Users/devx/esp/esp-idf/components/esp_phy/esp32s3/include -IC:/Users/devx/esp/esp-idf/components/esp_netif/include -IC:/Users/devx/esp/esp-idf/components/nvs_flash/include -IC:/Users/devx/esp/esp-idf/components/spi_flash/include -IC:/Users/devx/esp/esp-idf/components/esp_partition/include -mlongcalls  -fno-builtin-memcpy -fno-builtin-memset -fno-builtin-bzero -fno-builtin-stpcpy -fno-builtin-strncpy -fdiagnostics-color=always -ffunction-sections -fdata-sections -Wall -Werror=all -Wno-error=unused-function -Wno-error=unused-variable -Wno-error=unused-but-set-variable -Wno-error=deprecated-declarations -Wextra -Wno-unused-parameter -Wno-sign-compare -Wno-enum-conversion -gdwarf-4 -ggdb -mdisable-hardware-atomics -O2 -fmacro-prefix-map=C:/progs/ESPan=. -fmacro-prefix-map=C:/Users/devx/esp/esp-idf=/IDF -fstrict-volatile-bitfields -fno-jump-tables -fno-tree-switch-conversion -std=gnu++2b -fno-exceptions -fno-rtti -MD -MT esp-idf/main/CMakeFiles/__idf_main.dir/app/app_main.cpp.obj -MF esp-idf\main\CMakeFiles\__idf_main.dir\app\app_main.cpp.obj.d -o esp-idf/main/CMakeFiles/__idf_main.dir/app/app_main.cpp.obj -c C:/progs/ESPan/main/app/app_main.cpp
In file included from C:/progs/ESPan/main/app/app_main.cpp:16:
C:/progs/ESPan/main/app/polyphony_forensics.h: In function 'void pocketpan::forensics::onCallbackComplete(uint32_t, uint32_t)':
C:/progs/ESPan/main/app/polyphony_forensics.h:373:26: error: 'POCKETPAN_FORENSICS_OUTLIER_US' was not declared in this scope; did you mean 'POCKETPAN_FORENSICS_FINE_BINS'?
  373 |     if (processTimeUs >= POCKETPAN_FORENSICS_OUTLIER_US) {
      |                          ^~~~~~~~~~~~~~~~~~~~~~~~~~~~~~
      |                          POCKETPAN_FORENSICS_FINE_BINS
C:/progs/ESPan/main/app/app_main.cpp: In function 'void {anonymous}::uiTaskLoop(void*)':
C:/progs/ESPan/main/app/app_main.cpp:317:14: warning: unused variable 'renderTick' [-Wunused-variable]
  317 |     uint32_t renderTick = 0;
      |              ^~~~~~~~~~
In file included from C:/progs/ESPan/main/dsp/modal_voice.h:6,
                 from C:/progs/ESPan/main/dsp/voice_allocator.h:7,
                 from C:/progs/ESPan/main/dsp/synth_engine.h:6,
                 from C:/progs/ESPan/main/app/app_main.cpp:15:
C:/progs/ESPan/main/dsp/modal_resonator.h: At global scope:
C:/progs/ESPan/main/dsp/modal_resonator.h:119:72: warning: 'always_inline' function might not be inlinable [-Wattributes]
  119 |     template<bool Safety> DSP_HOT __attribute__((always_inline)) float processSampleMicro10(float excitation);
      |                                                                        ^~~~~~~~~~~~~~~~~~~~
C:/progs/ESPan/main/dsp/modal_resonator.h:118:72: warning: 'always_inline' function might not be inlinable [-Wattributes]
  118 |     template<bool Safety> DSP_HOT __attribute__((always_inline)) float processSampleMicro8(float excitation);
      |                                                                        ^~~~~~~~~~~~~~~~~~~
C:/progs/ESPan/main/dsp/modal_resonator.h:116:72: warning: 'always_inline' function might not be inlinable [-Wattributes]

  116 |     template<bool Safety> DSP_HOT __attribute__((always_inline)) float processSampleMicro6(float excitation);

      |                                                                        ^~~~~~~~~~~~~~~~~~~

[1117/1135] Building CXX object esp-idf/main/CMakeFiles/__idf_main.dir/dsp/body_resonator.cpp.obj

[1118/1135] Linking C static library esp-idf\wifi_provisioning\libwifi_provisioning.a

[1119/1135] Building CXX object esp-idf/main/CMakeFiles/__idf_main.dir/dsp/exciter.cpp.obj
[1120/1135] Building CXX object esp-idf/main/CMakeFiles/__idf_main.dir/dsp/modal_resonator.cpp.obj
C:/progs/ESPan/main/dsp/modal_resonator.cpp:297:46: warning: 'always_inline' function might not be inlinable [-Wattributes]
  297 | __attribute__((always_inline)) DSP_HOT float ModalResonatorBank::processSampleMicro10(float excitation) {
      |                                              ^~~~~~~~~~~~~~~~~~
C:/progs/ESPan/main/dsp/modal_resonator.cpp:297:46: warning: 'always_inline' function might not be inlinable [-Wattributes]
C:/progs/ESPan/main/dsp/modal_resonator.cpp:282:46: warning: 'always_inline' function might not be inlinable [-Wattributes]
  282 | __attribute__((always_inline)) DSP_HOT float ModalResonatorBank::processSampleMicro8(float excitation) {
      |                                              ^~~~~~~~~~~~~~~~~~
C:/progs/ESPan/main/dsp/modal_resonator.cpp:282:46: warning: 'always_inline' function might not be inlinable [-Wattributes]
C:/progs/ESPan/main/dsp/modal_resonator.cpp:268:46: warning: 'always_inline' function might not be inlinable [-Wattributes]
  268 | __attribute__((always_inline)) DSP_HOT float ModalResonatorBank::processSampleMicro6(float excitation) {
      |                                              ^~~~~~~~~~~~~~~~~~
C:/progs/ESPan/main/dsp/modal_resonator.cpp:268:46: warning: 'always_inline' function might not be inlinable [-Wattributes]
C:/progs/ESPan/main/dsp/modal_resonator.cpp:297:46: warning: 'always_inline' function might not be inlinable [-Wattributes]
  297 | __attribute__((always_inline)) DSP_HOT float ModalResonatorBank::processSampleMicro10(float excitation) {
      |                                              ^~~~~~~~~~~~~~~~~~
C:/progs/ESPan/main/dsp/modal_resonator.cpp:282:46: warning: 'always_inline' function might not be inlinable [-Wattributes]
  282 | __attribute__((always_inline)) DSP_HOT float ModalResonatorBank::processSampleMicro8(float excitation) {
      |                                              ^~~~~~~~~~~~~~~~~~

C:/progs/ESPan/main/dsp/modal_resonator.cpp:268:46: warning: 'always_inline' function might not be inlinable [-Wattributes]

  268 | __attribute__((always_inline)) DSP_HOT float ModalResonatorBank::processSampleMicro6(float excitation) {

      |                                              ^~~~~~~~~~~~~~~~~~

[1121/1135] Building CXX object esp-idf/main/CMakeFiles/__idf_main.dir/hardware/ble_midi.cpp.obj

[1122/1135] Building CXX object esp-idf/main/CMakeFiles/__idf_main.dir/dsp/peak_limiter.cpp.obj
[1123/1135] Building CXX object esp-idf/main/CMakeFiles/__idf_main.dir/midi/midi_parser.cpp.obj
[1124/1135] Building CXX object esp-idf/main/CMakeFiles/__idf_main.dir/dsp/modal_voice.cpp.obj
In file included from C:/progs/ESPan/main/dsp/modal_voice.h:6,
                 from C:/progs/ESPan/main/dsp/modal_voice.cpp:1:
C:/progs/ESPan/main/dsp/modal_resonator.h:119:72: warning: 'always_inline' function might not be inlinable [-Wattributes]
  119 |     template<bool Safety> DSP_HOT __attribute__((always_inline)) float processSampleMicro10(float excitation);
      |                                                                        ^~~~~~~~~~~~~~~~~~~~
C:/progs/ESPan/main/dsp/modal_resonator.h:118:72: warning: 'always_inline' function might not be inlinable [-Wattributes]
  118 |     template<bool Safety> DSP_HOT __attribute__((always_inline)) float processSampleMicro8(float excitation);
      |                                                                        ^~~~~~~~~~~~~~~~~~~

C:/progs/ESPan/main/dsp/modal_resonator.h:116:72: warning: 'always_inline' function might not be inlinable [-Wattributes]

  116 |     template<bool Safety> DSP_HOT __attribute__((always_inline)) float processSampleMicro6(float excitation);

      |                                                                        ^~~~~~~~~~~~~~~~~~~

[1125/1135] Building CXX object esp-idf/main/CMakeFiles/__idf_main.dir/midi/midi_mapping.cpp.obj

[1126/1135] Building CXX object esp-idf/main/CMakeFiles/__idf_main.dir/dsp/instrument_model.cpp.obj
In file included from C:/progs/ESPan/main/dsp/instrument_model.h:6,
                 from C:/progs/ESPan/main/dsp/instrument_model.cpp:1:
C:/progs/ESPan/main/dsp/modal_resonator.h:119:72: warning: 'always_inline' function might not be inlinable [-Wattributes]
  119 |     template<bool Safety> DSP_HOT __attribute__((always_inline)) float processSampleMicro10(float excitation);
      |                                                                        ^~~~~~~~~~~~~~~~~~~~
C:/progs/ESPan/main/dsp/modal_resonator.h:118:72: warning: 'always_inline' function might not be inlinable [-Wattributes]
  118 |     template<bool Safety> DSP_HOT __attribute__((always_inline)) float processSampleMicro8(float excitation);
      |                                                                        ^~~~~~~~~~~~~~~~~~~
C:/progs/ESPan/main/dsp/modal_resonator.h:116:72: warning: 'always_inline' function might not be inlinable [-Wattributes]
  116 |     template<bool Safety> DSP_HOT __attribute__((always_inline)) float processSampleMicro6(float excitation);
      |                                                                        ^~~~~~~~~~~~~~~~~~~
[1127/1135] Building CXX object esp-idf/main/CMakeFiles/__idf_main.dir/dsp/synth_engine.cpp.obj
In file included from C:/progs/ESPan/main/dsp/modal_voice.h:6,
                 from C:/progs/ESPan/main/dsp/voice_allocator.h:7,
                 from C:/progs/ESPan/main/dsp/synth_engine.h:6,
                 from C:/progs/ESPan/main/dsp/synth_engine.cpp:1:
C:/progs/ESPan/main/dsp/modal_resonator.h:119:72: warning: 'always_inline' function might not be inlinable [-Wattributes]
  119 |     template<bool Safety> DSP_HOT __attribute__((always_inline)) float processSampleMicro10(float excitation);
      |                                                                        ^~~~~~~~~~~~~~~~~~~~
C:/progs/ESPan/main/dsp/modal_resonator.h:118:72: warning: 'always_inline' function might not be inlinable [-Wattributes]
  118 |     template<bool Safety> DSP_HOT __attribute__((always_inline)) float processSampleMicro8(float excitation);
      |                                                                        ^~~~~~~~~~~~~~~~~~~
C:/progs/ESPan/main/dsp/modal_resonator.h:116:72: warning: 'always_inline' function might not be inlinable [-Wattributes]
  116 |     template<bool Safety> DSP_HOT __attribute__((always_inline)) float processSampleMicro6(float excitation);
      |                                                                        ^~~~~~~~~~~~~~~~~~~
[1128/1135] Building CXX object esp-idf/main/CMakeFiles/__idf_main.dir/ui/ui_renderer.cpp.obj
C:/progs/ESPan/main/ui/ui_renderer.cpp:22:20: warning: 'pocketpan::ui::{anonymous}::sTileDline' defined but not used [-Wunused-variable]
   22 | alignas(4) uint8_t sTileDline[80 * 12 * 2] = {0};
      |                    ^~~~~~~~~~
C:/progs/ESPan/main/ui/ui_renderer.cpp:21:20: warning: 'pocketpan::ui::{anonymous}::sTileCpu' defined but not used [-Wunused-variable]
   21 | alignas(4) uint8_t sTileCpu[80 * 12 * 2] = {0};
      |                    ^~~~~~~~
C:/progs/ESPan/main/ui/ui_renderer.cpp:20:20: warning: 'pocketpan::ui::{anonymous}::sTileVoices' defined but not used [-Wunused-variable]
   20 | alignas(4) uint8_t sTileVoices[80 * 12 * 2] = {0};
      |                    ^~~~~~~~~~~
C:/progs/ESPan/main/ui/ui_renderer.cpp:19:20: warning: 'pocketpan::ui::{anonymous}::sTileRoot' defined but not used [-Wunused-variable]
   19 | alignas(4) uint8_t sTileRoot[50 * 18 * 2] = {0};
      |                    ^~~~~~~~~

C:/progs/ESPan/main/ui/ui_renderer.cpp:18:20: warning: 'pocketpan::ui::{anonymous}::sTilePreset' defined but not used [-Wunused-variable]

   18 | alignas(4) uint8_t sTilePreset[124 * 18 * 2] = {0};

      |                    ^~~~~~~~~~~

C:/progs/ESPan/main/ui/ui_renderer.cpp:17:20: warning: 'pocketpan::ui::{anonymous}::sTileBle' defined but not used [-Wunused-variable]

   17 | alignas(4) uint8_t sTileBle[60 * 12 * 2] = {0};

      |                    ^~~~~~~~

[1129/1135] Building CXX object esp-idf/main/CMakeFiles/__idf_main.dir/dsp/voice_allocator.cpp.obj
C:/progs/ESPan/main/dsp/voice_allocator.cpp: In member function 'void pocketpan::dsp::VoiceAllocator::renderBlock(float*, size_t, const pocketpan::dsp::SympatheticConfig&)':
C:/progs/ESPan/main/dsp/voice_allocator.cpp:396:22: warning: unused variable 'split' [-Wunused-variable]
  396 |         const size_t split = frames;
      |                      ^~~~~
C:/progs/ESPan/main/dsp/voice_allocator.cpp: In member function 'void pocketpan::dsp::VoiceAllocator::renderBlockWithStrikeBus(float*, float*, size_t, const pocketpan::dsp::SympatheticConfig&)':
C:/progs/ESPan/main/dsp/voice_allocator.cpp:534:22: warning: unused variable 'split' [-Wunused-variable]
  534 |         const size_t split = frames;
      |                      ^~~~~
In file included from C:/progs/ESPan/main/dsp/modal_voice.h:6,
                 from C:/progs/ESPan/main/dsp/voice_allocator.h:7,
                 from C:/progs/ESPan/main/dsp/voice_allocator.cpp:1:
C:/progs/ESPan/main/dsp/modal_resonator.h: At global scope:
C:/progs/ESPan/main/dsp/modal_resonator.h:119:72: warning: 'always_inline' function might not be inlinable [-Wattributes]
  119 |     template<bool Safety> DSP_HOT __attribute__((always_inline)) float processSampleMicro10(float excitation);
      |                                                                        ^~~~~~~~~~~~~~~~~~~~
C:/progs/ESPan/main/dsp/modal_resonator.h:118:72: warning: 'always_inline' function might not be inlinable [-Wattributes]
  118 |     template<bool Safety> DSP_HOT __attribute__((always_inline)) float processSampleMicro8(float excitation);
      |                                                                        ^~~~~~~~~~~~~~~~~~~
C:/progs/ESPan/main/dsp/modal_resonator.h:116:72: warning: 'always_inline' function might not be inlinable [-Wattributes]
  116 |     template<bool Safety> DSP_HOT __attribute__((always_inline)) float processSampleMicro6(float excitation);
      |                                                                        ^~~~~~~~~~~~~~~~~~~

ninja: build stopped: subcommand failed.

ninja failed with exit code 1, output of the command is in the C:\progs\ESPan\build-m81-profile\log\idf_py_stderr_output_12972 and C:\progs\ESPan\build-m81-profile\log\idf_py_stdout_output_12972
