ESP-ROM:esp32s3-20210327
Build:Mar 27 2021
rst:0x15 (USB_UART_CHIP_RESET),boot:0x8 (SPI_FAST_FLASH_BOOT)
Saved PC:0x42007b2d
SPIWP:0xee
mode:DIO, clock div:1
load:0x3fce2810,len:0x178c
load:0x403c8700,len:0x4
load:0x403c8704,len:0xcb8
load:0x403cb700,len:0x2db0
entry 0x403c8914
[0;32mI (26) boot: ESP-IDF v5.3-dirty 2nd stage bootloader[0m
[0;32mI (27) boot: compile time Oct  1 2026 14:37:35[0m
[0;32mI (27) boot: Multicore bootloader[0m
[0;32mI (30) boot: chip revision: v0.2[0m
[0;32mI (34) boot.esp32s3: Boot SPI Speed : 80MHz[0m
[0;32mI (39) boot.esp32s3: SPI Mode       : DIO[0m
[0;32mI (43) boot.esp32s3: SPI Flash Size : 4MB[0m
[0;32mI (48) boot: Enabling RNG early entropy source...[0m
[0;32mI (54) boot: Partition Table:[0m
[0;32mI (57) boot: ## Label            Usage          Type ST Offset   Length[0m
[0;32mI (64) boot:  0 nvs              WiFi data        01 02 00009000 00006000[0m
[0;32mI (72) boot:  1 phy_init         RF data          01 01 0000f000 00001000[0m
[0;32mI (79) boot:  2 factory          factory app      00 00 00010000 00100000[0m
[0;32mI (87) boot: End of partition table[0m
[0;32mI (91) esp_image: segment 0: paddr=00010020 vaddr=3c070020 size=20854h (133204) map[0m
[0;32mI (123) esp_image: segment 1: paddr=0003087c vaddr=3fca3100 size=04500h ( 17664) load[0m
[0;32mI (127) esp_image: segment 2: paddr=00034d84 vaddr=40374000 size=0b294h ( 45716) load[0m
[0;32mI (139) esp_image: segment 3: paddr=00040020 vaddr=42000020 size=65848h (415816) map[0m
[0;32mI (214) esp_image: segment 4: paddr=000a5870 vaddr=4037f294 size=13d6ch ( 81260) load[0m
[0;32mI (245) boot: Loaded app from partition at offset 0x10000[0m
[0;32mI (245) boot: Disabling RNG early entropy source...[0m
[0;32mI (257) esp_psram: Found 2MB PSRAM device[0m
[0;32mI (257) esp_psram: Speed: 40MHz[0m
[0;32mI (258) cpu_start: Multicore app[0m
[0;32mI (677) esp_psram: SPI SRAM memory test OK[0m
[0;32mI (686) cpu_start: Pro cpu start user code[0m
[0;32mI (686) cpu_start: cpu freq: 240000000 Hz[0m
[0;32mI (686) app_init: Application information:[0m
[0;32mI (689) app_init: Project name:     pocket_pan[0m
[0;32mI (694) app_init: App version:      a3f409c-dirty[0m
[0;32mI (700) app_init: Compile time:     Oct  1 2026 17:39:05[0m
[0;32mI (706) app_init: ELF file SHA256:  090b54c48...[0m
[0;32mI (711) app_init: ESP-IDF:          v5.3-dirty[0m
[0;32mI (716) efuse_init: Min chip rev:     v0.0[0m
[0;32mI (721) efuse_init: Max chip rev:     v0.99 [0m
[0;32mI (726) efuse_init: Chip rev:         v0.2[0m
[0;32mI (731) heap_init: Initializing. RAM available for dynamic allocation:[0m
[0;32mI (738) heap_init: At 3FCD4870 len 00014EA0 (83 KiB): RAM[0m
[0;32mI (744) heap_init: At 3FCE9710 len 00005724 (21 KiB): RAM[0m
[0;32mI (750) heap_init: At 3FCF0000 len 00008000 (32 KiB): DRAM[0m
[0;32mI (756) heap_init: At 600FE100 len 00001EE8 (7 KiB): RTCRAM[0m
[0;32mI (763) esp_psram: Adding pool of 2048K of PSRAM memory to heap allocator[0m
[0;32mI (771) spi_flash: detected chip: generic[0m
[0;32mI (775) spi_flash: flash io: dio[0m
[0;32mI (779) sleep: Configure to isolate all GPIO pins in sleep state[0m
[0;32mI (785) sleep: Enable automatic switching of GPIO sleep configuration[0m
[0;32mI (792) coexist: coex firmware version: dab85ae96[0m
[0;32mI (798) coexist: coexist rom version e7ae62f[0m
[0;32mI (803) main_task: Started on CPU0[0m
[0;32mI (813) esp_psram: Reserving pool of 32K of internal memory for DMA/internal allocations[0m
[0;32mI (813) main_task: Calling app_main()[0m
[0;32mI (823) pocket_pan_main: ===============================================[0m
[0;32mI (823) pocket_pan_main:   Pocket Pan / Metal Modal Synthesizer v1.0.0[0m
[0;32mI (833) pocket_pan_main:   Hardware: TENSTAR TS-ESP32-S3 (Feather TFT)[0m
[0;32mI (843) pocket_pan_main: ===============================================[0m
[0;32mI (853) pocket_pan_main: [FORENSICS] candidate=25 profile=0 cpu_mhz=240 optimization_perf=1 process6=1 fine_bins=5 critical_only=0[0m
[0;32mI (883) gpio: GPIO[10]| InputEn: 0| OutputEn: 1| OpenDrain: 0| Pullup: 0| Pulldown: 1| Intr:0 [0m
[0;32mI (883) AudioI2S: I2S TX initialized (48kHz, 32-bit slot, stereo, 6x128 frames DMA = 1024 bytes/buf)[0m
[0;32mI (893) AudioI2S: Audio task started on Core 0 at priority 12[0m
[0;32mI (903) Display: [DISP_MEM_PRE] before: int_free=107455 int_largest=31744 psram_free=2094528[0m
[0;33mW (903) Display: Internal SRAM (64800 B) exhausted; falling back to PSRAM[0m
[0;32mI (913) Display: [DISP_MEM] framebuffer=0x3c0a0a44 (size=64800, align=4, internal=0, dma=0, psram=1)[0m
[0;32mI (923) Display: [DISP_MEM] scratch=0x3fce5f44 (size=9600, align=4, internal=1, dma=1)[0m
[0;32mI (933) Display: [DISP_MEM] before: int_free=107455 int_largest=31744 psram_free=2094528[0m
[0;32mI (943) Display: [DISP_MEM] after:  int_free=97851 int_largest=31744 psram_free=2029724[0m
[0;32mI (953) gpio: GPIO[39]| InputEn: 0| OutputEn: 1| OpenDrain: 0| Pullup: 0| Pulldown: 0| Intr:0 [0m
[0;32mI (963) gpio: GPIO[40]| InputEn: 0| OutputEn: 1| OpenDrain: 0| Pullup: 0| Pulldown: 0| Intr:0 [0m
[0;32mI (973) gpio: GPIO[21]| InputEn: 0| OutputEn: 1| OpenDrain: 0| Pullup: 0| Pulldown: 0| Intr:0 [0m
[0;32mI (1203) gpio: GPIO[45]| InputEn: 0| OutputEn: 1| OpenDrain: 0| Pullup: 0| Pulldown: 0| Intr:0 [0m
[0;31mE (1203) lcd_panel.io.spi: panel_io_spi_tx_color(390): spi transmit (queue) color failed[0m
[0;31mE (1203) lcd_panel.st7789: panel_st7789_draw_bitmap(223): io tx color failed[0m
[0;32mI (1213) Display: ST7789 240x135 display initialized successfully (SPI 40MHz, GDMA callback armed)[0m
[0;32mI (1223) pocket_pan_main: [CANARY] PreparedNote canaries OK=1[0m
[0;32mI (1233) BLE_INIT: BT controller compile version [ba3b3e3][0m
[0;32mI (1233) BLE_INIT: Bluetooth MAC: b4:3a:45:ae:6f:2a[0m
[0;32mI (1243) phy_init: phy_version 680,a6008b2,Jun  4 2024,16:41:10[0m
[0;33mW (1283) phy_init: saving new calibration data because of checksum failure, mode(0)[0m
[0;32mI (1343) BleMidi: NimBLE Host task running on Core 1[0m
[0;32mI (1343) BleMidi: NimBLE BLE MIDI Central initialized and pinned to Core 1[0m
[0;32mI (1343) pocket_pan_main: [M75_MEMORY] table_bytes=9640 cache_bytes=86760 synth_bytes=107848 internal_free=35151 largest_internal=25600[0m
[0;32mI (1343) NimBLE: Failed to restore IRKs from store; status=8
[0m
[0;32mI (1353) pocket_pan_main: [UDU_CACHE] compact_bytes=5928 full_tables=9[0m
[0;32mI (1363) NimBLE: GAP procedure initiated: discovery; [0m
[0;32mI (1363) pocket_pan_main: [UDU_STATE] voice_bytes=124 fixed_reference=0[0m
[0;32mI (1373) NimBLE: own_addr_type=0 filter_policy=0 passive=0 limited=0 filter_duplicates=1 [0m
[0;32mI (1383) pocket_pan_main: Pocket Pan initialization complete. Realtime audio active.[0m
[0;32mI (1393) NimBLE: duration=forever[0m
[0;32mI (1403) NimBLE: 
[0m
[0;32mI (1393) main_task: Returned from app_main()[0m
[0;32mI (1403) BleMidi: Scanning for BLE MIDI devices...[0m
[0;32mI (1393) gpio: GPIO[0]| InputEn: 1| OutputEn: 0| OpenDrain: 0| Pullup: 1| Pulldown: 0| Intr:0 [0m
[0;31mE (1433) lcd_panel.io.spi: panel_io_spi_tx_color(390): spi transmit (queue) color failed[0m
[0;31mE (1433) lcd_panel.st7789: panel_st7789_draw_bitmap(223): io tx color failed[0m
[0;32mI (1433) BleMidi: BLE MIDI device found (59:FB:B6:B7:BF:0F); connecting[0m
[0;32mI (1453) NimBLE: GAP procedure initiated: connect; [0m
[0;32mI (1453) NimBLE: peer_addr_type=0 peer_addr=[0m
[0;32mI (1463) NimBLE: 59:fb:b6:b7:bf:0f[0m
[0;32mI (1463) NimBLE:  scan_itvl=16 scan_window=16 itvl_min=24 itvl_max=40 latency=0 supervision_timeout=256 min_ce_len=0 max_ce_len=0 own_addr_type=0[0m
[0;32mI (1473) NimBLE: 
[0m
[0;31mE (1483) lcd_panel.io.spi: panel_io_spi_tx_color(390): spi transmit (queue) color failed[0m
[0;31mE (1493) lcd_panel.st7789: panel_st7789_draw_bitmap(223): io tx color failed[0m
[0;31mE (1523) lcd_panel.io.spi: panel_io_spi_tx_color(390): spi transmit (queue) color failed[0m
[0;31mE (1523) lcd_panel.st7789: panel_st7789_draw_bitmap(223): io tx color failed[0m
[0;32mI (1543) BleMidi: BLE Connected! conn_handle=1[0m
[0;32mI (1543) NimBLE: GAP procedure initiated: [0m
[0;32mI (1543) NimBLE: connection parameter update; conn_handle=1 itvl_min=6 itvl_max=12 latency=0 supervision_timeout=200 min_ce_len=0 max_ce_len=0[0m
[0;32mI (1553) NimBLE: 
[0m
[0;32mI (1563) BleMidi: Requested connection params 7.5-15ms latency=0 timeout=2s rc=0[0m
[0;32mI (1563) NimBLE: GATT procedure initiated: discover all services
[0m
[0;32mI (1833) BleMidi: Found BLE MIDI Service! start_handle=112 end_handle=115[0m
[0;32mI (1833) NimBLE: GATT procedure initiated: discover all characteristics; [0m
[0;32mI (1843) NimBLE: start_handle=112 end_handle=115
[0m
[0;32mI (1933) BleMidi: Found BLE MIDI Characteristic! def_handle=113 val_handle=114 props=0x16[0m
[0;32mI (1933) NimBLE: GATT procedure initiated: discover all descriptors; [0m
[0;32mI (1943) NimBLE: chr_val_handle=114 end_handle=115
[0m
[0;32mI (2093) BleMidi: Negotiated params interval=7.50ms latency=0 timeout=2000ms[0m
[0;32mI (2093) BleMidi: Discovered CCCD (0x2902) handle=115[0m
[0;32mI (2103) NimBLE: GATT procedure initiated: write; [0m
[0;32mI (2103) NimBLE: att_handle=115 len=2
[0m
[0;32mI (2123) BleMidi: CCCD subscription successful; BLE MIDI ready[0m
[0;32mI (2123) NimBLE: GAP procedure initiated: [0m
[0;32mI (2123) NimBLE: connection parameter update; conn_handle=1 itvl_min=6 itvl_max=9 latency=0 supervision_timeout=100 min_ce_len=0 max_ce_len=0[0m
[0;32mI (2133) NimBLE: 
[0m
[0;32mI (2213) BleMidi: Negotiated params interval=11.25ms latency=0 timeout=1000ms[0m
[0;32mI (5803) pocket_pan_main: [AUDIO] model=PAN blocks=1831 avg_us=266 p99_us=0 max_us=916 cpu_load=10.0 deadline=0 timeout=0 tx_error=0 short=0[0m
[0;32mI (5803) pocket_pan_main: [MIDI] push=0 pop=0 drop=0 hwm=0 last=(n=62 v=0 t=78 hex=000000)[0m
[0;32mI (5813) pocket_pan_main: [BLE] state=8 interval_ms=11.25 latency=0 rssi=-64 reconnects=0 last_disconnect=0[0m
[0;32mI (5823) pocket_pan_main: [MEM] internal_free=35483 largest_internal=21504[0m
[0;32mI (5833) pocket_pan_main: [UIREDRAW] urgent=7 telemetry=18 skip=119[0m
[0;32mI (10813) pocket_pan_main: [AUDIO] model=PAN blocks=3712 avg_us=268 p99_us=425 max_us=916 cpu_load=10.0 deadline=0 timeout=0 tx_error=0 short=0[0m
[0;32mI (10813) pocket_pan_main: [MIDI] push=0 pop=0 drop=0 hwm=0 last=(n=62 v=0 t=78 hex=000000)[0m
[0;32mI (10823) pocket_pan_main: [BLE] state=8 interval_ms=11.25 latency=0 rssi=-67 reconnects=0 last_disconnect=0[0m
[0;32mI (10833) pocket_pan_main: [MEM] internal_free=35483 largest_internal=21504[0m
[0;32mI (10843) pocket_pan_main: [UIREDRAW] urgent=7 telemetry=41 skip=262[0m
[0;32mI (15833) pocket_pan_main: [AUDIO] model=PAN blocks=5594 avg_us=272 p99_us=400 max_us=916 cpu_load=10.2 deadline=0 timeout=0 tx_error=0 short=0[0m
[0;32mI (15833) pocket_pan_main: [MIDI] push=0 pop=0 drop=0 hwm=0 last=(n=62 v=0 t=78 hex=000000)[0m
[0;32mI (15843) pocket_pan_main: [BLE] state=8 interval_ms=11.25 latency=0 rssi=-66 reconnects=0 last_disconnect=0[0m
[0;32mI (15853) pocket_pan_main: [MEM] internal_free=35483 largest_internal=21504[0m
[0;32mI (15863) pocket_pan_main: [UIREDRAW] urgent=7 telemetry=62 skip=407[0m
[0;32mI (20853) pocket_pan_main: [AUDIO] model=PAN blocks=7476 avg_us=273 p99_us=400 max_us=916 cpu_load=10.2 deadline=0 timeout=0 tx_error=0 short=0[0m
[0;32mI (20853) pocket_pan_main: [MIDI] push=0 pop=0 drop=0 hwm=0 last=(n=62 v=0 t=78 hex=000000)[0m
[0;32mI (20863) pocket_pan_main: [BLE] state=8 interval_ms=11.25 latency=0 rssi=-62 reconnects=0 last_disconnect=0[0m
[0;32mI (20873) pocket_pan_main: [MEM] internal_free=35483 largest_internal=21504[0m
[0;32mI (20883) pocket_pan_main: [UIREDRAW] urgent=7 telemetry=83 skip=552[0m
[0;32mI (24013) forensics: [SAFETY] fixture=0 hard=0 sat=0 nonfinite=0 ble_lost=0[0m
[0;32mI (24013) forensics: [EVENT_ONLY] fixture=0 n=44 avg_us=113.40 max_us=121[0m
[0;32mI (24013) forensics: [FIXTURE_IO] model=UDU fixture=0 avg_us=272 p99_us=400 max_us=916 cpu_pct=10.20 deadline=0 timeouts=0 tx_errors=0 short_writes=0[0m
[0;32mI (24033) forensics: [CURVE] model=UDU fixture=0 voices=1 class=true_steady n=7531 avg_us=253.09 p95_us=270 p99_us=315 p995_us=325 p999_us=350 max_us=419 deadline=0 bad_voices=0 ble_lost=0 hard=0 sat=0 bin_us=5 max_observed_voices=1[0m
[0;32mI (24053) forensics: [HIST] fixture=0 class=true_steady lower_us=250 n=6099[0m
[0;32mI (24063) forensics: [HIST] fixture=0 class=true_steady lower_us=255 n=651[0m
[0;32mI (24063) forensics: [HIST] fixture=0 class=true_steady lower_us=260 n=175[0m
[0;32mI (24073) forensics: [HIST] fixture=0 class=true_steady lower_us=265 n=298[0m
[0;32mI (24083) forensics: [HIST] fixture=0 class=true_steady lower_us=270 n=61[0m
[0;32mI (24093) forensics: [HIST] fixture=0 class=true_steady lower_us=275 n=60[0m
[0;32mI (24093) forensics: [HIST] fixture=0 class=true_steady lower_us=280 n=16[0m
[0;32mI (24103) forensics: [HIST] fixture=0 class=true_steady lower_us=285 n=29[0m
[0;32mI (24113) forensics: [HIST] fixture=0 class=true_steady lower_us=290 n=12[0m
[0;32mI (24123) forensics: [HIST] fixture=0 class=true_steady lower_us=295 n=14[0m
[0;32mI (24123) forensics: [HIST] fixture=0 class=true_steady lower_us=300 n=24[0m
[0;32mI (24133) forensics: [HIST] fixture=0 class=true_steady lower_us=305 n=16[0m
[0;32mI (24143) forensics: [HIST] fixture=0 class=true_steady lower_us=310 n=24[0m
[0;32mI (24153) forensics: [HIST] fixture=0 class=true_steady lower_us=315 n=12[0m
[0;32mI (24153) forensics: [HIST] fixture=0 class=true_steady lower_us=320 n=13[0m
[0;32mI (24163) forensics: [HIST] fixture=0 class=true_steady lower_us=325 n=7[0m
[0;32mI (24173) forensics: [HIST] fixture=0 class=true_steady lower_us=330 n=5[0m
[0;32mI (24183) forensics: [HIST] fixture=0 class=true_steady lower_us=335 n=5[0m
[0;32mI (24183) forensics: [HIST] fixture=0 class=true_steady lower_us=340 n=1[0m
[0;32mI (24193) forensics: [HIST] fixture=0 class=true_steady lower_us=345 n=3[0m
[0;32mI (24203) forensics: [HIST] fixture=0 class=true_steady lower_us=355 n=1[0m
[0;32mI (24213) forensics: [HIST] fixture=0 class=true_steady lower_us=365 n=2[0m
[0;32mI (24213) forensics: [HIST] fixture=0 class=true_steady lower_us=370 n=1[0m
[0;32mI (24223) forensics: [HIST] fixture=0 class=true_steady lower_us=375 n=1[0m
[0;32mI (24233) forensics: [HIST] fixture=0 class=true_steady lower_us=415 n=1[0m
[0;32mI (24243) forensics: [CALLBACK_CURVE] model=UDU fixture=0 voices=1 class=true_steady n=7530 avg_us=266.63 p95_us=300 p99_us=380 p995_us=405 p999_us=465 max_us=565 deadline=0 overhead_avg_us=13.54[0m
[0;32mI (24253) forensics: [CALLBACK_HIST] fixture=0 class=true_steady lower_us=255 n=4682[0m
[0;32mI (24263) forensics: [CALLBACK_HIST] fixture=0 class=true_steady lower_us=260 n=905[0m
[0;32mI (24273) forensics: [CALLBACK_HIST] fixture=0 class=true_steady lower_us=265 n=477[0m
[0;32mI (24283) forensics: [CALLBACK_HIST] fixture=0 class=true_steady lower_us=270 n=165[0m
[0;32mI (24293) forensics: [CALLBACK_HIST] fixture=0 class=true_steady lower_us=275 n=393[0m
[0;32mI (24303) forensics: [CALLBACK_HIST] fixture=0 class=true_steady lower_us=280 n=151[0m
[0;32mI (24303) forensics: [CALLBACK_HIST] fixture=0 class=true_steady lower_us=285 n=177[0m
[0;32mI (24313) forensics: [CALLBACK_HIST] fixture=0 class=true_steady lower_us=290 n=156[0m
[0;32mI (24323) forensics: [CALLBACK_HIST] fixture=0 class=true_steady lower_us=295 n=61[0m
[0;32mI (24333) forensics: [CALLBACK_HIST] fixture=0 class=true_steady lower_us=300 n=42[0m
[0;32mI (24343) forensics: [CALLBACK_HIST] fixture=0 class=true_steady lower_us=305 n=63[0m
[0;32mI (24353) forensics: [CALLBACK_HIST] fixture=0 class=true_steady lower_us=310 n=60[0m
[0;32mI (24353) forensics: [CALLBACK_HIST] fixture=0 class=true_steady lower_us=315 n=32[0m
[0;32mI (24363) forensics: [CALLBACK_HIST] fixture=0 class=true_steady lower_us=320 n=12[0m
[0;32mI (24373) forensics: [CALLBACK_HIST] fixture=0 class=true_steady lower_us=325 n=14[0m
[0;32mI (24383) forensics: [CALLBACK_HIST] fixture=0 class=true_steady lower_us=330 n=7[0m
[0;32mI (24393) forensics: [CALLBACK_HIST] fixture=0 class=true_steady lower_us=335 n=8[0m
[0;32mI (24393) forensics: [CALLBACK_HIST] fixture=0 class=true_steady lower_us=340 n=5[0m
[0;32mI (24403) forensics: [CALLBACK_HIST] fixture=0 class=true_steady lower_us=345 n=3[0m
[0;32mI (24413) forensics: [CALLBACK_HIST] fixture=0 class=true_steady lower_us=350 n=6[0m
[0;32mI (24423) forensics: [CALLBACK_HIST] fixture=0 class=true_steady lower_us=355 n=4[0m
[0;32mI (24433) forensics: [CALLBACK_HIST] fixture=0 class=true_steady lower_us=360 n=7[0m
[0;32mI (24443) forensics: [CALLBACK_HIST] fixture=0 class=true_steady lower_us=365 n=10[0m
[0;32mI (24443) forensics: [CALLBACK_HIST] fixture=0 class=true_steady lower_us=370 n=6[0m
[0;32mI (24453) forensics: [CALLBACK_HIST] fixture=0 class=true_steady lower_us=375 n=9[0m
[0;32mI (24463) forensics: [CALLBACK_HIST] fixture=0 class=true_steady lower_us=380 n=9[0m
[0;32mI (24473) forensics: [CALLBACK_HIST] fixture=0 class=true_steady lower_us=385 n=7[0m
[0;32mI (24483) forensics: [CALLBACK_HIST] fixture=0 class=true_steady lower_us=390 n=10[0m
[0;32mI (24483) forensics: [CALLBACK_HIST] fixture=0 class=true_steady lower_us=395 n=6[0m
[0;32mI (24493) forensics: [CALLBACK_HIST] fixture=0 class=true_steady lower_us=400 n=6[0m
[0;32mI (24503) forensics: [CALLBACK_HIST] fixture=0 class=true_steady lower_us=405 n=5[0m
[0;32mI (24513) forensics: [CALLBACK_HIST] fixture=0 class=true_steady lower_us=410 n=2[0m
[0;32mI (24523) forensics: [CALLBACK_HIST] fixture=0 class=true_steady lower_us=415 n=1[0m
[0;32mI (24533) forensics: [CALLBACK_HIST] fixture=0 class=true_steady lower_us=420 n=9[0m
[0;32mI (24533) forensics: [CALLBACK_HIST] fixture=0 class=true_steady lower_us=425 n=1[0m
[0;32mI (24543) forensics: [CALLBACK_HIST] fixture=0 class=true_steady lower_us=430 n=1[0m
[0;32mI (24553) forensics: [CALLBACK_HIST] fixture=0 class=true_steady lower_us=435 n=2[0m
[0;32mI (24563) forensics: [CALLBACK_HIST] fixture=0 class=true_steady lower_us=440 n=1[0m
[0;32mI (24573) forensics: [CALLBACK_HIST] fixture=0 class=true_steady lower_us=445 n=4[0m
[0;32mI (24573) forensics: [CALLBACK_HIST] fixture=0 class=true_steady lower_us=450 n=1[0m
[0;32mI (24583) forensics: [CALLBACK_HIST] fixture=0 class=true_steady lower_us=455 n=1[0m
[0;32mI (24593) forensics: [CALLBACK_HIST] fixture=0 class=true_steady lower_us=460 n=2[0m
[0;32mI (24603) forensics: [CALLBACK_HIST] fixture=0 class=true_steady lower_us=465 n=1[0m
[0;32mI (24613) forensics: [CALLBACK_HIST] fixture=0 class=true_steady lower_us=475 n=1[0m
[0;32mI (24613) forensics: [CALLBACK_HIST] fixture=0 class=true_steady lower_us=485 n=3[0m
[0;32mI (24623) forensics: [CALLBACK_HIST] fixture=0 class=true_steady lower_us=515 n=1[0m
[0;32mI (24633) forensics: [CALLBACK_HIST] fixture=0 class=true_steady lower_us=565 n=1[0m
[0;32mI (24643) forensics: [CURVE] model=UDU fixture=0 voices=1 class=attack_tail n=616 avg_us=284.70 p95_us=310 p99_us=360 p995_us=365 p999_us=415 max_us=410 deadline=0 bad_voices=0 ble_lost=0 hard=0 sat=0 bin_us=5 max_observed_voices=1[0m
[0;32mI (24663) forensics: [HIST] fixture=0 class=attack_tail lower_us=280 n=459[0m
[0;32mI (24673) forensics: [HIST] fixture=0 class=attack_tail lower_us=285 n=86[0m
[0;32mI (24683) forensics: [HIST] fixture=0 class=attack_tail lower_us=290 n=9[0m
[0;32mI (24683) forensics: [HIST] fixture=0 class=attack_tail lower_us=295 n=6[0m
[0;32mI (24693) forensics: [HIST] fixture=0 class=attack_tail lower_us=300 n=17[0m
[0;32mI (24703) forensics: [HIST] fixture=0 class=attack_tail lower_us=305 n=14[0m
[0;32mI (24713) forensics: [HIST] fixture=0 class=attack_tail lower_us=310 n=6[0m
[0;32mI (24713) forensics: [HIST] fixture=0 class=attack_tail lower_us=315 n=1[0m
[0;32mI (24723) forensics: [HIST] fixture=0 class=attack_tail lower_us=325 n=2[0m
[0;32mI (24733) forensics: [HIST] fixture=0 class=attack_tail lower_us=330 n=3[0m
[0;32mI (24733) forensics: [HIST] fixture=0 class=attack_tail lower_us=340 n=1[0m
[0;32mI (24743) forensics: [HIST] fixture=0 class=attack_tail lower_us=345 n=3[0m
[0;32mI (24753) forensics: [HIST] fixture=0 class=attack_tail lower_us=350 n=1[0m
[0;32mI (24763) forensics: [HIST] fixture=0 class=attack_tail lower_us=355 n=2[0m
[0;32mI (24763) forensics: [HIST] fixture=0 class=attack_tail lower_us=360 n=4[0m
[0;32mI (24773) forensics: [HIST] fixture=0 class=attack_tail lower_us=365 n=1[0m
[0;32mI (24783) forensics: [HIST] fixture=0 class=attack_tail lower_us=410 n=1[0m
[0;32mI (24793) forensics: [CALLBACK_CURVE] model=UDU fixture=0 voices=1 class=attack_tail n=616 avg_us=301.26 p95_us=355 p99_us=435 p995_us=460 p999_us=525 max_us=524 deadline=0 overhead_avg_us=16.57[0m
[0;32mI (24803) forensics: [CALLBACK_HIST] fixture=0 class=attack_tail lower_us=285 n=322[0m
[0;32mI (24813) forensics: [CALLBACK_HIST] fixture=0 class=attack_tail lower_us=290 n=88[0m
[0;32mI (24823) forensics: [CALLBACK_HIST] fixture=0 class=attack_tail lower_us=295 n=27[0m
[0;32mI (24833) forensics: [CALLBACK_HIST] fixture=0 class=attack_tail lower_us=300 n=21[0m
[0;32mI (24843) forensics: [CALLBACK_HIST] fixture=0 class=attack_tail lower_us=305 n=28[0m
[0;32mI (24853) forensics: [CALLBACK_HIST] fixture=0 class=attack_tail lower_us=310 n=30[0m
[0;32mI (24853) forensics: [CALLBACK_HIST] fixture=0 class=attack_tail lower_us=315 n=17[0m
[0;32mI (24863) forensics: [CALLBACK_HIST] fixture=0 class=attack_tail lower_us=320 n=12[0m
[0;32mI (24873) forensics: [CALLBACK_HIST] fixture=0 class=attack_tail lower_us=325 n=8[0m
[0;32mI (24883) forensics: [CALLBACK_HIST] fixture=0 class=attack_tail lower_us=330 n=8[0m
[0;32mI (24893) forensics: [CALLBACK_HIST] fixture=0 class=attack_tail lower_us=335 n=12[0m
[0;32mI (24893) forensics: [CALLBACK_HIST] fixture=0 class=attack_tail lower_us=340 n=5[0m
[0;32mI (24903) forensics: [CALLBACK_HIST] fixture=0 class=attack_tail lower_us=345 n=7[0m
[0;32mI (24913) forensics: [CALLBACK_HIST] fixture=0 class=attack_tail lower_us=350 n=6[0m
[0;32mI (24923) forensics: [CALLBACK_HIST] fixture=0 class=attack_tail lower_us=355 n=4[0m
[0;32mI (24933) forensics: [CALLBACK_HIST] fixture=0 class=attack_tail lower_us=360 n=2[0m
[0;32mI (24943) forensics: [CALLBACK_HIST] fixture=0 class=attack_tail lower_us=365 n=4[0m
[0;32mI (24943) forensics: [CALLBACK_HIST] fixture=0 class=attack_tail lower_us=370 n=3[0m
[0;32mI (24953) forensics: [CALLBACK_HIST] fixture=0 class=attack_tail lower_us=375 n=1[0m
[0;32mI (24963) forensics: [CALLBACK_HIST] fixture=0 class=attack_tail lower_us=380 n=1[0m
[0;32mI (24973) forensics: [CALLBACK_HIST] fixture=0 class=attack_tail lower_us=395 n=1[0m
[0;32mI (24983) forensics: [CALLBACK_HIST] fixture=0 class=attack_tail lower_us=425 n=2[0m
[0;32mI (24983) forensics: [CALLBACK_HIST] fixture=0 class=attack_tail lower_us=430 n=1[0m
[0;32mI (24993) forensics: [CALLBACK_HIST] fixture=0 class=attack_tail lower_us=450 n=2[0m
[0;32mI (25003) forensics: [CALLBACK_HIST] fixture=0 class=attack_tail lower_us=455 n=1[0m
[0;32mI (25013) forensics: [CALLBACK_HIST] fixture=0 class=attack_tail lower_us=485 n=1[0m
[0;32mI (25023) forensics: [CALLBACK_HIST] fixture=0 class=attack_tail lower_us=515 n=1[0m
[0;32mI (25033) forensics: [CALLBACK_HIST] fixture=0 class=attack_tail lower_us=520 n=1[0m
[0;32mI (25033) forensics: [CURVE] model=UDU fixture=0 voices=1 class=event n=44 avg_us=421.45 p95_us=435 p99_us=470 p995_us=470 p999_us=470 max_us=469 deadline=0 bad_voices=0 ble_lost=0 hard=0 sat=0 bin_us=5 max_observed_voices=1[0m
[0;32mI (25053) forensics: [HIST] fixture=0 class=event lower_us=410 n=3[0m
[0;32mI (25063) forensics: [HIST] fixture=0 class=event lower_us=415 n=22[0m
[0;32mI (25073) forensics: [HIST] fixture=0 class=event lower_us=420 n=10[0m
[0;32mI (25073) forensics: [HIST] fixture=0 class=event lower_us=425 n=6[0m
[0;32mI (25083) forensics: [HIST] fixture=0 class=event lower_us=430 n=1[0m
[0;32mI (25093) forensics: [HIST] fixture=0 class=event lower_us=465 n=2[0m
[0;32mI (25103) forensics: [CALLBACK_CURVE] model=UDU fixture=0 voices=1 class=event n=44 avg_us=507.30 p95_us=535 p99_us=615 p995_us=615 p999_us=615 max_us=613 deadline=0 overhead_avg_us=85.84[0m
[0;32mI (25113) forensics: [CALLBACK_HIST] fixture=0 class=event lower_us=485 n=1[0m
[0;32mI (25123) forensics: [CALLBACK_HIST] fixture=0 class=event lower_us=490 n=3[0m
[0;32mI (25133) forensics: [CALLBACK_HIST] fixture=0 class=event lower_us=495 n=13[0m
[0;32mI (25143) forensics: [CALLBACK_HIST] fixture=0 class=event lower_us=500 n=8[0m
[0;32mI (25143) forensics: [CALLBACK_HIST] fixture=0 class=event lower_us=505 n=10[0m
[0;32mI (25153) forensics: [CALLBACK_HIST] fixture=0 class=event lower_us=510 n=1[0m
[0;32mI (25163) forensics: [CALLBACK_HIST] fixture=0 class=event lower_us=515 n=2[0m
[0;32mI (25173) forensics: [CALLBACK_HIST] fixture=0 class=event lower_us=520 n=2[0m
[0;32mI (25173) forensics: [CALLBACK_HIST] fixture=0 class=event lower_us=525 n=1[0m
[0;32mI (25183) forensics: [CALLBACK_HIST] fixture=0 class=event lower_us=530 n=1[0m
[0;32mI (25193) forensics: [CALLBACK_HIST] fixture=0 class=event lower_us=555 n=1[0m
[0;32mI (25203) forensics: [CALLBACK_HIST] fixture=0 class=event lower_us=610 n=1[0m
[0;32mI (25203) forensics: [CURVE] model=UDU fixture=0 voices=1 class=fixture_transition n=1 avg_us=708.41 p95_us=710 p99_us=710 p995_us=710 p999_us=710 max_us=709 deadline=0 bad_voices=0 ble_lost=0 hard=0 sat=0 bin_us=5 max_observed_voices=1[0m
[0;32mI (25233) forensics: [HIST] fixture=0 class=fixture_transition lower_us=705 n=1[0m
[0;32mI (25233) forensics: [CALLBACK_CURVE] model=UDU fixture=0 voices=1 class=fixture_transition n=1 avg_us=916.00 p95_us=920 p99_us=920 p995_us=920 p999_us=920 max_us=916 deadline=0 overhead_avg_us=207.59[0m
[0;32mI (25253) forensics: [CALLBACK_HIST] fixture=0 class=fixture_transition lower_us=915 n=1[0m
[0;32mI (25263) forensics: [FASTPATH] fixture=0 stable8=0 attack=0[0m
[0;32mI (25273) forensics: [OVERHEAD] fixture=0 blocks=8651 model_reset_avg_us=1.55 model_reset_max_us=25 queue_avg_us=1.98 queue_max_us=30 render_avg_us=247.89 telem_avg_us=3.18 telem_max_us=78 telem_publishes=1081[0m
[0;32mI (25863) pocket_pan_main: [AUDIO] model=PAN blocks=9354 avg_us=629 p99_us=0 max_us=1204 cpu_load=23.6 deadline=0 timeout=0 tx_error=0 short=0[0m
[0;32mI (25863) pocket_pan_main: [MIDI] push=0 pop=0 drop=0 hwm=0 last=(n=62 v=0 t=78 hex=000000)[0m
[0;32mI (25873) pocket_pan_main: [BLE] state=8 interval_ms=11.25 latency=0 rssi=-62 reconnects=0 last_disconnect=0[0m
[0;32mI (25883) pocket_pan_main: [MEM] internal_free=26843 largest_internal=9216[0m
[0;32mI (25893) pocket_pan_main: [UIREDRAW] urgent=10 telemetry=99 skip=656[0m
[0;32mI (30873) pocket_pan_main: [AUDIO] model=PAN blocks=11234 avg_us=630 p99_us=975 max_us=1455 cpu_load=23.6 deadline=0 timeout=0 tx_error=0 short=0[0m
[0;32mI (30873) pocket_pan_main: [MIDI] push=0 pop=0 drop=0 hwm=0 last=(n=62 v=0 t=78 hex=000000)[0m
[0;32mI (30883) pocket_pan_main: [BLE] state=8 interval_ms=11.25 latency=0 rssi=-64 reconnects=0 last_disconnect=0[0m
[0;32mI (30893) pocket_pan_main: [MEM] internal_free=35483 largest_internal=21504[0m
[0;32mI (30903) pocket_pan_main: [UIREDRAW] urgent=30 telemetry=116 skip=785[0m
[0;32mI (35893) pocket_pan_main: [AUDIO] model=PAN blocks=13116 avg_us=626 p99_us=950 max_us=1455 cpu_load=23.5 deadline=0 timeout=0 tx_error=0 short=0[0m
[0;32mI (35893) pocket_pan_main: [MIDI] push=0 pop=0 drop=0 hwm=0 last=(n=62 v=0 t=78 hex=000000)[0m
[0;32mI (35903) pocket_pan_main: [BLE] state=8 interval_ms=11.25 latency=0 rssi=-63 reconnects=0 last_disconnect=0[0m
[0;32mI (35913) pocket_pan_main: [MEM] internal_free=35483 largest_internal=21504[0m
[0;32mI (35923) pocket_pan_main: [UIREDRAW] urgent=50 telemetry=132 skip=915[0m
[0;32mI (40913) pocket_pan_main: [AUDIO] model=PAN blocks=14998 avg_us=635 p99_us=950 max_us=1455 cpu_load=23.8 deadline=0 timeout=0 tx_error=0 short=0[0m
[0;32mI (40913) pocket_pan_main: [MIDI] push=0 pop=0 drop=0 hwm=0 last=(n=62 v=0 t=78 hex=000000)[0m
[0;32mI (40923) pocket_pan_main: [BLE] state=8 interval_ms=11.25 latency=0 rssi=-60 reconnects=0 last_disconnect=0[0m
[0;32mI (40933) pocket_pan_main: [MEM] internal_free=35483 largest_internal=21504[0m
[0;32mI (40943) pocket_pan_main: [UIREDRAW] urgent=70 telemetry=147 skip=1046[0m
[0;32mI (45833) forensics: [SAFETY] fixture=1 hard=0 sat=0 nonfinite=0 ble_lost=0[0m
[0;32mI (45833) forensics: [EVENT_ONLY] fixture=1 n=44 avg_us=127.52 max_us=236[0m
[0;32mI (45833) forensics: [FIXTURE_IO] model=UDU fixture=1 avg_us=625 p99_us=950 max_us=1583 cpu_pct=23.43 deadline=0 timeouts=0 tx_errors=0 short_writes=0[0m
[0;32mI (45853) forensics: [CURVE] model=UDU fixture=1 voices=4 class=true_steady n=7531 avg_us=595.02 p95_us=695 p99_us=790 p995_us=830 p999_us=1025 max_us=1056 deadline=0 bad_voices=731 ble_lost=0 hard=0 sat=0 bin_us=5 max_observed_voices=4[0m
[0;32mI (45873) forensics: [HIST] fixture=1 class=true_steady lower_us=475 n=414[0m
[0;32mI (45883) forensics: [HIST] fixture=1 class=true_steady lower_us=480 n=83[0m
[0;32mI (45893) forensics: [HIST] fixture=1 class=true_steady lower_us=485 n=63[0m
[0;32mI (45893) forensics: [HIST] fixture=1 class=true_steady lower_us=490 n=20[0m
[0;32mI (45903) forensics: [HIST] fixture=1 class=true_steady lower_us=495 n=2[0m
[0;32mI (45913) forensics: [HIST] fixture=1 class=true_steady lower_us=500 n=3[0m
[0;32mI (45913) forensics: [HIST] fixture=1 class=true_steady lower_us=505 n=4[0m
[0;32mI (45923) forensics: [HIST] fixture=1 class=true_steady lower_us=510 n=2[0m
[0;32mI (45933) forensics: [HIST] fixture=1 class=true_steady lower_us=520 n=2[0m
[0;32mI (45943) forensics: [HIST] fixture=1 class=true_steady lower_us=525 n=2[0m
[0;32mI (45943) forensics: [HIST] fixture=1 class=true_steady lower_us=530 n=2[0m
[0;32mI (45953) forensics: [HIST] fixture=1 class=true_steady lower_us=535 n=3[0m
[0;32mI (45963) forensics: [HIST] fixture=1 class=true_steady lower_us=540 n=3[0m
[0;32mI (45973) forensics: [HIST] fixture=1 class=true_steady lower_us=545 n=1[0m
[0;32mI (45973) forensics: [HIST] fixture=1 class=true_steady lower_us=550 n=14[0m
[0;32mI (45983) forensics: [HIST] fixture=1 class=true_steady lower_us=555 n=6[0m
[0;32mI (45993) forensics: [HIST] fixture=1 class=true_steady lower_us=560 n=1[0m
[0;32mI (46003) forensics: [HIST] fixture=1 class=true_steady lower_us=565 n=4[0m
[0;32mI (46003) forensics: [HIST] fixture=1 class=true_steady lower_us=570 n=7[0m
[0;32mI (46013) forensics: [HIST] fixture=1 class=true_steady lower_us=575 n=4[0m
[0;32mI (46023) forensics: [HIST] fixture=1 class=true_steady lower_us=580 n=49[0m
[0;32mI (46033) forensics: [HIST] fixture=1 class=true_steady lower_us=585 n=4285[0m
[0;32mI (46033) forensics: [HIST] fixture=1 class=true_steady lower_us=590 n=639[0m
[0;32mI (46043) forensics: [HIST] fixture=1 class=true_steady lower_us=595 n=519[0m
[0;32mI (46053) forensics: [HIST] fixture=1 class=true_steady lower_us=600 n=108[0m
[0;32mI (46063) forensics: [HIST] fixture=1 class=true_steady lower_us=605 n=72[0m
[0;32mI (46063) forensics: [HIST] fixture=1 class=true_steady lower_us=610 n=55[0m
[0;32mI (46073) forensics: [HIST] fixture=1 class=true_steady lower_us=615 n=51[0m
[0;32mI (46083) forensics: [HIST] fixture=1 class=true_steady lower_us=620 n=38[0m
[0;32mI (46093) forensics: [HIST] fixture=1 class=true_steady lower_us=625 n=51[0m
[0;32mI (46093) forensics: [HIST] fixture=1 class=true_steady lower_us=630 n=76[0m
[0;32mI (46103) forensics: [HIST] fixture=1 class=true_steady lower_us=635 n=88[0m
[0;32mI (46113) forensics: [HIST] fixture=1 class=true_steady lower_us=640 n=114[0m
[0;32mI (46123) forensics: [HIST] fixture=1 class=true_steady lower_us=645 n=65[0m
[0;32mI (46123) forensics: [HIST] fixture=1 class=true_steady lower_us=650 n=20[0m
[0;32mI (46133) forensics: [HIST] fixture=1 class=true_steady lower_us=655 n=19[0m
[0;32mI (46143) forensics: [HIST] fixture=1 class=true_steady lower_us=660 n=12[0m
[0;32mI (46153) forensics: [HIST] fixture=1 class=true_steady lower_us=665 n=10[0m
[0;32mI (46153) forensics: [HIST] fixture=1 class=true_steady lower_us=670 n=16[0m
[0;32mI (46163) forensics: [HIST] fixture=1 class=true_steady lower_us=675 n=21[0m
[0;32mI (46173) forensics: [HIST] fixture=1 class=true_steady lower_us=680 n=21[0m
[0;32mI (46183) forensics: [HIST] fixture=1 class=true_steady lower_us=685 n=174[0m
[0;32mI (46183) forensics: [HIST] fixture=1 class=true_steady lower_us=690 n=70[0m
[0;32mI (46193) forensics: [HIST] fixture=1 class=true_steady lower_us=695 n=48[0m
[0;32mI (46203) forensics: [HIST] fixture=1 class=true_steady lower_us=700 n=43[0m
[0;32mI (46213) forensics: [HIST] fixture=1 class=true_steady lower_us=705 n=29[0m
[0;32mI (46213) forensics: [HIST] fixture=1 class=true_steady lower_us=710 n=25[0m
[0;32mI (46223) forensics: [HIST] fixture=1 class=true_steady lower_us=715 n=20[0m
[0;32mI (46233) forensics: [HIST] fixture=1 class=true_steady lower_us=720 n=17[0m
[0;32mI (46243) forensics: [HIST] fixture=1 class=true_steady lower_us=725 n=7[0m
[0;32mI (46243) forensics: [HIST] fixture=1 class=true_steady lower_us=730 n=9[0m
[0;32mI (46253) forensics: [HIST] fixture=1 class=true_steady lower_us=735 n=7[0m
[0;32mI (46263) forensics: [HIST] fixture=1 class=true_steady lower_us=740 n=6[0m
[0;32mI (46263) forensics: [HIST] fixture=1 class=true_steady lower_us=745 n=4[0m
[0;32mI (46273) forensics: [HIST] fixture=1 class=true_steady lower_us=750 n=6[0m
[0;32mI (46283) forensics: [HIST] fixture=1 class=true_steady lower_us=755 n=4[0m
[0;32mI (46293) forensics: [HIST] fixture=1 class=true_steady lower_us=760 n=3[0m
[0;32mI (46293) forensics: [HIST] fixture=1 class=true_steady lower_us=765 n=2[0m
[0;32mI (46303) forensics: [HIST] fixture=1 class=true_steady lower_us=770 n=3[0m
[0;32mI (46313) forensics: [HIST] fixture=1 class=true_steady lower_us=775 n=3[0m
[0;32mI (46323) forensics: [HIST] fixture=1 class=true_steady lower_us=780 n=5[0m
[0;32mI (46323) forensics: [HIST] fixture=1 class=true_steady lower_us=785 n=10[0m
[0;32mI (46333) forensics: [HIST] fixture=1 class=true_steady lower_us=790 n=6[0m
[0;32mI (46343) forensics: [HIST] fixture=1 class=true_steady lower_us=795 n=8[0m
[0;32mI (46353) forensics: [HIST] fixture=1 class=true_steady lower_us=800 n=8[0m
[0;32mI (46353) forensics: [HIST] fixture=1 class=true_steady lower_us=805 n=2[0m
[0;32mI (46363) forensics: [HIST] fixture=1 class=true_steady lower_us=810 n=2[0m
[0;32mI (46373) forensics: [HIST] fixture=1 class=true_steady lower_us=815 n=2[0m
[0;32mI (46383) forensics: [HIST] fixture=1 class=true_steady lower_us=820 n=1[0m
[0;32mI (46383) forensics: [HIST] fixture=1 class=true_steady lower_us=825 n=1[0m
[0;32mI (46393) forensics: [HIST] fixture=1 class=true_steady lower_us=830 n=2[0m
[0;32mI (46403) forensics: [HIST] fixture=1 class=true_steady lower_us=835 n=2[0m
[0;32mI (46413) forensics: [HIST] fixture=1 class=true_steady lower_us=840 n=1[0m
[0;32mI (46413) forensics: [HIST] fixture=1 class=true_steady lower_us=845 n=2[0m
[0;32mI (46423) forensics: [HIST] fixture=1 class=true_steady lower_us=855 n=4[0m
[0;32mI (46433) forensics: [HIST] fixture=1 class=true_steady lower_us=860 n=4[0m
[0;32mI (46433) forensics: [HIST] fixture=1 class=true_steady lower_us=865 n=2[0m
[0;32mI (46443) forensics: [HIST] fixture=1 class=true_steady lower_us=880 n=1[0m
[0;32mI (46453) forensics: [HIST] fixture=1 class=true_steady lower_us=900 n=2[0m
[0;32mI (46463) forensics: [HIST] fixture=1 class=true_steady lower_us=915 n=2[0m
[0;32mI (46463) forensics: [HIST] fixture=1 class=true_steady lower_us=925 n=1[0m
[0;32mI (46473) forensics: [HIST] fixture=1 class=true_steady lower_us=945 n=1[0m
[0;32mI (46483) forensics: [HIST] fixture=1 class=true_steady lower_us=965 n=2[0m
[0;32mI (46493) forensics: [HIST] fixture=1 class=true_steady lower_us=985 n=1[0m
[0;32mI (46493) forensics: [HIST] fixture=1 class=true_steady lower_us=1005 n=1[0m
[0;32mI (46503) forensics: [HIST] fixture=1 class=true_steady lower_us=1015 n=1[0m
[0;32mI (46513) forensics: [HIST] fixture=1 class=true_steady lower_us=1020 n=1[0m
[0;32mI (46523) forensics: [HIST] fixture=1 class=true_steady lower_us=1030 n=1[0m
[0;32mI (46523) forensics: [HIST] fixture=1 class=true_steady lower_us=1035 n=2[0m
[0;32mI (46533) forensics: [HIST] fixture=1 class=true_steady lower_us=1040 n=2[0m
[0;32mI (46543) forensics: [HIST] fixture=1 class=true_steady lower_us=1045 n=1[0m
[0;32mI (46553) forensics: [HIST] fixture=1 class=true_steady lower_us=1055 n=1[0m
[0;32mI (46553) forensics: [CALLBACK_CURVE] model=UDU fixture=1 voices=4 class=true_steady n=7531 avg_us=615.26 p95_us=720 p99_us=885 p995_us=950 p999_us=1120 max_us=1204 deadline=0 overhead_avg_us=20.24[0m
[0;32mI (46573) forensics: [CALLBACK_HIST] fixture=1 class=true_steady lower_us=285 n=1[0m
[0;32mI (46583) forensics: [CALLBACK_HIST] fixture=1 class=true_steady lower_us=490 n=400[0m
[0;32mI (46593) forensics: [CALLBACK_HIST] fixture=1 class=true_steady lower_us=495 n=80[0m
[0;32mI (46603) forensics: [CALLBACK_HIST] fixture=1 class=true_steady lower_us=500 n=23[0m
[0;32mI (46603) forensics: [CALLBACK_HIST] fixture=1 class=true_steady lower_us=505 n=22[0m
[0;32mI (46613) forensics: [CALLBACK_HIST] fixture=1 class=true_steady lower_us=510 n=5[0m
[0;32mI (46623) forensics: [CALLBACK_HIST] fixture=1 class=true_steady lower_us=515 n=12[0m
[0;32mI (46633) forensics: [CALLBACK_HIST] fixture=1 class=true_steady lower_us=520 n=4[0m
[0;32mI (46643) forensics: [CALLBACK_HIST] fixture=1 class=true_steady lower_us=525 n=2[0m
[0;32mI (46653) forensics: [CALLBACK_HIST] fixture=1 class=true_steady lower_us=535 n=3[0m
[0;32mI (46653) forensics: [CALLBACK_HIST] fixture=1 class=true_steady lower_us=540 n=1[0m
[0;32mI (46663) forensics: [CALLBACK_HIST] fixture=1 class=true_steady lower_us=545 n=1[0m
[0;32mI (46673) forensics: [CALLBACK_HIST] fixture=1 class=true_steady lower_us=550 n=5[0m
[0;32mI (46683) forensics: [CALLBACK_HIST] fixture=1 class=true_steady lower_us=555 n=11[0m
[0;32mI (46693) forensics: [CALLBACK_HIST] fixture=1 class=true_steady lower_us=560 n=22[0m
[0;32mI (46693) forensics: [CALLBACK_HIST] fixture=1 class=true_steady lower_us=565 n=13[0m
[0;32mI (46703) forensics: [CALLBACK_HIST] fixture=1 class=true_steady lower_us=570 n=4[0m
[0;32mI (46713) forensics: [CALLBACK_HIST] fixture=1 class=true_steady lower_us=575 n=6[0m
[0;32mI (46723) forensics: [CALLBACK_HIST] fixture=1 class=true_steady lower_us=585 n=3[0m
[0;32mI (46733) forensics: [CALLBACK_HIST] fixture=1 class=true_steady lower_us=590 n=13[0m
[0;32mI (46743) forensics: [CALLBACK_HIST] fixture=1 class=true_steady lower_us=595 n=83[0m
[0;32mI (46743) forensics: [CALLBACK_HIST] fixture=1 class=true_steady lower_us=600 n=4094[0m
[0;32mI (46753) forensics: [CALLBACK_HIST] fixture=1 class=true_steady lower_us=605 n=603[0m
[0;32mI (46763) forensics: [CALLBACK_HIST] fixture=1 class=true_steady lower_us=610 n=187[0m
[0;32mI (46773) forensics: [CALLBACK_HIST] fixture=1 class=true_steady lower_us=615 n=120[0m
[0;32mI (46783) forensics: [CALLBACK_HIST] fixture=1 class=true_steady lower_us=620 n=87[0m
[0;32mI (46793) forensics: [CALLBACK_HIST] fixture=1 class=true_steady lower_us=625 n=314[0m
[0;32mI (46793) forensics: [CALLBACK_HIST] fixture=1 class=true_steady lower_us=630 n=94[0m
[0;32mI (46803) forensics: [CALLBACK_HIST] fixture=1 class=true_steady lower_us=635 n=41[0m
[0;32mI (46813) forensics: [CALLBACK_HIST] fixture=1 class=true_steady lower_us=640 n=46[0m
[0;32mI (46823) forensics: [CALLBACK_HIST] fixture=1 class=true_steady lower_us=645 n=28[0m
[0;32mI (46833) forensics: [CALLBACK_HIST] fixture=1 class=true_steady lower_us=650 n=27[0m
[0;32mI (46843) forensics: [CALLBACK_HIST] fixture=1 class=true_steady lower_us=655 n=49[0m
[0;32mI (46843) forensics: [CALLBACK_HIST] fixture=1 class=true_steady lower_us=660 n=68[0m
[0;32mI (46853) forensics: [CALLBACK_HIST] fixture=1 class=true_steady lower_us=665 n=95[0m
[0;32mI (46863) forensics: [CALLBACK_HIST] fixture=1 class=true_steady lower_us=670 n=98[0m
[0;32mI (46873) forensics: [CALLBACK_HIST] fixture=1 class=true_steady lower_us=675 n=73[0m
[0;32mI (46883) forensics: [CALLBACK_HIST] fixture=1 class=true_steady lower_us=680 n=70[0m
[0;32mI (46883) forensics: [CALLBACK_HIST] fixture=1 class=true_steady lower_us=685 n=48[0m
[0;32mI (46893) forensics: [CALLBACK_HIST] fixture=1 class=true_steady lower_us=690 n=31[0m
[0;32mI (46903) forensics: [CALLBACK_HIST] fixture=1 class=true_steady lower_us=695 n=98[0m
[0;32mI (46913) forensics: [CALLBACK_HIST] fixture=1 class=true_steady lower_us=700 n=82[0m
[0;32mI (46923) forensics: [CALLBACK_HIST] fixture=1 class=true_steady lower_us=705 n=43[0m
[0;32mI (46933) forensics: [CALLBACK_HIST] fixture=1 class=true_steady lower_us=710 n=31[0m
[0;32mI (46933) forensics: [CALLBACK_HIST] fixture=1 class=true_steady lower_us=715 n=31[0m
[0;32mI (46943) forensics: [CALLBACK_HIST] fixture=1 class=true_steady lower_us=720 n=43[0m
[0;32mI (46953) forensics: [CALLBACK_HIST] fixture=1 class=true_steady lower_us=725 n=32[0m
[0;32mI (46963) forensics: [CALLBACK_HIST] fixture=1 class=true_steady lower_us=730 n=30[0m
[0;32mI (46973) forensics: [CALLBACK_HIST] fixture=1 class=true_steady lower_us=735 n=14[0m
[0;32mI (46983) forensics: [CALLBACK_HIST] fixture=1 class=true_steady lower_us=740 n=20[0m
[0;32mI (46983) forensics: [CALLBACK_HIST] fixture=1 class=true_steady lower_us=745 n=17[0m
[0;32mI (46993) forensics: [CALLBACK_HIST] fixture=1 class=true_steady lower_us=750 n=13[0m
[0;32mI (47003) forensics: [CALLBACK_HIST] fixture=1 class=true_steady lower_us=755 n=7[0m
[0;32mI (47013) forensics: [CALLBACK_HIST] fixture=1 class=true_steady lower_us=760 n=10[0m
[0;32mI (47023) forensics: [CALLBACK_HIST] fixture=1 class=true_steady lower_us=765 n=8[0m
[0;32mI (47023) forensics: [CALLBACK_HIST] fixture=1 class=true_steady lower_us=770 n=2[0m
[0;32mI (47033) forensics: [CALLBACK_HIST] fixture=1 class=true_steady lower_us=775 n=6[0m
[0;32mI (47043) forensics: [CALLBACK_HIST] fixture=1 class=true_steady lower_us=780 n=4[0m
[0;32mI (47053) forensics: [CALLBACK_HIST] fixture=1 class=true_steady lower_us=785 n=6[0m
[0;32mI (47063) forensics: [CALLBACK_HIST] fixture=1 class=true_steady lower_us=790 n=4[0m
[0;32mI (47073) forensics: [CALLBACK_HIST] fixture=1 class=true_steady lower_us=795 n=6[0m
[0;32mI (47073) forensics: [CALLBACK_HIST] fixture=1 class=true_steady lower_us=800 n=7[0m
[0;32mI (47083) forensics: [CALLBACK_HIST] fixture=1 class=true_steady lower_us=805 n=4[0m
[0;32mI (47093) forensics: [CALLBACK_HIST] fixture=1 class=true_steady lower_us=810 n=4[0m
[0;32mI (47103) forensics: [CALLBACK_HIST] fixture=1 class=true_steady lower_us=815 n=2[0m
[0;32mI (47113) forensics: [CALLBACK_HIST] fixture=1 class=true_steady lower_us=820 n=3[0m
[0;32mI (47113) forensics: [CALLBACK_HIST] fixture=1 class=true_steady lower_us=825 n=3[0m
[0;32mI (47123) forensics: [CALLBACK_HIST] fixture=1 class=true_steady lower_us=830 n=5[0m
[0;32mI (47133) forensics: [CALLBACK_HIST] fixture=1 class=true_steady lower_us=835 n=3[0m
[0;32mI (47143) forensics: [CALLBACK_HIST] fixture=1 class=true_steady lower_us=840 n=4[0m
[0;32mI (47153) forensics: [CALLBACK_HIST] fixture=1 class=true_steady lower_us=845 n=6[0m
[0;32mI (47163) forensics: [CALLBACK_HIST] fixture=1 class=true_steady lower_us=850 n=3[0m
[0;32mI (47163) forensics: [CALLBACK_HIST] fixture=1 class=true_steady lower_us=855 n=5[0m
[0;32mI (47173) forensics: [CALLBACK_HIST] fixture=1 class=true_steady lower_us=860 n=4[0m
[0;32mI (47183) forensics: [CALLBACK_HIST] fixture=1 class=true_steady lower_us=865 n=4[0m
[0;32mI (47193) forensics: [CALLBACK_HIST] fixture=1 class=true_steady lower_us=870 n=2[0m
[0;32mI (47203) forensics: [CALLBACK_HIST] fixture=1 class=true_steady lower_us=875 n=1[0m
[0;32mI (47203) forensics: [CALLBACK_HIST] fixture=1 class=true_steady lower_us=880 n=3[0m
[0;32mI (47213) forensics: [CALLBACK_HIST] fixture=1 class=true_steady lower_us=885 n=1[0m
[0;32mI (47223) forensics: [CALLBACK_HIST] fixture=1 class=true_steady lower_us=890 n=3[0m
[0;32mI (47233) forensics: [CALLBACK_HIST] fixture=1 class=true_steady lower_us=895 n=3[0m
[0;32mI (47243) forensics: [CALLBACK_HIST] fixture=1 class=true_steady lower_us=900 n=3[0m
[0;32mI (47243) forensics: [CALLBACK_HIST] fixture=1 class=true_steady lower_us=905 n=3[0m
[0;32mI (47253) forensics: [CALLBACK_HIST] fixture=1 class=true_steady lower_us=910 n=4[0m
[0;32mI (47263) forensics: [CALLBACK_HIST] fixture=1 class=true_steady lower_us=915 n=5[0m
[0;32mI (47273) forensics: [CALLBACK_HIST] fixture=1 class=true_steady lower_us=920 n=2[0m
[0;32mI (47283) forensics: [CALLBACK_HIST] fixture=1 class=true_steady lower_us=925 n=2[0m
[0;32mI (47293) forensics: [CALLBACK_HIST] fixture=1 class=true_steady lower_us=930 n=2[0m
[0;32mI (47293) forensics: [CALLBACK_HIST] fixture=1 class=true_steady lower_us=935 n=2[0m
[0;32mI (47303) forensics: [CALLBACK_HIST] fixture=1 class=true_steady lower_us=940 n=6[0m
[0;32mI (47313) forensics: [CALLBACK_HIST] fixture=1 class=true_steady lower_us=945 n=2[0m
[0;32mI (47323) forensics: [CALLBACK_HIST] fixture=1 class=true_steady lower_us=950 n=3[0m
[0;32mI (47333) forensics: [CALLBACK_HIST] fixture=1 class=true_steady lower_us=955 n=1[0m
[0;32mI (47333) forensics: [CALLBACK_HIST] fixture=1 class=true_steady lower_us=960 n=1[0m
[0;32mI (47343) forensics: [CALLBACK_HIST] fixture=1 class=true_steady lower_us=965 n=3[0m
[0;32mI (47353) forensics: [CALLBACK_HIST] fixture=1 class=true_steady lower_us=970 n=1[0m
[0;32mI (47363) forensics: [CALLBACK_HIST] fixture=1 class=true_steady lower_us=975 n=1[0m
[0;32mI (47373) forensics: [CALLBACK_HIST] fixture=1 class=true_steady lower_us=980 n=1[0m
[0;32mI (47383) forensics: [CALLBACK_HIST] fixture=1 class=true_steady lower_us=985 n=1[0m
[0;32mI (47383) forensics: [CALLBACK_HIST] fixture=1 class=true_steady lower_us=990 n=1[0m
[0;32mI (47393) forensics: [CALLBACK_HIST] fixture=1 class=true_steady lower_us=995 n=1[0m
[0;32mI (47403) forensics: [CALLBACK_HIST] fixture=1 class=true_steady lower_us=1005 n=1[0m
[0;32mI (47413) forensics: [CALLBACK_HIST] fixture=1 class=true_steady lower_us=1010 n=1[0m
[0;32mI (47423) forensics: [CALLBACK_HIST] fixture=1 class=true_steady lower_us=1015 n=2[0m
[0;32mI (47423) forensics: [CALLBACK_HIST] fixture=1 class=true_steady lower_us=1020 n=1[0m
[0;32mI (47433) forensics: [CALLBACK_HIST] fixture=1 class=true_steady lower_us=1035 n=1[0m
[0;32mI (47443) forensics: [CALLBACK_HIST] fixture=1 class=true_steady lower_us=1045 n=1[0m
[0;32mI (47453) forensics: [CALLBACK_HIST] fixture=1 class=true_steady lower_us=1075 n=1[0m
[0;32mI (47463) forensics: [CALLBACK_HIST] fixture=1 class=true_steady lower_us=1085 n=1[0m
[0;32mI (47473) forensics: [CALLBACK_HIST] fixture=1 class=true_steady lower_us=1090 n=1[0m
[0;32mI (47473) forensics: [CALLBACK_HIST] fixture=1 class=true_steady lower_us=1095 n=1[0m
[0;32mI (47483) forensics: [CALLBACK_HIST] fixture=1 class=true_steady lower_us=1100 n=2[0m
[0;32mI (47493) forensics: [CALLBACK_HIST] fixture=1 class=true_steady lower_us=1115 n=2[0m
[0;32mI (47503) forensics: [CALLBACK_HIST] fixture=1 class=true_steady lower_us=1120 n=2[0m
[0;32mI (47513) forensics: [CALLBACK_HIST] fixture=1 class=true_steady lower_us=1125 n=1[0m
[0;32mI (47523) forensics: [CALLBACK_HIST] fixture=1 class=true_steady lower_us=1150 n=1[0m
[0;32mI (47523) forensics: [CALLBACK_HIST] fixture=1 class=true_steady lower_us=1175 n=1[0m
[0;32mI (47533) forensics: [CALLBACK_HIST] fixture=1 class=true_steady lower_us=1185 n=1[0m
[0;32mI (47543) forensics: [CALLBACK_HIST] fixture=1 class=true_steady lower_us=1200 n=1[0m
[0;32mI (47553) forensics: [CURVE] model=UDU fixture=1 voices=4 class=attack_tail n=616 avg_us=737.63 p95_us=920 p99_us=1035 p995_us=1180 p999_us=1275 max_us=1271 deadline=0 bad_voices=731 ble_lost=0 hard=0 sat=0 bin_us=5 max_observed_voices=4[0m
[0;32mI (47573) forensics: [HIST] fixture=1 class=attack_tail lower_us=705 n=366[0m
[0;32mI (47583) forensics: [HIST] fixture=1 class=attack_tail lower_us=710 n=92[0m
[0;32mI (47593) forensics: [HIST] fixture=1 class=attack_tail lower_us=715 n=39[0m
[0;32mI (47593) forensics: [HIST] fixture=1 class=attack_tail lower_us=720 n=13[0m
[0;32mI (47603) forensics: [HIST] fixture=1 class=attack_tail lower_us=725 n=5[0m
[0;32mI (47613) forensics: [HIST] fixture=1 class=attack_tail lower_us=730 n=2[0m
[0;32mI (47613) forensics: [HIST] fixture=1 class=attack_tail lower_us=735 n=3[0m
[0;32mI (47623) forensics: [HIST] fixture=1 class=attack_tail lower_us=740 n=3[0m
[0;32mI (47633) forensics: [HIST] fixture=1 class=attack_tail lower_us=745 n=4[0m
[0;32mI (47643) forensics: [HIST] fixture=1 class=attack_tail lower_us=750 n=2[0m
[0;32mI (47643) forensics: [HIST] fixture=1 class=attack_tail lower_us=760 n=1[0m
[0;32mI (47653) forensics: [HIST] fixture=1 class=attack_tail lower_us=765 n=2[0m
[0;32mI (47663) forensics: [HIST] fixture=1 class=attack_tail lower_us=780 n=1[0m
[0;32mI (47673) forensics: [HIST] fixture=1 class=attack_tail lower_us=790 n=1[0m
[0;32mI (47673) forensics: [HIST] fixture=1 class=attack_tail lower_us=795 n=1[0m
[0;32mI (47683) forensics: [HIST] fixture=1 class=attack_tail lower_us=800 n=1[0m
[0;32mI (47693) forensics: [HIST] fixture=1 class=attack_tail lower_us=805 n=3[0m
[0;32mI (47703) forensics: [HIST] fixture=1 class=attack_tail lower_us=810 n=1[0m
[0;32mI (47703) forensics: [HIST] fixture=1 class=attack_tail lower_us=820 n=1[0m
[0;32mI (47713) forensics: [HIST] fixture=1 class=attack_tail lower_us=840 n=2[0m
[0;32mI (47723) forensics: [HIST] fixture=1 class=attack_tail lower_us=845 n=4[0m
[0;32mI (47733) forensics: [HIST] fixture=1 class=attack_tail lower_us=850 n=2[0m
[0;32mI (47733) forensics: [HIST] fixture=1 class=attack_tail lower_us=855 n=4[0m
[0;32mI (47743) forensics: [HIST] fixture=1 class=attack_tail lower_us=860 n=8[0m
[0;32mI (47753) forensics: [HIST] fixture=1 class=attack_tail lower_us=865 n=4[0m
[0;32mI (47753) forensics: [HIST] fixture=1 class=attack_tail lower_us=870 n=5[0m
[0;32mI (47763) forensics: [HIST] fixture=1 class=attack_tail lower_us=875 n=3[0m
[0;32mI (47773) forensics: [HIST] fixture=1 class=attack_tail lower_us=880 n=2[0m
[0;32mI (47783) forensics: [HIST] fixture=1 class=attack_tail lower_us=885 n=1[0m
[0;32mI (47783) forensics: [HIST] fixture=1 class=attack_tail lower_us=890 n=2[0m
[0;32mI (47793) forensics: [HIST] fixture=1 class=attack_tail lower_us=895 n=1[0m
[0;32mI (47803) forensics: [HIST] fixture=1 class=attack_tail lower_us=900 n=1[0m
[0;32mI (47813) forensics: [HIST] fixture=1 class=attack_tail lower_us=905 n=1[0m
[0;32mI (47813) forensics: [HIST] fixture=1 class=attack_tail lower_us=910 n=3[0m
[0;32mI (47823) forensics: [HIST] fixture=1 class=attack_tail lower_us=915 n=4[0m
[0;32mI (47833) forensics: [HIST] fixture=1 class=attack_tail lower_us=920 n=5[0m
[0;32mI (47843) forensics: [HIST] fixture=1 class=attack_tail lower_us=925 n=3[0m
[0;32mI (47843) forensics: [HIST] fixture=1 class=attack_tail lower_us=930 n=1[0m
[0;32mI (47853) forensics: [HIST] fixture=1 class=attack_tail lower_us=935 n=3[0m
[0;32mI (47863) forensics: [HIST] fixture=1 class=attack_tail lower_us=940 n=2[0m
[0;32mI (47873) forensics: [HIST] fixture=1 class=attack_tail lower_us=945 n=1[0m
[0;32mI (47873) forensics: [HIST] fixture=1 class=attack_tail lower_us=965 n=1[0m
[0;32mI (47883) forensics: [HIST] fixture=1 class=attack_tail lower_us=995 n=1[0m
[0;32mI (47893) forensics: [HIST] fixture=1 class=attack_tail lower_us=1000 n=1[0m
[0;32mI (47903) forensics: [HIST] fixture=1 class=attack_tail lower_us=1015 n=2[0m
[0;32mI (47903) forensics: [HIST] fixture=1 class=attack_tail lower_us=1025 n=1[0m
[0;32mI (47913) forensics: [HIST] fixture=1 class=attack_tail lower_us=1030 n=2[0m
[0;32mI (47923) forensics: [HIST] fixture=1 class=attack_tail lower_us=1110 n=1[0m
[0;32mI (47933) forensics: [HIST] fixture=1 class=attack_tail lower_us=1175 n=1[0m
[0;32mI (47933) forensics: [HIST] fixture=1 class=attack_tail lower_us=1180 n=1[0m
[0;32mI (47943) forensics: [HIST] fixture=1 class=attack_tail lower_us=1255 n=1[0m
[0;32mI (47953) forensics: [HIST] fixture=1 class=attack_tail lower_us=1270 n=1[0m
[0;32mI (47953) forensics: [CALLBACK_CURVE] model=UDU fixture=1 voices=4 class=attack_tail n=616 avg_us=766.01 p95_us=1040 p99_us=1200 p995_us=1255 p999_us=1460 max_us=1455 deadline=0 overhead_avg_us=28.38[0m
[0;32mI (47973) forensics: [CALLBACK_HIST] fixture=1 class=attack_tail lower_us=715 n=61[0m
[0;32mI (47983) forensics: [CALLBACK_HIST] fixture=1 class=attack_tail lower_us=720 n=273[0m
[0;32mI (47993) forensics: [CALLBACK_HIST] fixture=1 class=attack_tail lower_us=725 n=79[0m
[0;32mI (48003) forensics: [CALLBACK_HIST] fixture=1 class=attack_tail lower_us=730 n=25[0m
[0;32mI (48013) forensics: [CALLBACK_HIST] fixture=1 class=attack_tail lower_us=735 n=19[0m
[0;32mI (48013) forensics: [CALLBACK_HIST] fixture=1 class=attack_tail lower_us=740 n=4[0m
[0;32mI (48023) forensics: [CALLBACK_HIST] fixture=1 class=attack_tail lower_us=745 n=8[0m
[0;32mI (48033) forensics: [CALLBACK_HIST] fixture=1 class=attack_tail lower_us=750 n=3[0m
[0;32mI (48043) forensics: [CALLBACK_HIST] fixture=1 class=attack_tail lower_us=760 n=4[0m
[0;32mI (48053) forensics: [CALLBACK_HIST] fixture=1 class=attack_tail lower_us=765 n=5[0m
[0;32mI (48063) forensics: [CALLBACK_HIST] fixture=1 class=attack_tail lower_us=770 n=4[0m
[0;32mI (48063) forensics: [CALLBACK_HIST] fixture=1 class=attack_tail lower_us=775 n=2[0m
[0;32mI (48073) forensics: [CALLBACK_HIST] fixture=1 class=attack_tail lower_us=780 n=3[0m
[0;32mI (48083) forensics: [CALLBACK_HIST] fixture=1 class=attack_tail lower_us=785 n=9[0m
[0;32mI (48093) forensics: [CALLBACK_HIST] fixture=1 class=attack_tail lower_us=790 n=22[0m
[0;32mI (48103) forensics: [CALLBACK_HIST] fixture=1 class=attack_tail lower_us=795 n=2[0m
[0;32mI (48103) forensics: [CALLBACK_HIST] fixture=1 class=attack_tail lower_us=800 n=2[0m
[0;32mI (48113) forensics: [CALLBACK_HIST] fixture=1 class=attack_tail lower_us=805 n=1[0m
[0;32mI (48123) forensics: [CALLBACK_HIST] fixture=1 class=attack_tail lower_us=810 n=3[0m
[0;32mI (48133) forensics: [CALLBACK_HIST] fixture=1 class=attack_tail lower_us=815 n=1[0m
[0;32mI (48143) forensics: [CALLBACK_HIST] fixture=1 class=attack_tail lower_us=825 n=1[0m
[0;32mI (48153) forensics: [CALLBACK_HIST] fixture=1 class=attack_tail lower_us=830 n=2[0m
[0;32mI (48153) forensics: [CALLBACK_HIST] fixture=1 class=attack_tail lower_us=845 n=2[0m
[0;32mI (48163) forensics: [CALLBACK_HIST] fixture=1 class=attack_tail lower_us=860 n=3[0m
[0;32mI (48173) forensics: [CALLBACK_HIST] fixture=1 class=attack_tail lower_us=865 n=1[0m
[0;32mI (48183) forensics: [CALLBACK_HIST] fixture=1 class=attack_tail lower_us=870 n=5[0m
[0;32mI (48193) forensics: [CALLBACK_HIST] fixture=1 class=attack_tail lower_us=875 n=7[0m
[0;32mI (48193) forensics: [CALLBACK_HIST] fixture=1 class=attack_tail lower_us=880 n=1[0m
[0;32mI (48203) forensics: [CALLBACK_HIST] fixture=1 class=attack_tail lower_us=885 n=3[0m
[0;32mI (48213) forensics: [CALLBACK_HIST] fixture=1 class=attack_tail lower_us=890 n=5[0m
[0;32mI (48223) forensics: [CALLBACK_HIST] fixture=1 class=attack_tail lower_us=895 n=2[0m
[0;32mI (48233) forensics: [CALLBACK_HIST] fixture=1 class=attack_tail lower_us=900 n=5[0m
[0;32mI (48243) forensics: [CALLBACK_HIST] fixture=1 class=attack_tail lower_us=905 n=3[0m
[0;32mI (48243) forensics: [CALLBACK_HIST] fixture=1 class=attack_tail lower_us=915 n=2[0m
[0;32mI (48253) forensics: [CALLBACK_HIST] fixture=1 class=attack_tail lower_us=920 n=2[0m
[0;32mI (48263) forensics: [CALLBACK_HIST] fixture=1 class=attack_tail lower_us=925 n=1[0m
[0;32mI (48273) forensics: [CALLBACK_HIST] fixture=1 class=attack_tail lower_us=935 n=1[0m
[0;32mI (48283) forensics: [CALLBACK_HIST] fixture=1 class=attack_tail lower_us=945 n=1[0m
[0;32mI (48283) forensics: [CALLBACK_HIST] fixture=1 class=attack_tail lower_us=980 n=1[0m
[0;32mI (48293) forensics: [CALLBACK_HIST] fixture=1 class=attack_tail lower_us=1005 n=1[0m
[0;32mI (48303) forensics: [CALLBACK_HIST] fixture=1 class=attack_tail lower_us=1015 n=1[0m
[0;32mI (48313) forensics: [CALLBACK_HIST] fixture=1 class=attack_tail lower_us=1020 n=2[0m
[0;32mI (48323) forensics: [CALLBACK_HIST] fixture=1 class=attack_tail lower_us=1025 n=2[0m
[0;32mI (48333) forensics: [CALLBACK_HIST] fixture=1 class=attack_tail lower_us=1030 n=1[0m
[0;32mI (48333) forensics: [CALLBACK_HIST] fixture=1 class=attack_tail lower_us=1035 n=1[0m
[0;32mI (48343) forensics: [CALLBACK_HIST] fixture=1 class=attack_tail lower_us=1040 n=4[0m
[0;32mI (48353) forensics: [CALLBACK_HIST] fixture=1 class=attack_tail lower_us=1045 n=3[0m
[0;32mI (48363) forensics: [CALLBACK_HIST] fixture=1 class=attack_tail lower_us=1050 n=2[0m
[0;32mI (48373) forensics: [CALLBACK_HIST] fixture=1 class=attack_tail lower_us=1055 n=2[0m
[0;32mI (48373) forensics: [CALLBACK_HIST] fixture=1 class=attack_tail lower_us=1060 n=2[0m
[0;32mI (48383) forensics: [CALLBACK_HIST] fixture=1 class=attack_tail lower_us=1065 n=2[0m
[0;32mI (48393) forensics: [CALLBACK_HIST] fixture=1 class=attack_tail lower_us=1070 n=1[0m
[0;32mI (48403) forensics: [CALLBACK_HIST] fixture=1 class=attack_tail lower_us=1095 n=1[0m
[0;32mI (48413) forensics: [CALLBACK_HIST] fixture=1 class=attack_tail lower_us=1115 n=1[0m
[0;32mI (48423) forensics: [CALLBACK_HIST] fixture=1 class=attack_tail lower_us=1155 n=1[0m
[0;32mI (48423) forensics: [CALLBACK_HIST] fixture=1 class=attack_tail lower_us=1170 n=1[0m
[0;32mI (48433) forensics: [CALLBACK_HIST] fixture=1 class=attack_tail lower_us=1185 n=3[0m
[0;32mI (48443) forensics: [CALLBACK_HIST] fixture=1 class=attack_tail lower_us=1195 n=2[0m
[0;32mI (48453) forensics: [CALLBACK_HIST] fixture=1 class=attack_tail lower_us=1200 n=1[0m
[0;32mI (48463) forensics: [CALLBACK_HIST] fixture=1 class=attack_tail lower_us=1250 n=1[0m
[0;32mI (48473) forensics: [CALLBACK_HIST] fixture=1 class=attack_tail lower_us=1275 n=1[0m
[0;32mI (48473) forensics: [CALLBACK_HIST] fixture=1 class=attack_tail lower_us=1360 n=1[0m
[0;32mI (48483) forensics: [CALLBACK_HIST] fixture=1 class=attack_tail lower_us=1455 n=1[0m
[0;32mI (48493) forensics: [CURVE] model=UDU fixture=1 voices=4 class=event n=44 avg_us=898.59 p95_us=1070 p99_us=1370 p995_us=1370 p999_us=1370 max_us=1365 deadline=0 bad_voices=731 ble_lost=0 hard=0 sat=0 bin_us=5 max_observed_voices=4[0m
[0;32mI (48513) forensics: [HIST] fixture=1 class=event lower_us=850 n=4[0m
[0;32mI (48523) forensics: [HIST] fixture=1 class=event lower_us=855 n=14[0m
[0;32mI (48533) forensics: [HIST] fixture=1 class=event lower_us=860 n=9[0m
[0;32mI (48533) forensics: [HIST] fixture=1 class=event lower_us=865 n=2[0m
[0;32mI (48543) forensics: [HIST] fixture=1 class=event lower_us=870 n=5[0m
[0;32mI (48553) forensics: [HIST] fixture=1 class=event lower_us=875 n=1[0m
[0;32mI (48553) forensics: [HIST] fixture=1 class=event lower_us=900 n=1[0m
[0;32mI (48563) forensics: [HIST] fixture=1 class=event lower_us=915 n=1[0m
[0;32mI (48573) forensics: [HIST] fixture=1 class=event lower_us=955 n=1[0m
[0;32mI (48573) forensics: [HIST] fixture=1 class=event lower_us=1020 n=1[0m
[0;32mI (48583) forensics: [HIST] fixture=1 class=event lower_us=1035 n=1[0m
[0;32mI (48593) forensics: [HIST] fixture=1 class=event lower_us=1050 n=1[0m
[0;32mI (48593) forensics: [HIST] fixture=1 class=event lower_us=1065 n=1[0m
[0;32mI (48603) forensics: [HIST] fixture=1 class=event lower_us=1095 n=1[0m
[0;32mI (48613) forensics: [HIST] fixture=1 class=event lower_us=1365 n=1[0m
[0;32mI (48613) forensics: [CALLBACK_CURVE] model=UDU fixture=1 voices=4 class=event n=44 avg_us=997.68 p95_us=1260 p99_us=1585 p995_us=1585 p999_us=1585 max_us=1583 deadline=0 overhead_avg_us=99.09[0m
[0;32mI (48633) forensics: [CALLBACK_HIST] fixture=1 class=event lower_us=935 n=2[0m
[0;32mI (48643) forensics: [CALLBACK_HIST] fixture=1 class=event lower_us=940 n=8[0m
[0;32mI (48653) forensics: [CALLBACK_HIST] fixture=1 class=event lower_us=945 n=9[0m
[0;32mI (48663) forensics: [CALLBACK_HIST] fixture=1 class=event lower_us=950 n=7[0m
[0;32mI (48663) forensics: [CALLBACK_HIST] fixture=1 class=event lower_us=955 n=4[0m
[0;32mI (48673) forensics: [CALLBACK_HIST] fixture=1 class=event lower_us=960 n=4[0m
[0;32mI (48683) forensics: [CALLBACK_HIST] fixture=1 class=event lower_us=965 n=1[0m
[0;32mI (48693) forensics: [CALLBACK_HIST] fixture=1 class=event lower_us=1000 n=1[0m
[0;32mI (48693) forensics: [CALLBACK_HIST] fixture=1 class=event lower_us=1010 n=1[0m
[0;32mI (48703) forensics: [CALLBACK_HIST] fixture=1 class=event lower_us=1050 n=1[0m
[0;32mI (48713) forensics: [CALLBACK_HIST] fixture=1 class=event lower_us=1115 n=1[0m
[0;32mI (48723) forensics: [CALLBACK_HIST] fixture=1 class=event lower_us=1155 n=1[0m
[0;32mI (48723) forensics: [CALLBACK_HIST] fixture=1 class=event lower_us=1200 n=1[0m
[0;32mI (48733) forensics: [CALLBACK_HIST] fixture=1 class=event lower_us=1255 n=1[0m
[0;32mI (48743) forensics: [CALLBACK_HIST] fixture=1 class=event lower_us=1260 n=1[0m
[0;32mI (48753) forensics: [CALLBACK_HIST] fixture=1 class=event lower_us=1580 n=1[0m
[0;32mI (48763) forensics: [CURVE] model=UDU fixture=1 voices=4 class=fixture_transition n=1 avg_us=445.20 p95_us=450 p99_us=450 p995_us=450 p999_us=450 max_us=446 deadline=0 bad_voices=731 ble_lost=0 hard=0 sat=0 bin_us=5 max_observed_voices=4[0m
[0;32mI (48783) forensics: [HIST] fixture=1 class=fixture_transition lower_us=445 n=1[0m
[0;32mI (48793) forensics: [CALLBACK_CURVE] model=UDU fixture=1 voices=4 class=fixture_transition n=1 avg_us=475.00 p95_us=480 p99_us=480 p995_us=480 p999_us=480 max_us=475 deadline=0 overhead_avg_us=29.80[0m
[0;32mI (48803) forensics: [CALLBACK_HIST] fixture=1 class=fixture_transition lower_us=475 n=1[0m
[0;32mI (48813) forensics: [FASTPATH] fixture=1 stable8=0 attack=0[0m
[0;32mI (48823) forensics: [OVERHEAD] fixture=1 blocks=8192 model_reset_avg_us=1.64 model_reset_max_us=23 queue_avg_us=2.03 queue_max_us=34 render_avg_us=617.35 telem_avg_us=4.46 telem_max_us=113 telem_publishes=1024[0m
[0;32mI (48873) pocket_pan_main: [AUDIO] model=PAN blocks=17985 avg_us=1251 p99_us=0 max_us=2190 cpu_load=46.9 deadline=0 timeout=0 tx_error=0 short=0[0m
[0;32mI (48873) pocket_pan_main: [MIDI] push=0 pop=0 drop=0 hwm=0 last=(n=62 v=0 t=78 hex=000000)[0m
[0;32mI (48883) pocket_pan_main: [BLE] state=8 interval_ms=11.25 latency=0 rssi=-65 reconnects=0 last_disconnect=0[0m
[0;32mI (48893) pocket_pan_main: [MEM] internal_free=35483 largest_internal=21504[0m
[0;32mI (48903) pocket_pan_main: [UIREDRAW] urgent=91 telemetry=161 skip=1175[0m
[0;32mI (53893) pocket_pan_main: [AUDIO] model=PAN blocks=19867 avg_us=1047 p99_us=1650 max_us=2190 cpu_load=39.3 deadline=0 timeout=0 tx_error=0 short=0[0m
[0;32mI (53893) pocket_pan_main: [MIDI] push=0 pop=0 drop=0 hwm=0 last=(n=62 v=0 t=78 hex=000000)[0m
[0;32mI (53903) pocket_pan_main: [BLE] state=8 interval_ms=11.25 latency=0 rssi=-62 reconnects=0 last_disconnect=0[0m
[0;32mI (53913) pocket_pan_main: [MEM] internal_free=35483 largest_internal=21504[0m
[0;32mI (53923) pocket_pan_main: [UIREDRAW] urgent=117 telemetry=177 skip=1299[0m
[0;32mI (58913) pocket_pan_main: [AUDIO] model=PAN blocks=21748 avg_us=1094 p99_us=1525 max_us=2190 cpu_load=41.0 deadline=0 timeout=0 tx_error=0 short=0[0m
[0;32mI (58913) pocket_pan_main: [MIDI] push=0 pop=0 drop=0 hwm=0 last=(n=62 v=0 t=78 hex=000000)[0m
[0;32mI (58923) pocket_pan_main: [BLE] state=8 interval_ms=11.25 latency=0 rssi=-65 reconnects=0 last_disconnect=0[0m
[0;32mI (58933) pocket_pan_main: [MEM] internal_free=35483 largest_internal=21504[0m
[0;32mI (58943) pocket_pan_main: [UIREDRAW] urgent=142 telemetry=194 skip=1423[0m
[0;32mI (63933) pocket_pan_main: [AUDIO] model=PAN blocks=23630 avg_us=1054 p99_us=1500 max_us=2190 cpu_load=39.5 deadline=0 timeout=0 tx_error=0 short=0[0m
[0;32mI (63933) pocket_pan_main: [MIDI] push=0 pop=0 drop=0 hwm=0 last=(n=62 v=0 t=78 hex=000000)[0m
[0;32mI (63943) pocket_pan_main: [BLE] state=8 interval_ms=11.25 latency=0 rssi=-64 reconnects=0 last_disconnect=0[0m
[0;32mI (63953) pocket_pan_main: [MEM] internal_free=26843 largest_internal=9216[0m
[0;32mI (63963) pocket_pan_main: [UIREDRAW] urgent=166 telemetry=212 skip=1547[0m
[0;32mI (67683) forensics: [SAFETY] fixture=2 hard=0 sat=0 nonfinite=0 ble_lost=0[0m
[0;32mI (67683) forensics: [EVENT_ONLY] fixture=2 n=44 avg_us=139.00 max_us=201[0m
[0;32mI (67683) forensics: [FIXTURE_IO] model=UDU fixture=2 avg_us=1071 p99_us=1500 max_us=2190 cpu_pct=40.16 deadline=0 timeouts=0 tx_errors=0 short_writes=0[0m
[0;32mI (67703) forensics: [CURVE] model=UDU fixture=2 voices=8 class=true_steady n=7531 avg_us=1045.27 p95_us=1230 p99_us=1255 p995_us=1310 p999_us=1410 max_us=1494 deadline=0 bad_voices=731 ble_lost=0 hard=0 sat=0 bin_us=5 max_observed_voices=8[0m
[0;32mI (67723) forensics: [HIST] fixture=2 class=true_steady lower_us=695 n=167[0m
[0;32mI (67733) forensics: [HIST] fixture=2 class=true_steady lower_us=700 n=36[0m
[0;32mI (67743) forensics: [HIST] fixture=2 class=true_steady lower_us=705 n=17[0m
[0;32mI (67743) forensics: [HIST] fixture=2 class=true_steady lower_us=710 n=5[0m
[0;32mI (67753) forensics: [HIST] fixture=2 class=true_steady lower_us=715 n=3[0m
[0;32mI (67763) forensics: [HIST] fixture=2 class=true_steady lower_us=720 n=2[0m
[0;32mI (67773) forensics: [HIST] fixture=2 class=true_steady lower_us=725 n=2[0m
[0;32mI (67773) forensics: [HIST] fixture=2 class=true_steady lower_us=730 n=1[0m
[0;32mI (67783) forensics: [HIST] fixture=2 class=true_steady lower_us=735 n=1[0m
[0;32mI (67793) forensics: [HIST] fixture=2 class=true_steady lower_us=740 n=1[0m
[0;32mI (67793) forensics: [HIST] fixture=2 class=true_steady lower_us=745 n=1[0m
[0;32mI (67803) forensics: [HIST] fixture=2 class=true_steady lower_us=800 n=2[0m
[0;32mI (67813) forensics: [HIST] fixture=2 class=true_steady lower_us=805 n=24[0m
[0;32mI (67823) forensics: [HIST] fixture=2 class=true_steady lower_us=810 n=6[0m
[0;32mI (67823) forensics: [HIST] fixture=2 class=true_steady lower_us=815 n=7[0m
[0;32mI (67833) forensics: [HIST] fixture=2 class=true_steady lower_us=820 n=14[0m
[0;32mI (67843) forensics: [HIST] fixture=2 class=true_steady lower_us=825 n=4[0m
[0;32mI (67853) forensics: [HIST] fixture=2 class=true_steady lower_us=830 n=3[0m
[0;32mI (67853) forensics: [HIST] fixture=2 class=true_steady lower_us=835 n=6[0m
[0;32mI (67863) forensics: [HIST] fixture=2 class=true_steady lower_us=840 n=2[0m
[0;32mI (67873) forensics: [HIST] fixture=2 class=true_steady lower_us=845 n=1[0m
[0;32mI (67883) forensics: [HIST] fixture=2 class=true_steady lower_us=850 n=1[0m
[0;32mI (67883) forensics: [HIST] fixture=2 class=true_steady lower_us=855 n=2[0m
[0;32mI (67893) forensics: [HIST] fixture=2 class=true_steady lower_us=880 n=1[0m
[0;32mI (67903) forensics: [HIST] fixture=2 class=true_steady lower_us=885 n=3[0m
[0;32mI (67913) forensics: [HIST] fixture=2 class=true_steady lower_us=890 n=1[0m
[0;32mI (67913) forensics: [HIST] fixture=2 class=true_steady lower_us=895 n=2[0m
[0;32mI (67923) forensics: [HIST] fixture=2 class=true_steady lower_us=900 n=2[0m
[0;32mI (67933) forensics: [HIST] fixture=2 class=true_steady lower_us=905 n=2[0m
[0;32mI (67943) forensics: [HIST] fixture=2 class=true_steady lower_us=910 n=1[0m
[0;32mI (67943) forensics: [HIST] fixture=2 class=true_steady lower_us=915 n=177[0m
[0;32mI (67953) forensics: [HIST] fixture=2 class=true_steady lower_us=920 n=52[0m
[0;32mI (67963) forensics: [HIST] fixture=2 class=true_steady lower_us=925 n=18[0m
[0;32mI (67973) forensics: [HIST] fixture=2 class=true_steady lower_us=930 n=9[0m
[0;32mI (67973) forensics: [HIST] fixture=2 class=true_steady lower_us=935 n=3[0m
[0;32mI (67983) forensics: [HIST] fixture=2 class=true_steady lower_us=940 n=4[0m
[0;32mI (67993) forensics: [HIST] fixture=2 class=true_steady lower_us=945 n=3[0m
[0;32mI (67993) forensics: [HIST] fixture=2 class=true_steady lower_us=950 n=4[0m
[0;32mI (68003) forensics: [HIST] fixture=2 class=true_steady lower_us=955 n=3[0m
[0;32mI (68013) forensics: [HIST] fixture=2 class=true_steady lower_us=960 n=2[0m
[0;32mI (68023) forensics: [HIST] fixture=2 class=true_steady lower_us=965 n=1[0m
[0;32mI (68023) forensics: [HIST] fixture=2 class=true_steady lower_us=970 n=3[0m
[0;32mI (68033) forensics: [HIST] fixture=2 class=true_steady lower_us=975 n=2[0m
[0;32mI (68043) forensics: [HIST] fixture=2 class=true_steady lower_us=980 n=2[0m
[0;32mI (68053) forensics: [HIST] fixture=2 class=true_steady lower_us=985 n=2[0m
[0;32mI (68053) forensics: [HIST] fixture=2 class=true_steady lower_us=990 n=3[0m
[0;32mI (68063) forensics: [HIST] fixture=2 class=true_steady lower_us=1000 n=1[0m
[0;32mI (68073) forensics: [HIST] fixture=2 class=true_steady lower_us=1010 n=3[0m
[0;32mI (68083) forensics: [HIST] fixture=2 class=true_steady lower_us=1020 n=33[0m
[0;32mI (68083) forensics: [HIST] fixture=2 class=true_steady lower_us=1025 n=3861[0m
[0;32mI (68093) forensics: [HIST] fixture=2 class=true_steady lower_us=1030 n=893[0m
[0;32mI (68103) forensics: [HIST] fixture=2 class=true_steady lower_us=1035 n=192[0m
[0;32mI (68113) forensics: [HIST] fixture=2 class=true_steady lower_us=1040 n=128[0m
[0;32mI (68113) forensics: [HIST] fixture=2 class=true_steady lower_us=1045 n=78[0m
[0;32mI (68123) forensics: [HIST] fixture=2 class=true_steady lower_us=1050 n=58[0m
[0;32mI (68133) forensics: [HIST] fixture=2 class=true_steady lower_us=1055 n=53[0m
[0;32mI (68143) forensics: [HIST] fixture=2 class=true_steady lower_us=1060 n=62[0m
[0;32mI (68143) forensics: [HIST] fixture=2 class=true_steady lower_us=1065 n=69[0m
[0;32mI (68153) forensics: [HIST] fixture=2 class=true_steady lower_us=1070 n=81[0m
[0;32mI (68163) forensics: [HIST] fixture=2 class=true_steady lower_us=1075 n=51[0m
[0;32mI (68173) forensics: [HIST] fixture=2 class=true_steady lower_us=1080 n=51[0m
[0;32mI (68173) forensics: [HIST] fixture=2 class=true_steady lower_us=1085 n=49[0m
[0;32mI (68183) forensics: [HIST] fixture=2 class=true_steady lower_us=1090 n=31[0m
[0;32mI (68193) forensics: [HIST] fixture=2 class=true_steady lower_us=1095 n=31[0m
[0;32mI (68203) forensics: [HIST] fixture=2 class=true_steady lower_us=1100 n=26[0m
[0;32mI (68203) forensics: [HIST] fixture=2 class=true_steady lower_us=1105 n=16[0m
[0;32mI (68213) forensics: [HIST] fixture=2 class=true_steady lower_us=1110 n=11[0m
[0;32mI (68223) forensics: [HIST] fixture=2 class=true_steady lower_us=1115 n=7[0m
[0;32mI (68233) forensics: [HIST] fixture=2 class=true_steady lower_us=1120 n=5[0m
[0;32mI (68233) forensics: [HIST] fixture=2 class=true_steady lower_us=1125 n=7[0m
[0;32mI (68243) forensics: [HIST] fixture=2 class=true_steady lower_us=1130 n=5[0m
[0;32mI (68253) forensics: [HIST] fixture=2 class=true_steady lower_us=1135 n=6[0m
[0;32mI (68263) forensics: [HIST] fixture=2 class=true_steady lower_us=1140 n=8[0m
[0;32mI (68263) forensics: [HIST] fixture=2 class=true_steady lower_us=1145 n=5[0m
[0;32mI (68273) forensics: [HIST] fixture=2 class=true_steady lower_us=1150 n=5[0m
[0;32mI (68283) forensics: [HIST] fixture=2 class=true_steady lower_us=1155 n=6[0m
[0;32mI (68293) forensics: [HIST] fixture=2 class=true_steady lower_us=1160 n=5[0m
[0;32mI (68293) forensics: [HIST] fixture=2 class=true_steady lower_us=1165 n=5[0m
[0;32mI (68303) forensics: [HIST] fixture=2 class=true_steady lower_us=1170 n=2[0m
[0;32mI (68313) forensics: [HIST] fixture=2 class=true_steady lower_us=1175 n=7[0m
[0;32mI (68323) forensics: [HIST] fixture=2 class=true_steady lower_us=1180 n=2[0m
[0;32mI (68323) forensics: [HIST] fixture=2 class=true_steady lower_us=1185 n=6[0m
[0;32mI (68333) forensics: [HIST] fixture=2 class=true_steady lower_us=1190 n=12[0m
[0;32mI (68343) forensics: [HIST] fixture=2 class=true_steady lower_us=1195 n=12[0m
[0;32mI (68353) forensics: [HIST] fixture=2 class=true_steady lower_us=1200 n=19[0m
[0;32mI (68353) forensics: [HIST] fixture=2 class=true_steady lower_us=1205 n=40[0m
[0;32mI (68363) forensics: [HIST] fixture=2 class=true_steady lower_us=1210 n=70[0m
[0;32mI (68373) forensics: [HIST] fixture=2 class=true_steady lower_us=1215 n=86[0m
[0;32mI (68383) forensics: [HIST] fixture=2 class=true_steady lower_us=1220 n=315[0m
[0;32mI (68383) forensics: [HIST] fixture=2 class=true_steady lower_us=1225 n=140[0m
[0;32mI (68393) forensics: [HIST] fixture=2 class=true_steady lower_us=1230 n=94[0m
[0;32mI (68403) forensics: [HIST] fixture=2 class=true_steady lower_us=1235 n=94[0m
[0;32mI (68413) forensics: [HIST] fixture=2 class=true_steady lower_us=1240 n=53[0m
[0;32mI (68423) forensics: [HIST] fixture=2 class=true_steady lower_us=1245 n=43[0m
[0;32mI (68423) forensics: [HIST] fixture=2 class=true_steady lower_us=1250 n=19[0m
[0;32mI (68433) forensics: [HIST] fixture=2 class=true_steady lower_us=1255 n=6[0m
[0;32mI (68443) forensics: [HIST] fixture=2 class=true_steady lower_us=1260 n=3[0m
[0;32mI (68453) forensics: [HIST] fixture=2 class=true_steady lower_us=1265 n=2[0m
[0;32mI (68453) forensics: [HIST] fixture=2 class=true_steady lower_us=1270 n=2[0m
[0;32mI (68463) forensics: [HIST] fixture=2 class=true_steady lower_us=1280 n=2[0m
[0;32mI (68473) forensics: [HIST] fixture=2 class=true_steady lower_us=1285 n=4[0m
[0;32mI (68473) forensics: [HIST] fixture=2 class=true_steady lower_us=1290 n=5[0m
[0;32mI (68483) forensics: [HIST] fixture=2 class=true_steady lower_us=1295 n=1[0m
[0;32mI (68493) forensics: [HIST] fixture=2 class=true_steady lower_us=1300 n=1[0m
[0;32mI (68503) forensics: [HIST] fixture=2 class=true_steady lower_us=1305 n=4[0m
[0;32mI (68503) forensics: [HIST] fixture=2 class=true_steady lower_us=1310 n=3[0m
[0;32mI (68513) forensics: [HIST] fixture=2 class=true_steady lower_us=1315 n=2[0m
[0;32mI (68523) forensics: [HIST] fixture=2 class=true_steady lower_us=1320 n=1[0m
[0;32mI (68533) forensics: [HIST] fixture=2 class=true_steady lower_us=1325 n=3[0m
[0;32mI (68533) forensics: [HIST] fixture=2 class=true_steady lower_us=1330 n=1[0m
[0;32mI (68543) forensics: [HIST] fixture=2 class=true_steady lower_us=1335 n=3[0m
[0;32mI (68553) forensics: [HIST] fixture=2 class=true_steady lower_us=1340 n=1[0m
[0;32mI (68563) forensics: [HIST] fixture=2 class=true_steady lower_us=1350 n=1[0m
[0;32mI (68563) forensics: [HIST] fixture=2 class=true_steady lower_us=1355 n=1[0m
[0;32mI (68573) forensics: [HIST] fixture=2 class=true_steady lower_us=1360 n=2[0m
[0;32mI (68583) forensics: [HIST] fixture=2 class=true_steady lower_us=1365 n=2[0m
[0;32mI (68593) forensics: [HIST] fixture=2 class=true_steady lower_us=1375 n=2[0m
[0;32mI (68593) forensics: [HIST] fixture=2 class=true_steady lower_us=1380 n=3[0m
[0;32mI (68603) forensics: [HIST] fixture=2 class=true_steady lower_us=1385 n=1[0m
[0;32mI (68613) forensics: [HIST] fixture=2 class=true_steady lower_us=1390 n=1[0m
[0;32mI (68623) forensics: [HIST] fixture=2 class=true_steady lower_us=1395 n=1[0m
[0;32mI (68623) forensics: [HIST] fixture=2 class=true_steady lower_us=1400 n=1[0m
[0;32mI (68633) forensics: [HIST] fixture=2 class=true_steady lower_us=1405 n=1[0m
[0;32mI (68643) forensics: [HIST] fixture=2 class=true_steady lower_us=1410 n=1[0m
[0;32mI (68653) forensics: [HIST] fixture=2 class=true_steady lower_us=1415 n=2[0m
[0;32mI (68653) forensics: [HIST] fixture=2 class=true_steady lower_us=1420 n=1[0m
[0;32mI (68663) forensics: [HIST] fixture=2 class=true_steady lower_us=1435 n=1[0m
[0;32mI (68673) forensics: [HIST] fixture=2 class=true_steady lower_us=1445 n=1[0m
[0;32mI (68683) forensics: [HIST] fixture=2 class=true_steady lower_us=1490 n=1[0m
[0;32mI (68683) forensics: [CALLBACK_CURVE] model=UDU fixture=2 voices=8 class=true_steady n=7531 avg_us=1065.89 p95_us=1260 p99_us=1320 p995_us=1400 p999_us=1525 max_us=1583 deadline=0 overhead_avg_us=20.61[0m
[0;32mI (68703) forensics: [CALLBACK_HIST] fixture=2 class=true_steady lower_us=615 n=1[0m
[0;32mI (68713) forensics: [CALLBACK_HIST] fixture=2 class=true_steady lower_us=705 n=8[0m
[0;32mI (68723) forensics: [CALLBACK_HIST] fixture=2 class=true_steady lower_us=710 n=150[0m
[0;32mI (68733) forensics: [CALLBACK_HIST] fixture=2 class=true_steady lower_us=715 n=23[0m
[0;32mI (68743) forensics: [CALLBACK_HIST] fixture=2 class=true_steady lower_us=720 n=10[0m
[0;32mI (68743) forensics: [CALLBACK_HIST] fixture=2 class=true_steady lower_us=725 n=6[0m
[0;32mI (68753) forensics: [CALLBACK_HIST] fixture=2 class=true_steady lower_us=730 n=3[0m
[0;32mI (68763) forensics: [CALLBACK_HIST] fixture=2 class=true_steady lower_us=735 n=1[0m
[0;32mI (68773) forensics: [CALLBACK_HIST] fixture=2 class=true_steady lower_us=740 n=7[0m
[0;32mI (68783) forensics: [CALLBACK_HIST] fixture=2 class=true_steady lower_us=745 n=1[0m
[0;32mI (68783) forensics: [CALLBACK_HIST] fixture=2 class=true_steady lower_us=750 n=1[0m
[0;32mI (68793) forensics: [CALLBACK_HIST] fixture=2 class=true_steady lower_us=775 n=16[0m
[0;32mI (68803) forensics: [CALLBACK_HIST] fixture=2 class=true_steady lower_us=780 n=4[0m
[0;32mI (68813) forensics: [CALLBACK_HIST] fixture=2 class=true_steady lower_us=785 n=2[0m
[0;32mI (68823) forensics: [CALLBACK_HIST] fixture=2 class=true_steady lower_us=790 n=2[0m
[0;32mI (68833) forensics: [CALLBACK_HIST] fixture=2 class=true_steady lower_us=795 n=1[0m
[0;32mI (68833) forensics: [CALLBACK_HIST] fixture=2 class=true_steady lower_us=805 n=1[0m
[0;32mI (68843) forensics: [CALLBACK_HIST] fixture=2 class=true_steady lower_us=815 n=6[0m
[0;32mI (68853) forensics: [CALLBACK_HIST] fixture=2 class=true_steady lower_us=820 n=20[0m
[0;32mI (68863) forensics: [CALLBACK_HIST] fixture=2 class=true_steady lower_us=825 n=3[0m
[0;32mI (68873) forensics: [CALLBACK_HIST] fixture=2 class=true_steady lower_us=830 n=7[0m
[0;32mI (68873) forensics: [CALLBACK_HIST] fixture=2 class=true_steady lower_us=835 n=6[0m
[0;32mI (68883) forensics: [CALLBACK_HIST] fixture=2 class=true_steady lower_us=840 n=8[0m
[0;32mI (68893) forensics: [CALLBACK_HIST] fixture=2 class=true_steady lower_us=845 n=1[0m
[0;32mI (68903) forensics: [CALLBACK_HIST] fixture=2 class=true_steady lower_us=855 n=5[0m
[0;32mI (68913) forensics: [CALLBACK_HIST] fixture=2 class=true_steady lower_us=860 n=4[0m
[0;32mI (68923) forensics: [CALLBACK_HIST] fixture=2 class=true_steady lower_us=865 n=4[0m
[0;32mI (68923) forensics: [CALLBACK_HIST] fixture=2 class=true_steady lower_us=870 n=2[0m
[0;32mI (68933) forensics: [CALLBACK_HIST] fixture=2 class=true_steady lower_us=880 n=2[0m
[0;32mI (68943) forensics: [CALLBACK_HIST] fixture=2 class=true_steady lower_us=885 n=3[0m
[0;32mI (68953) forensics: [CALLBACK_HIST] fixture=2 class=true_steady lower_us=900 n=1[0m
[0;32mI (68963) forensics: [CALLBACK_HIST] fixture=2 class=true_steady lower_us=925 n=116[0m
[0;32mI (68963) forensics: [CALLBACK_HIST] fixture=2 class=true_steady lower_us=930 n=42[0m
[0;32mI (68973) forensics: [CALLBACK_HIST] fixture=2 class=true_steady lower_us=935 n=43[0m
[0;32mI (68983) forensics: [CALLBACK_HIST] fixture=2 class=true_steady lower_us=940 n=12[0m
[0;32mI (68993) forensics: [CALLBACK_HIST] fixture=2 class=true_steady lower_us=945 n=8[0m
[0;32mI (69003) forensics: [CALLBACK_HIST] fixture=2 class=true_steady lower_us=950 n=12[0m
[0;32mI (69013) forensics: [CALLBACK_HIST] fixture=2 class=true_steady lower_us=955 n=7[0m
[0;32mI (69013) forensics: [CALLBACK_HIST] fixture=2 class=true_steady lower_us=960 n=2[0m
[0;32mI (69023) forensics: [CALLBACK_HIST] fixture=2 class=true_steady lower_us=965 n=4[0m
[0;32mI (69033) forensics: [CALLBACK_HIST] fixture=2 class=true_steady lower_us=970 n=6[0m
[0;32mI (69043) forensics: [CALLBACK_HIST] fixture=2 class=true_steady lower_us=975 n=3[0m
[0;32mI (69053) forensics: [CALLBACK_HIST] fixture=2 class=true_steady lower_us=985 n=1[0m
[0;32mI (69053) forensics: [CALLBACK_HIST] fixture=2 class=true_steady lower_us=990 n=4[0m
[0;32mI (69063) forensics: [CALLBACK_HIST] fixture=2 class=true_steady lower_us=995 n=5[0m
[0;32mI (69073) forensics: [CALLBACK_HIST] fixture=2 class=true_steady lower_us=1000 n=11[0m
[0;32mI (69083) forensics: [CALLBACK_HIST] fixture=2 class=true_steady lower_us=1005 n=2[0m
[0;32mI (69093) forensics: [CALLBACK_HIST] fixture=2 class=true_steady lower_us=1010 n=2[0m
[0;32mI (69103) forensics: [CALLBACK_HIST] fixture=2 class=true_steady lower_us=1015 n=3[0m
[0;32mI (69103) forensics: [CALLBACK_HIST] fixture=2 class=true_steady lower_us=1020 n=2[0m
[0;32mI (69113) forensics: [CALLBACK_HIST] fixture=2 class=true_steady lower_us=1025 n=1[0m
[0;32mI (69123) forensics: [CALLBACK_HIST] fixture=2 class=true_steady lower_us=1030 n=46[0m
[0;32mI (69133) forensics: [CALLBACK_HIST] fixture=2 class=true_steady lower_us=1035 n=2721[0m
[0;32mI (69143) forensics: [CALLBACK_HIST] fixture=2 class=true_steady lower_us=1040 n=809[0m
[0;32mI (69153) forensics: [CALLBACK_HIST] fixture=2 class=true_steady lower_us=1045 n=744[0m
[0;32mI (69153) forensics: [CALLBACK_HIST] fixture=2 class=true_steady lower_us=1050 n=173[0m
[0;32mI (69163) forensics: [CALLBACK_HIST] fixture=2 class=true_steady lower_us=1055 n=117[0m
[0;32mI (69173) forensics: [CALLBACK_HIST] fixture=2 class=true_steady lower_us=1060 n=297[0m
[0;32mI (69183) forensics: [CALLBACK_HIST] fixture=2 class=true_steady lower_us=1065 n=111[0m
[0;32mI (69193) forensics: [CALLBACK_HIST] fixture=2 class=true_steady lower_us=1070 n=75[0m
[0;32mI (69203) forensics: [CALLBACK_HIST] fixture=2 class=true_steady lower_us=1075 n=45[0m
[0;32mI (69203) forensics: [CALLBACK_HIST] fixture=2 class=true_steady lower_us=1080 n=41[0m
[0;32mI (69213) forensics: [CALLBACK_HIST] fixture=2 class=true_steady lower_us=1085 n=39[0m
[0;32mI (69223) forensics: [CALLBACK_HIST] fixture=2 class=true_steady lower_us=1090 n=51[0m
[0;32mI (69233) forensics: [CALLBACK_HIST] fixture=2 class=true_steady lower_us=1095 n=73[0m
[0;32mI (69243) forensics: [CALLBACK_HIST] fixture=2 class=true_steady lower_us=1100 n=90[0m
[0;32mI (69253) forensics: [CALLBACK_HIST] fixture=2 class=true_steady lower_us=1105 n=89[0m
[0;32mI (69253) forensics: [CALLBACK_HIST] fixture=2 class=true_steady lower_us=1110 n=77[0m
[0;32mI (69263) forensics: [CALLBACK_HIST] fixture=2 class=true_steady lower_us=1115 n=44[0m
[0;32mI (69273) forensics: [CALLBACK_HIST] fixture=2 class=true_steady lower_us=1120 n=40[0m
[0;32mI (69283) forensics: [CALLBACK_HIST] fixture=2 class=true_steady lower_us=1125 n=32[0m
[0;32mI (69293) forensics: [CALLBACK_HIST] fixture=2 class=true_steady lower_us=1130 n=23[0m
[0;32mI (69303) forensics: [CALLBACK_HIST] fixture=2 class=true_steady lower_us=1135 n=16[0m
[0;32mI (69303) forensics: [CALLBACK_HIST] fixture=2 class=true_steady lower_us=1140 n=19[0m
[0;32mI (69313) forensics: [CALLBACK_HIST] fixture=2 class=true_steady lower_us=1145 n=6[0m
[0;32mI (69323) forensics: [CALLBACK_HIST] fixture=2 class=true_steady lower_us=1150 n=6[0m
[0;32mI (69333) forensics: [CALLBACK_HIST] fixture=2 class=true_steady lower_us=1155 n=8[0m
[0;32mI (69343) forensics: [CALLBACK_HIST] fixture=2 class=true_steady lower_us=1160 n=9[0m
[0;32mI (69353) forensics: [CALLBACK_HIST] fixture=2 class=true_steady lower_us=1165 n=5[0m
[0;32mI (69353) forensics: [CALLBACK_HIST] fixture=2 class=true_steady lower_us=1170 n=3[0m
[0;32mI (69363) forensics: [CALLBACK_HIST] fixture=2 class=true_steady lower_us=1175 n=6[0m
[0;32mI (69373) forensics: [CALLBACK_HIST] fixture=2 class=true_steady lower_us=1180 n=4[0m
[0;32mI (69383) forensics: [CALLBACK_HIST] fixture=2 class=true_steady lower_us=1185 n=2[0m
[0;32mI (69393) forensics: [CALLBACK_HIST] fixture=2 class=true_steady lower_us=1190 n=7[0m
[0;32mI (69403) forensics: [CALLBACK_HIST] fixture=2 class=true_steady lower_us=1195 n=2[0m
[0;32mI (69403) forensics: [CALLBACK_HIST] fixture=2 class=true_steady lower_us=1200 n=2[0m
[0;32mI (69413) forensics: [CALLBACK_HIST] fixture=2 class=true_steady lower_us=1205 n=3[0m
[0;32mI (69423) forensics: [CALLBACK_HIST] fixture=2 class=true_steady lower_us=1210 n=8[0m
[0;32mI (69433) forensics: [CALLBACK_HIST] fixture=2 class=true_steady lower_us=1215 n=8[0m
[0;32mI (69443) forensics: [CALLBACK_HIST] fixture=2 class=true_steady lower_us=1220 n=26[0m
[0;32mI (69443) forensics: [CALLBACK_HIST] fixture=2 class=true_steady lower_us=1225 n=47[0m
[0;32mI (69453) forensics: [CALLBACK_HIST] fixture=2 class=true_steady lower_us=1230 n=164[0m
[0;32mI (69463) forensics: [CALLBACK_HIST] fixture=2 class=true_steady lower_us=1235 n=168[0m
[0;32mI (69473) forensics: [CALLBACK_HIST] fixture=2 class=true_steady lower_us=1240 n=125[0m
[0;32mI (69483) forensics: [CALLBACK_HIST] fixture=2 class=true_steady lower_us=1245 n=65[0m
[0;32mI (69493) forensics: [CALLBACK_HIST] fixture=2 class=true_steady lower_us=1250 n=46[0m
[0;32mI (69493) forensics: [CALLBACK_HIST] fixture=2 class=true_steady lower_us=1255 n=91[0m
[0;32mI (69503) forensics: [CALLBACK_HIST] fixture=2 class=true_steady lower_us=1260 n=77[0m
[0;32mI (69513) forensics: [CALLBACK_HIST] fixture=2 class=true_steady lower_us=1265 n=53[0m
[0;32mI (69523) forensics: [CALLBACK_HIST] fixture=2 class=true_steady lower_us=1270 n=33[0m
[0;32mI (69533) forensics: [CALLBACK_HIST] fixture=2 class=true_steady lower_us=1275 n=31[0m
[0;32mI (69543) forensics: [CALLBACK_HIST] fixture=2 class=true_steady lower_us=1280 n=37[0m
[0;32mI (69543) forensics: [CALLBACK_HIST] fixture=2 class=true_steady lower_us=1285 n=20[0m
[0;32mI (69553) forensics: [CALLBACK_HIST] fixture=2 class=true_steady lower_us=1290 n=8[0m
[0;32mI (69563) forensics: [CALLBACK_HIST] fixture=2 class=true_steady lower_us=1295 n=7[0m
[0;32mI (69573) forensics: [CALLBACK_HIST] fixture=2 class=true_steady lower_us=1300 n=2[0m
[0;32mI (69583) forensics: [CALLBACK_HIST] fixture=2 class=true_steady lower_us=1305 n=5[0m
[0;32mI (69593) forensics: [CALLBACK_HIST] fixture=2 class=true_steady lower_us=1310 n=3[0m
[0;32mI (69593) forensics: [CALLBACK_HIST] fixture=2 class=true_steady lower_us=1315 n=4[0m
[0;32mI (69603) forensics: [CALLBACK_HIST] fixture=2 class=true_steady lower_us=1320 n=2[0m
[0;32mI (69613) forensics: [CALLBACK_HIST] fixture=2 class=true_steady lower_us=1325 n=1[0m
[0;32mI (69623) forensics: [CALLBACK_HIST] fixture=2 class=true_steady lower_us=1330 n=3[0m
[0;32mI (69633) forensics: [CALLBACK_HIST] fixture=2 class=true_steady lower_us=1335 n=1[0m
[0;32mI (69643) forensics: [CALLBACK_HIST] fixture=2 class=true_steady lower_us=1340 n=1[0m
[0;32mI (69643) forensics: [CALLBACK_HIST] fixture=2 class=true_steady lower_us=1345 n=5[0m
[0;32mI (69653) forensics: [CALLBACK_HIST] fixture=2 class=true_steady lower_us=1350 n=3[0m
[0;32mI (69663) forensics: [CALLBACK_HIST] fixture=2 class=true_steady lower_us=1355 n=3[0m
[0;32mI (69673) forensics: [CALLBACK_HIST] fixture=2 class=true_steady lower_us=1360 n=4[0m
[0;32mI (69683) forensics: [CALLBACK_HIST] fixture=2 class=true_steady lower_us=1365 n=4[0m
[0;32mI (69693) forensics: [CALLBACK_HIST] fixture=2 class=true_steady lower_us=1375 n=2[0m
[0;32mI (69693) forensics: [CALLBACK_HIST] fixture=2 class=true_steady lower_us=1385 n=1[0m
[0;32mI (69703) forensics: [CALLBACK_HIST] fixture=2 class=true_steady lower_us=1390 n=4[0m
[0;32mI (69713) forensics: [CALLBACK_HIST] fixture=2 class=true_steady lower_us=1395 n=2[0m
[0;32mI (69723) forensics: [CALLBACK_HIST] fixture=2 class=true_steady lower_us=1405 n=2[0m
[0;32mI (69733) forensics: [CALLBACK_HIST] fixture=2 class=true_steady lower_us=1410 n=1[0m
[0;32mI (69733) forensics: [CALLBACK_HIST] fixture=2 class=true_steady lower_us=1415 n=3[0m
[0;32mI (69743) forensics: [CALLBACK_HIST] fixture=2 class=true_steady lower_us=1420 n=2[0m
[0;32mI (69753) forensics: [CALLBACK_HIST] fixture=2 class=true_steady lower_us=1430 n=5[0m
[0;32mI (69763) forensics: [CALLBACK_HIST] fixture=2 class=true_steady lower_us=1435 n=2[0m
[0;32mI (69773) forensics: [CALLBACK_HIST] fixture=2 class=true_steady lower_us=1440 n=1[0m
[0;32mI (69783) forensics: [CALLBACK_HIST] fixture=2 class=true_steady lower_us=1445 n=1[0m
[0;32mI (69783) forensics: [CALLBACK_HIST] fixture=2 class=true_steady lower_us=1450 n=1[0m
[0;32mI (69793) forensics: [CALLBACK_HIST] fixture=2 class=true_steady lower_us=1455 n=1[0m
[0;32mI (69803) forensics: [CALLBACK_HIST] fixture=2 class=true_steady lower_us=1465 n=1[0m
[0;32mI (69813) forensics: [CALLBACK_HIST] fixture=2 class=true_steady lower_us=1480 n=1[0m
[0;32mI (69823) forensics: [CALLBACK_HIST] fixture=2 class=true_steady lower_us=1485 n=1[0m
[0;32mI (69833) forensics: [CALLBACK_HIST] fixture=2 class=true_steady lower_us=1490 n=1[0m
[0;32mI (69833) forensics: [CALLBACK_HIST] fixture=2 class=true_steady lower_us=1500 n=3[0m
[0;32mI (69843) forensics: [CALLBACK_HIST] fixture=2 class=true_steady lower_us=1505 n=1[0m
[0;32mI (69853) forensics: [CALLBACK_HIST] fixture=2 class=true_steady lower_us=1515 n=2[0m
[0;32mI (69863) forensics: [CALLBACK_HIST] fixture=2 class=true_steady lower_us=1520 n=1[0m
[0;32mI (69873) forensics: [CALLBACK_HIST] fixture=2 class=true_steady lower_us=1525 n=1[0m
[0;32mI (69873) forensics: [CALLBACK_HIST] fixture=2 class=true_steady lower_us=1530 n=1[0m
[0;32mI (69883) forensics: [CALLBACK_HIST] fixture=2 class=true_steady lower_us=1540 n=1[0m
[0;32mI (69893) forensics: [CALLBACK_HIST] fixture=2 class=true_steady lower_us=1560 n=1[0m
[0;32mI (69903) forensics: [CALLBACK_HIST] fixture=2 class=true_steady lower_us=1575 n=1[0m
[0;32mI (69913) forensics: [CALLBACK_HIST] fixture=2 class=true_steady lower_us=1580 n=2[0m
[0;32mI (69923) forensics: [CURVE] model=UDU fixture=2 voices=8 class=attack_tail n=616 avg_us=1345.71 p95_us=1645 p99_us=1845 p995_us=1855 p999_us=1965 max_us=1961 deadline=0 bad_voices=731 ble_lost=0 hard=0 sat=0 bin_us=5 max_observed_voices=8[0m
[0;32mI (69943) forensics: [HIST] fixture=2 class=attack_tail lower_us=1265 n=336[0m
[0;32mI (69953) forensics: [HIST] fixture=2 class=attack_tail lower_us=1270 n=87[0m
[0;32mI (69953) forensics: [HIST] fixture=2 class=attack_tail lower_us=1275 n=15[0m
[0;32mI (69963) forensics: [HIST] fixture=2 class=attack_tail lower_us=1280 n=8[0m
[0;32mI (69973) forensics: [HIST] fixture=2 class=attack_tail lower_us=1285 n=5[0m
[0;32mI (69983) forensics: [HIST] fixture=2 class=attack_tail lower_us=1290 n=5[0m
[0;32mI (69983) forensics: [HIST] fixture=2 class=attack_tail lower_us=1295 n=7[0m
[0;32mI (69993) forensics: [HIST] fixture=2 class=attack_tail lower_us=1300 n=4[0m
[0;32mI (70003) forensics: [HIST] fixture=2 class=attack_tail lower_us=1305 n=4[0m
[0;32mI (70013) forensics: [HIST] fixture=2 class=attack_tail lower_us=1310 n=2[0m
[0;32mI (70013) forensics: [HIST] fixture=2 class=attack_tail lower_us=1325 n=1[0m
[0;32mI (70023) forensics: [HIST] fixture=2 class=attack_tail lower_us=1335 n=3[0m
[0;32mI (70033) forensics: [HIST] fixture=2 class=attack_tail lower_us=1355 n=1[0m
[0;32mI (70043) forensics: [HIST] fixture=2 class=attack_tail lower_us=1365 n=2[0m
[0;32mI (70043) forensics: [HIST] fixture=2 class=attack_tail lower_us=1370 n=1[0m
[0;32mI (70053) forensics: [HIST] fixture=2 class=attack_tail lower_us=1430 n=1[0m
[0;32mI (70063) forensics: [HIST] fixture=2 class=attack_tail lower_us=1465 n=1[0m
[0;32mI (70073) forensics: [HIST] fixture=2 class=attack_tail lower_us=1475 n=1[0m
[0;32mI (70073) forensics: [HIST] fixture=2 class=attack_tail lower_us=1480 n=3[0m
[0;32mI (70083) forensics: [HIST] fixture=2 class=attack_tail lower_us=1485 n=2[0m
[0;32mI (70093) forensics: [HIST] fixture=2 class=attack_tail lower_us=1490 n=1[0m
[0;32mI (70093) forensics: [HIST] fixture=2 class=attack_tail lower_us=1495 n=2[0m
[0;32mI (70103) forensics: [HIST] fixture=2 class=attack_tail lower_us=1540 n=1[0m
[0;32mI (70113) forensics: [HIST] fixture=2 class=attack_tail lower_us=1545 n=3[0m
[0;32mI (70123) forensics: [HIST] fixture=2 class=attack_tail lower_us=1550 n=4[0m
[0;32mI (70123) forensics: [HIST] fixture=2 class=attack_tail lower_us=1555 n=8[0m
[0;32mI (70133) forensics: [HIST] fixture=2 class=attack_tail lower_us=1560 n=5[0m
[0;32mI (70143) forensics: [HIST] fixture=2 class=attack_tail lower_us=1565 n=20[0m
[0;32mI (70153) forensics: [HIST] fixture=2 class=attack_tail lower_us=1570 n=10[0m
[0;32mI (70153) forensics: [HIST] fixture=2 class=attack_tail lower_us=1575 n=11[0m
[0;32mI (70163) forensics: [HIST] fixture=2 class=attack_tail lower_us=1580 n=10[0m
[0;32mI (70173) forensics: [HIST] fixture=2 class=attack_tail lower_us=1585 n=6[0m
[0;32mI (70183) forensics: [HIST] fixture=2 class=attack_tail lower_us=1590 n=3[0m
[0;32mI (70183) forensics: [HIST] fixture=2 class=attack_tail lower_us=1595 n=3[0m
[0;32mI (70193) forensics: [HIST] fixture=2 class=attack_tail lower_us=1600 n=4[0m
[0;32mI (70203) forensics: [HIST] fixture=2 class=attack_tail lower_us=1605 n=2[0m
[0;32mI (70213) forensics: [HIST] fixture=2 class=attack_tail lower_us=1610 n=2[0m
[0;32mI (70213) forensics: [HIST] fixture=2 class=attack_tail lower_us=1620 n=1[0m
[0;32mI (70223) forensics: [HIST] fixture=2 class=attack_tail lower_us=1640 n=1[0m
[0;32mI (70233) forensics: [HIST] fixture=2 class=attack_tail lower_us=1650 n=1[0m
[0;32mI (70243) forensics: [HIST] fixture=2 class=attack_tail lower_us=1660 n=1[0m
[0;32mI (70243) forensics: [HIST] fixture=2 class=attack_tail lower_us=1665 n=1[0m
[0;32mI (70253) forensics: [HIST] fixture=2 class=attack_tail lower_us=1670 n=1[0m
[0;32mI (70263) forensics: [HIST] fixture=2 class=attack_tail lower_us=1690 n=1[0m
[0;32mI (70273) forensics: [HIST] fixture=2 class=attack_tail lower_us=1700 n=1[0m
[0;32mI (70273) forensics: [HIST] fixture=2 class=attack_tail lower_us=1730 n=1[0m
[0;32mI (70283) forensics: [HIST] fixture=2 class=attack_tail lower_us=1750 n=1[0m
[0;32mI (70293) forensics: [HIST] fixture=2 class=attack_tail lower_us=1765 n=1[0m
[0;32mI (70303) forensics: [HIST] fixture=2 class=attack_tail lower_us=1780 n=2[0m
[0;32mI (70303) forensics: [HIST] fixture=2 class=attack_tail lower_us=1785 n=3[0m
[0;32mI (70313) forensics: [HIST] fixture=2 class=attack_tail lower_us=1795 n=1[0m
[0;32mI (70323) forensics: [HIST] fixture=2 class=attack_tail lower_us=1815 n=2[0m
[0;32mI (70333) forensics: [HIST] fixture=2 class=attack_tail lower_us=1820 n=3[0m
[0;32mI (70333) forensics: [HIST] fixture=2 class=attack_tail lower_us=1830 n=3[0m
[0;32mI (70343) forensics: [HIST] fixture=2 class=attack_tail lower_us=1840 n=2[0m
[0;32mI (70353) forensics: [HIST] fixture=2 class=attack_tail lower_us=1845 n=1[0m
[0;32mI (70363) forensics: [HIST] fixture=2 class=attack_tail lower_us=1850 n=2[0m
[0;32mI (70363) forensics: [HIST] fixture=2 class=attack_tail lower_us=1935 n=1[0m
[0;32mI (70373) forensics: [HIST] fixture=2 class=attack_tail lower_us=1960 n=1[0m
[0;32mI (70383) forensics: [CALLBACK_CURVE] model=UDU fixture=2 voices=8 class=attack_tail n=616 avg_us=1378.19 p95_us=1780 p99_us=1960 p995_us=2015 p999_us=2075 max_us=2072 deadline=0 overhead_avg_us=32.47[0m
[0;32mI (70403) forensics: [CALLBACK_HIST] fixture=2 class=attack_tail lower_us=1275 n=243[0m
[0;32mI (70413) forensics: [CALLBACK_HIST] fixture=2 class=attack_tail lower_us=1280 n=97[0m
[0;32mI (70413) forensics: [CALLBACK_HIST] fixture=2 class=attack_tail lower_us=1285 n=40[0m
[0;32mI (70423) forensics: [CALLBACK_HIST] fixture=2 class=attack_tail lower_us=1290 n=12[0m
[0;32mI (70433) forensics: [CALLBACK_HIST] fixture=2 class=attack_tail lower_us=1295 n=8[0m
[0;32mI (70443) forensics: [CALLBACK_HIST] fixture=2 class=attack_tail lower_us=1300 n=2[0m
[0;32mI (70453) forensics: [CALLBACK_HIST] fixture=2 class=attack_tail lower_us=1305 n=2[0m
[0;32mI (70463) forensics: [CALLBACK_HIST] fixture=2 class=attack_tail lower_us=1310 n=3[0m
[0;32mI (70463) forensics: [CALLBACK_HIST] fixture=2 class=attack_tail lower_us=1315 n=1[0m
[0;32mI (70473) forensics: [CALLBACK_HIST] fixture=2 class=attack_tail lower_us=1325 n=1[0m
[0;32mI (70483) forensics: [CALLBACK_HIST] fixture=2 class=attack_tail lower_us=1330 n=1[0m
[0;32mI (70493) forensics: [CALLBACK_HIST] fixture=2 class=attack_tail lower_us=1335 n=7[0m
[0;32mI (70503) forensics: [CALLBACK_HIST] fixture=2 class=attack_tail lower_us=1340 n=10[0m
[0;32mI (70513) forensics: [CALLBACK_HIST] fixture=2 class=attack_tail lower_us=1345 n=17[0m
[0;32mI (70513) forensics: [CALLBACK_HIST] fixture=2 class=attack_tail lower_us=1350 n=19[0m
[0;32mI (70523) forensics: [CALLBACK_HIST] fixture=2 class=attack_tail lower_us=1355 n=3[0m
[0;32mI (70533) forensics: [CALLBACK_HIST] fixture=2 class=attack_tail lower_us=1360 n=1[0m
[0;32mI (70543) forensics: [CALLBACK_HIST] fixture=2 class=attack_tail lower_us=1365 n=3[0m
[0;32mI (70553) forensics: [CALLBACK_HIST] fixture=2 class=attack_tail lower_us=1370 n=1[0m
[0;32mI (70553) forensics: [CALLBACK_HIST] fixture=2 class=attack_tail lower_us=1390 n=3[0m
[0;32mI (70563) forensics: [CALLBACK_HIST] fixture=2 class=attack_tail lower_us=1405 n=1[0m
[0;32mI (70573) forensics: [CALLBACK_HIST] fixture=2 class=attack_tail lower_us=1420 n=1[0m
[0;32mI (70583) forensics: [CALLBACK_HIST] fixture=2 class=attack_tail lower_us=1425 n=2[0m
[0;32mI (70593) forensics: [CALLBACK_HIST] fixture=2 class=attack_tail lower_us=1435 n=1[0m
[0;32mI (70603) forensics: [CALLBACK_HIST] fixture=2 class=attack_tail lower_us=1455 n=1[0m
[0;32mI (70603) forensics: [CALLBACK_HIST] fixture=2 class=attack_tail lower_us=1515 n=1[0m
[0;32mI (70613) forensics: [CALLBACK_HIST] fixture=2 class=attack_tail lower_us=1520 n=1[0m
[0;32mI (70623) forensics: [CALLBACK_HIST] fixture=2 class=attack_tail lower_us=1560 n=2[0m
[0;32mI (70633) forensics: [CALLBACK_HIST] fixture=2 class=attack_tail lower_us=1565 n=3[0m
[0;32mI (70643) forensics: [CALLBACK_HIST] fixture=2 class=attack_tail lower_us=1570 n=3[0m
[0;32mI (70653) forensics: [CALLBACK_HIST] fixture=2 class=attack_tail lower_us=1575 n=11[0m
[0;32mI (70653) forensics: [CALLBACK_HIST] fixture=2 class=attack_tail lower_us=1580 n=11[0m
[0;32mI (70663) forensics: [CALLBACK_HIST] fixture=2 class=attack_tail lower_us=1585 n=7[0m
[0;32mI (70673) forensics: [CALLBACK_HIST] fixture=2 class=attack_tail lower_us=1590 n=5[0m
[0;32mI (70683) forensics: [CALLBACK_HIST] fixture=2 class=attack_tail lower_us=1595 n=6[0m
[0;32mI (70693) forensics: [CALLBACK_HIST] fixture=2 class=attack_tail lower_us=1600 n=6[0m
[0;32mI (70703) forensics: [CALLBACK_HIST] fixture=2 class=attack_tail lower_us=1605 n=10[0m
[0;32mI (70703) forensics: [CALLBACK_HIST] fixture=2 class=attack_tail lower_us=1610 n=5[0m
[0;32mI (70713) forensics: [CALLBACK_HIST] fixture=2 class=attack_tail lower_us=1615 n=8[0m
[0;32mI (70723) forensics: [CALLBACK_HIST] fixture=2 class=attack_tail lower_us=1620 n=5[0m
[0;32mI (70733) forensics: [CALLBACK_HIST] fixture=2 class=attack_tail lower_us=1625 n=2[0m
[0;32mI (70743) forensics: [CALLBACK_HIST] fixture=2 class=attack_tail lower_us=1635 n=2[0m
[0;32mI (70743) forensics: [CALLBACK_HIST] fixture=2 class=attack_tail lower_us=1640 n=1[0m
[0;32mI (70753) forensics: [CALLBACK_HIST] fixture=2 class=attack_tail lower_us=1645 n=1[0m
[0;32mI (70763) forensics: [CALLBACK_HIST] fixture=2 class=attack_tail lower_us=1655 n=3[0m
[0;32mI (70773) forensics: [CALLBACK_HIST] fixture=2 class=attack_tail lower_us=1670 n=2[0m
[0;32mI (70783) forensics: [CALLBACK_HIST] fixture=2 class=attack_tail lower_us=1695 n=1[0m
[0;32mI (70793) forensics: [CALLBACK_HIST] fixture=2 class=attack_tail lower_us=1700 n=2[0m
[0;32mI (70793) forensics: [CALLBACK_HIST] fixture=2 class=attack_tail lower_us=1730 n=1[0m
[0;32mI (70803) forensics: [CALLBACK_HIST] fixture=2 class=attack_tail lower_us=1755 n=3[0m
[0;32mI (70813) forensics: [CALLBACK_HIST] fixture=2 class=attack_tail lower_us=1765 n=2[0m
[0;32mI (70823) forensics: [CALLBACK_HIST] fixture=2 class=attack_tail lower_us=1770 n=1[0m
[0;32mI (70833) forensics: [CALLBACK_HIST] fixture=2 class=attack_tail lower_us=1775 n=1[0m
[0;32mI (70843) forensics: [CALLBACK_HIST] fixture=2 class=attack_tail lower_us=1810 n=1[0m
[0;32mI (70843) forensics: [CALLBACK_HIST] fixture=2 class=attack_tail lower_us=1820 n=1[0m
[0;32mI (70853) forensics: [CALLBACK_HIST] fixture=2 class=attack_tail lower_us=1840 n=2[0m
[0;32mI (70863) forensics: [CALLBACK_HIST] fixture=2 class=attack_tail lower_us=1850 n=1[0m
[0;32mI (70873) forensics: [CALLBACK_HIST] fixture=2 class=attack_tail lower_us=1870 n=1[0m
[0;32mI (70883) forensics: [CALLBACK_HIST] fixture=2 class=attack_tail lower_us=1880 n=1[0m
[0;32mI (70883) forensics: [CALLBACK_HIST] fixture=2 class=attack_tail lower_us=1885 n=1[0m
[0;32mI (70893) forensics: [CALLBACK_HIST] fixture=2 class=attack_tail lower_us=1890 n=1[0m
[0;32mI (70903) forensics: [CALLBACK_HIST] fixture=2 class=attack_tail lower_us=1900 n=3[0m
[0;32mI (70913) forensics: [CALLBACK_HIST] fixture=2 class=attack_tail lower_us=1905 n=2[0m
[0;32mI (70923) forensics: [CALLBACK_HIST] fixture=2 class=attack_tail lower_us=1915 n=4[0m
[0;32mI (70933) forensics: [CALLBACK_HIST] fixture=2 class=attack_tail lower_us=1925 n=2[0m
[0;32mI (70933) forensics: [CALLBACK_HIST] fixture=2 class=attack_tail lower_us=1935 n=1[0m
[0;32mI (70943) forensics: [CALLBACK_HIST] fixture=2 class=attack_tail lower_us=1940 n=1[0m
[0;32mI (70953) forensics: [CALLBACK_HIST] fixture=2 class=attack_tail lower_us=1955 n=2[0m
[0;32mI (70963) forensics: [CALLBACK_HIST] fixture=2 class=attack_tail lower_us=1960 n=1[0m
[0;32mI (70973) forensics: [CALLBACK_HIST] fixture=2 class=attack_tail lower_us=1965 n=1[0m
[0;32mI (70983) forensics: [CALLBACK_HIST] fixture=2 class=attack_tail lower_us=2010 n=1[0m
[0;32mI (70983) forensics: [CALLBACK_HIST] fixture=2 class=attack_tail lower_us=2040 n=1[0m
[0;32mI (70993) forensics: [CALLBACK_HIST] fixture=2 class=attack_tail lower_us=2050 n=1[0m
[0;32mI (71003) forensics: [CALLBACK_HIST] fixture=2 class=attack_tail lower_us=2070 n=1[0m
[0;32mI (71013) forensics: [CURVE] model=UDU fixture=2 voices=8 class=event n=44 avg_us=1504.25 p95_us=1790 p99_us=1970 p995_us=1970 p999_us=1970 max_us=1965 deadline=0 bad_voices=731 ble_lost=0 hard=0 sat=0 bin_us=5 max_observed_voices=8[0m
[0;32mI (71033) forensics: [HIST] fixture=2 class=event lower_us=1420 n=3[0m
[0;32mI (71043) forensics: [HIST] fixture=2 class=event lower_us=1425 n=4[0m
[0;32mI (71043) forensics: [HIST] fixture=2 class=event lower_us=1430 n=7[0m
[0;32mI (71053) forensics: [HIST] fixture=2 class=event lower_us=1435 n=10[0m
[0;32mI (71063) forensics: [HIST] fixture=2 class=event lower_us=1440 n=4[0m
[0;32mI (71063) forensics: [HIST] fixture=2 class=event lower_us=1445 n=3[0m
[0;32mI (71073) forensics: [HIST] fixture=2 class=event lower_us=1460 n=1[0m
[0;32mI (71083) forensics: [HIST] fixture=2 class=event lower_us=1510 n=1[0m
[0;32mI (71093) forensics: [HIST] fixture=2 class=event lower_us=1515 n=1[0m
[0;32mI (71093) forensics: [HIST] fixture=2 class=event lower_us=1530 n=1[0m
[0;32mI (71103) forensics: [HIST] fixture=2 class=event lower_us=1575 n=1[0m
[0;32mI (71113) forensics: [HIST] fixture=2 class=event lower_us=1615 n=1[0m
[0;32mI (71113) forensics: [HIST] fixture=2 class=event lower_us=1630 n=1[0m
[0;32mI (71123) forensics: [HIST] fixture=2 class=event lower_us=1725 n=1[0m
[0;32mI (71133) forensics: [HIST] fixture=2 class=event lower_us=1730 n=1[0m
[0;32mI (71133) forensics: [HIST] fixture=2 class=event lower_us=1770 n=1[0m
[0;32mI (71143) forensics: [HIST] fixture=2 class=event lower_us=1785 n=1[0m
[0;32mI (71153) forensics: [HIST] fixture=2 class=event lower_us=1910 n=1[0m
[0;32mI (71153) forensics: [HIST] fixture=2 class=event lower_us=1965 n=1[0m
[0;32mI (71163) forensics: [CALLBACK_CURVE] model=UDU fixture=2 voices=8 class=event n=44 avg_us=1613.36 p95_us=1935 p99_us=2195 p995_us=2195 p999_us=2195 max_us=2190 deadline=0 overhead_avg_us=109.11[0m
[0;32mI (71183) forensics: [CALLBACK_HIST] fixture=2 class=event lower_us=1505 n=1[0m
[0;32mI (71193) forensics: [CALLBACK_HIST] fixture=2 class=event lower_us=1510 n=4[0m
[0;32mI (71203) forensics: [CALLBACK_HIST] fixture=2 class=event lower_us=1515 n=3[0m
[0;32mI (71203) forensics: [CALLBACK_HIST] fixture=2 class=event lower_us=1520 n=9[0m
[0;32mI (71213) forensics: [CALLBACK_HIST] fixture=2 class=event lower_us=1525 n=5[0m
[0;32mI (71223) forensics: [CALLBACK_HIST] fixture=2 class=event lower_us=1530 n=5[0m
[0;32mI (71233) forensics: [CALLBACK_HIST] fixture=2 class=event lower_us=1535 n=2[0m
[0;32mI (71233) forensics: [CALLBACK_HIST] fixture=2 class=event lower_us=1540 n=1[0m
[0;32mI (71243) forensics: [CALLBACK_HIST] fixture=2 class=event lower_us=1545 n=1[0m
[0;32mI (71253) forensics: [CALLBACK_HIST] fixture=2 class=event lower_us=1560 n=1[0m
[0;32mI (71263) forensics: [CALLBACK_HIST] fixture=2 class=event lower_us=1645 n=1[0m
[0;32mI (71263) forensics: [CALLBACK_HIST] fixture=2 class=event lower_us=1655 n=1[0m
[0;32mI (71273) forensics: [CALLBACK_HIST] fixture=2 class=event lower_us=1665 n=1[0m
[0;32mI (71283) forensics: [CALLBACK_HIST] fixture=2 class=event lower_us=1815 n=2[0m
[0;32mI (71293) forensics: [CALLBACK_HIST] fixture=2 class=event lower_us=1830 n=2[0m
[0;32mI (71303) forensics: [CALLBACK_HIST] fixture=2 class=event lower_us=1860 n=1[0m
[0;32mI (71303) forensics: [CALLBACK_HIST] fixture=2 class=event lower_us=1885 n=1[0m
[0;32mI (71313) forensics: [CALLBACK_HIST] fixture=2 class=event lower_us=1930 n=1[0m
[0;32mI (71323) forensics: [CALLBACK_HIST] fixture=2 class=event lower_us=2035 n=1[0m
[0;32mI (71333) forensics: [CALLBACK_HIST] fixture=2 class=event lower_us=2190 n=1[0m
[0;32mI (71333) forensics: [CURVE] model=UDU fixture=2 voices=8 class=fixture_transition n=1 avg_us=409.76 p95_us=415 p99_us=415 p995_us=415 p999_us=415 max_us=410 deadline=0 bad_voices=731 ble_lost=0 hard=0 sat=0 bin_us=5 max_observed_voices=8[0m
[0;32mI (71363) forensics: [HIST] fixture=2 class=fixture_transition lower_us=410 n=1[0m
[0;32mI (71363) forensics: [CALLBACK_CURVE] model=UDU fixture=2 voices=8 class=fixture_transition n=1 avg_us=432.00 p95_us=435 p99_us=435 p995_us=435 p999_us=435 max_us=432 deadline=0 overhead_avg_us=22.24[0m
[0;32mI (71383) forensics: [CALLBACK_HIST] fixture=2 class=fixture_transition lower_us=430 n=1[0m
[0;32mI (71393) forensics: [FASTPATH] fixture=2 stable8=0 attack=0[0m
[0;32mI (71403) forensics: [OVERHEAD] fixture=2 blocks=8192 model_reset_avg_us=1.67 model_reset_max_us=24 queue_avg_us=1.99 queue_max_us=41 render_avg_us=1080.75 telem_avg_us=4.56 telem_max_us=161 telem_publishes=1024[0m
[0;32mI (71453) pocket_pan_main: [AUDIO] model=PAN blocks=26452 avg_us=11 p99_us=1525 max_us=2190 cpu_load=0.4 deadline=0 timeout=0 tx_error=0 short=0[0m
[0;32mI (71453) pocket_pan_main: [MIDI] push=0 pop=0 drop=0 hwm=0 last=(n=62 v=0 t=78 hex=000000)[0m
[0;32mI (71463) pocket_pan_main: [BLE] state=8 interval_ms=11.25 latency=0 rssi=-62 reconnects=0 last_disconnect=0[0m
[0;32mI (71473) pocket_pan_main: [MEM] internal_free=35483 largest_internal=21504[0m
[0;32mI (71483) pocket_pan_main: [UIREDRAW] urgent=182 telemetry=225 skip=1643[0m
[0;32mI (76473) pocket_pan_main: [AUDIO] model=PAN blocks=28333 avg_us=9 p99_us=25 max_us=2190 cpu_load=0.3 deadline=0 timeout=0 tx_error=0 short=0[0m
[0;32mI (76473) pocket_pan_main: [MIDI] push=0 pop=0 drop=0 hwm=0 last=(n=62 v=0 t=78 hex=000000)[0m
[0;32mI (76483) pocket_pan_main: [BLE] state=8 interval_ms=11.25 latency=0 rssi=-64 reconnects=0 last_disconnect=0[0m
[0;32mI (76493) pocket_pan_main: [MEM] internal_free=35483 largest_internal=21504[0m
[0;32mI (76503) pocket_pan_main: [UIREDRAW] urgent=182 telemetry=238 skip=1796[0m
