[0;32mI (124) esp_image: segment 1: paddr=00030dcc vaddr=3fca31ESP-ROM:esp32s3-20210327
Build:Mar 27 2021
rst:0x15 (USB_UART_CHIP_RESET),boot:0x8 (SPI_FAST_FLASH_BOOT)
Saved PC:0x4200a218
SPIWP:0xee
mode:DIO, clock div:1
load:0x3fce2810,len:0x178c
load:0x403c8700,len:0x4
load:0x403c8704,len:0xcb8
load:0x403cb700,len:0x2db0
entry 0x403c8914
[0;32mI (26) boot: ESP-IDF v5.3-dirty 2nd stage bootloader[0m
[0;32mI (27) boot: compile time Oct  1 2026 19:28:03[0m
[0;32mI (27) boot: Multicore bootloader[0m
[0;32mI (30) boot: chip revision: v0.2[0m
[0;32mI (34) boot.esp32s3: Boot SPI Speed : 80MHz[0m
[0;32mI (39) boot.esp32s3: SPI Mode       : DIO[0m
[0;32mI (43) boot.esp32s3: SPI Flash Size : 4MB[0m
[0;32mI (48) boot: Enabling RNG early entropy source...[0m
[0;32mI (54) boot: Partition Table:[0m
[0;32mI (57) boot: ## Label            Usage          Type ST Offset   Length[0m
[0;32mI (64) boot:  0 nvs              WiFi data        01 02 00009000 00006000[0m
[0;32mI (72) boot:  1 phy_init         RF data          01 01 0000f000 00001000[0m
[0;32mI (79) boot:  2 factory          factory app      00 00 00010000 00100000[0m
[0;32mI (87) boot: End of partition table[0m
[0;32mI (91) esp_image: segment 0: paddr=00010020 vaddr=3c070020 size=20da4h (134564) map[0m
[0;32mI (124) esp_image: segment 1: paddr=00030dcc vaddr=3fca3100 size=04500h ( 17664) load[0m
[0;32mI (128) esp_image: segment 2: paddr=000352d4 vaddr=40374000 size=0ad44h ( 44356) load[0m
[0;32mI (139) esp_image: segment 3: paddr=00040020 vaddr=42000020 size=66848h (419912) map[0m
[0;32mI (215) esp_image: segment 4: paddr=000a6870 vaddr=4037ed44 size=142b4h ( 82612) load[0m
[0;32mI (246) boot: Loaded app from partition at offset 0x10000[0m
[0;32mI (246) boot: Disabling RNG early entropy source...[0m
[0;32mI (258) esp_psram: Found 2MB PSRAM device[0m
[0;32mI (258) esp_psram: Speed: 40MHz[0m
[0;32mI (258) cpu_start: Multicore app[0m
[0;32mI (678) esp_psram: SPI SRAM memory test OK[0m
[0;32mI (687) cpu_start: Pro cpu start user code[0m
[0;32mI (687) cpu_start: cpu freq: 240000000 Hz[0m
[0;32mI (687) app_init: Application information:[0m
[0;32mI (690) app_init: Project name:     pocket_pan[0m
[0;32mI (695) app_init: App version:      b6454c6-dirty[0m
[0;32mI (701) app_init: Compile time:     Oct  1 2026 19:24:02[0m
[0;32mI (707) app_init: ELF file SHA256:  01d98b6ce...[0m
[0;32mI (712) app_init: ESP-IDF:          v5.3-dirty[0m
[0;32mI (717) efuse_init: Min chip rev:     v0.0[0m
[0;32mI (722) efuse_init: Max chip rev:     v0.99 [0m
[0;32mI (727) efuse_init: Chip rev:         v0.2[0m
[0;32mI (732) heap_init: Initializing. RAM available for dynamic allocation:[0m
[0;32mI (739) heap_init: At 3FCCE208 len 0001B508 (109 KiB): RAM[0m
[0;32mI (745) heap_init: At 3FCE9710 len 00005724 (21 KiB): RAM[0m
[0;32mI (751) heap_init: At 3FCF0000 len 00008000 (32 KiB): DRAM[0m
[0;32mI (757) heap_init: At 600FE100 len 00001EE8 (7 KiB): RTCRAM[0m
[0;32mI (764) esp_psram: Adding pool of 2048K of PSRAM memory to heap allocator[0m
[0;32mI (772) spi_flash: detected chip: generic[0m
[0;32mI (775) spi_flash: flash io: dio[0m
[0;32mI (780) sleep: Configure to isolate all GPIO pins in sleep state[0m
[0;32mI (786) sleep: Enable automatic switching of GPIO sleep configuration[0m
[0;32mI (793) coexist: coex firmware version: dab85ae96[0m
[0;32mI (799) coexist: coexist rom version e7ae62f[0m
[0;32mI (804) main_task: Started on CPU0[0m
[0;32mI (814) esp_psram: Reserving pool of 32K of internal memory for DMA/internal allocations[0m
[0;32mI (814) main_task: Calling app_main()[0m
[0;32mI (824) pocket_pan_main: [MEM_STAGE] stage=entry internal_free=148403 largest_internal=53248 psram_free=2094528[0m
[0;32mI (834) pocket_pan_main: ===============================================[0m
[0;32mI (844) pocket_pan_main:   Pocket Pan / Metal Modal Synthesizer v1.0.0[0m
[0;32mI (844) pocket_pan_main:   Hardware: TENSTAR TS-ESP32-S3 (Feather TFT)[0m
[0;32mI (854) pocket_pan_main: ===============================================[0m
[0;32mI (864) pocket_pan_main: [FORENSICS] candidate=25 profile=0 cpu_mhz=240 optimization_perf=1 process6=1 fine_bins=5 critical_only=0[0m
[0;32mI (894) pocket_pan_main: [MEM_STAGE] stage=dsp_ready internal_free=148403 largest_internal=53248 psram_free=2094528[0m
[0;32mI (894) gpio: GPIO[10]| InputEn: 0| OutputEn: 1| OpenDrain: 0| Pullup: 0| Pulldown: 1| Intr:0 [0m
[0;32mI (904) AudioI2S: I2S TX initialized (48kHz, 32-bit slot, stereo, 6x128 frames DMA = 1024 bytes/buf)[0m
[0;32mI (914) AudioI2S: Audio task started on Core 0 at priority 12[0m
[0;32mI (924) pocket_pan_main: [MEM_STAGE] stage=i2s_ready internal_free=133671 largest_internal=38912 psram_free=2094528[0m
[0;32mI (934) Display: [DISP_MEM_PRE] before: int_free=133671 int_largest=38912 psram_free=2094528[0m
[0;33mW (944) Display: Internal SRAM (64800 B) exhausted; falling back to PSRAM[0m
[0;32mI (954) Display: [DISP_MEM] framebuffer=0x3c0a0a44 (size=64800, align=4, internal=0, dma=0, psram=1)[0m
[0;32mI (964) Display: [DISP_MEM] scratch=0x3fcdf8dc (size=9600, align=12, internal=1, dma=1)[0m
[0;32mI (964) Display: [DISP_MEM] before: int_free=133671 int_largest=38912 psram_free=2094528[0m
[0;32mI (974) Display: [DISP_MEM] after:  int_free=124067 int_largest=31744 psram_free=2029724[0m
[0;32mI (984) gpio: GPIO[39]| InputEn: 0| OutputEn: 1| OpenDrain: 0| Pullup: 0| Pulldown: 0| Intr:0 [0m
[0;32mI (994) gpio: GPIO[40]| InputEn: 0| OutputEn: 1| OpenDrain: 0| Pullup: 0| Pulldown: 0| Intr:0 [0m
[0;32mI (1004) gpio: GPIO[21]| InputEn: 0| OutputEn: 1| OpenDrain: 0| Pullup: 0| Pulldown: 0| Intr:0 [0m
[0;32mI (1234) gpio: GPIO[45]| InputEn: 0| OutputEn: 1| OpenDrain: 0| Pullup: 0| Pulldown: 0| Intr:0 [0m
[0;31mE (1234) lcd_panel.io.spi: panel_io_spi_tx_color(390): spi transmit (queue) color failed[0m
[0;31mE (1234) lcd_panel.st7789: panel_st7789_draw_bitmap(223): io tx color failed[0m
[0;32mI (1244) Display: ST7789 240x135 display initialized successfully (SPI 40MHz, GDMA callback armed)[0m
[0;32mI (1254) pocket_pan_main: [CANARY] PreparedNote canaries OK=1[0m
[0;32mI (1264) pocket_pan_main: [MEM_STAGE] stage=display_ready internal_free=121703 largest_internal=31744 psram_free=2029724[0m
[0;32mI (1274) BLE_INIT: BT controller compile version [ba3b3e3][0m
[0;32mI (1284) BLE_INIT: Bluetooth MAC: b4:3a:45:ae:6f:2a[0m
[0;32mI (1284) phy_init: phy_version 680,a6008b2,Jun  4 2024,16:41:10[0m
[0;32mI (1324) BleMidi: NimBLE Host task running on Core 1[0m
[0;32mI (1324) BleMidi: NimBLE BLE MIDI Central initialized and pinned to Core 1[0m
[0;32mI (1334) pocket_pan_main: [MEM_STAGE] stage=ble_ready internal_free=61375 largest_internal=31744 psram_free=2029724[0m
[0;32mI (1334) NimBLE: Failed to restore IRKs from store; status=8
[0m
[0;32mI (1344) pocket_pan_main: [M75_MEMORY] table_bytes=9640 cache_bytes=60552 synth_bytes=81632 internal_free=61375 largest_internal=31744[0m
[0;32mI (1344) NimBLE: GAP procedure initiated: discovery; [0m
[0;32mI (1364) pocket_pan_main: [UDU_CACHE] compact_bytes=5928 modal_models=9[0m
[0;32mI (1364) NimBLE: own_addr_type=0 filter_policy=0 passive=0 limited=0 filter_duplicates=1 [0m
[0;32mI (1374) pocket_pan_main: [CACHE_LAYOUT] packed=1 storage_bytes=60552 note_scratch_bytes=132[0m
[0;32mI (1384) NimBLE: duration=forever[0m
[0;32mI (1394) pocket_pan_main: [UDU_STATE] voice_bytes=124 fixed_reference=0[0m
[0;32mI (1394) NimBLE: 
[0m
[0;32mI (1404) pocket_pan_main: [MEM_STAGE] stage=ui_ready internal_free=56931 largest_internal=31744 psram_free=2029724[0m
[0;32mI (1404) BleMidi: Scanning for BLE MIDI devices...[0m
[0;32mI (1404) gpio: GPIO[0]| InputEn: 1| OutputEn: 0| OpenDrain: 0| Pullup: 1| Pulldown: 0| Intr:0 [0m
[0;32mI (1414) pocket_pan_main: Pocket Pan initialization complete. Realtime audio active.[0m
[0;32mI (1434) main_task: Returned from app_main()[0m
[0;31mE (1444) lcd_panel.io.spi: panel_io_spi_tx_color(390): spi transmit (queue) color failed[0m
[0;31mE (1454) lcd_panel.st7789: panel_st7789_draw_bitmap(223): io tx color failed[0m
[0;31mE (1464) lcd_panel.io.spi: panel_io_spi_tx_color(390): spi transmit (queue) color failed[0m
[0;31mE (1464) lcd_panel.st7789: panel_st7789_draw_bitmap(223): io tx color failed[0m
[0;32mI (1604) BleMidi: BLE MIDI device found (59:FB:B6:B7:BF:0F); connecting[0m
[0;32mI (1614) NimBLE: GAP procedure initiated: connect; [0m
[0;32mI (1614) NimBLE: peer_addr_type=0 peer_addr=[0m
[0;32mI (1614) NimBLE: 59:fb:b6:b7:bf:0f[0m
[0;32mI (1624) NimBLE:  scan_itvl=16 scan_window=16 itvl_min=24 itvl_max=40 latency=0 supervision_timeout=256 min_ce_len=0 max_ce_len=0 own_addr_type=0[0m
[0;32mI (1634) NimBLE: 
[0m
[0;31mE (1634) lcd_panel.io.spi: panel_io_spi_tx_color(390): spi transmit (queue) color failed[0m
[0;31mE (1644) lcd_panel.st7789: panel_st7789_draw_bitmap(223): io tx color failed[0m
[0;32mI (1714) BleMidi: BLE Connected! conn_handle=1[0m
[0;32mI (1714) NimBLE: GAP procedure initiated: [0m
[0;32mI (1714) NimBLE: connection parameter update; conn_handle=1 itvl_min=6 itvl_max=12 latency=0 supervision_timeout=200 min_ce_len=0 max_ce_len=0[0m
[0;32mI (1724) NimBLE: 
[0m
[0;32mI (1724) BleMidi: Requested connection params 7.5-15ms latency=0 timeout=2s rc=0[0m
[0;32mI (1734) NimBLE: GATT procedure initiated: discover all services
[0m
[0;32mI (2134) BleMidi: Found BLE MIDI Service! start_handle=112 end_handle=115[0m
[0;32mI (2134) NimBLE: GATT procedure initiated: discover all characteristics; [0m
[0;32mI (2134) NimBLE: start_handle=112 end_handle=115
[0m
[0;32mI (2234) BleMidi: Found BLE MIDI Characteristic! def_handle=113 val_handle=114 props=0x16[0m
[0;32mI (2234) NimBLE: GATT procedure initiated: discover all descriptors; [0m
[0;32mI (2234) NimBLE: chr_val_handle=114 end_handle=115
[0m
[0;32mI (2324) BleMidi: Negotiated params interval=7.50ms latency=0 timeout=2000ms[0m
[0;32mI (2334) BleMidi: Discovered CCCD (0x2902) handle=115[0m
[0;32mI (2334) NimBLE: GATT procedure initiated: write; [0m
[0;32mI (2334) NimBLE: att_handle=115 len=2
[0m
[0;32mI (2354) BleMidi: CCCD subscription successful; BLE MIDI ready[0m
[0;32mI (2354) NimBLE: GAP procedure initiated: [0m
[0;32mI (2354) NimBLE: connection parameter update; conn_handle=1 itvl_min=6 itvl_max=9 latency=0 supervision_timeout=100 min_ce_len=0 max_ce_len=0[0m
[0;32mI (2364) NimBLE: 
[0m
[0;32mI (2444) BleMidi: Negotiated params interval=11.25ms latency=0 timeout=1000ms[0m
[0;32mI (5824) pocket_pan_main: [AUDIO] model=PAN blocks=1838 avg_us=272 p99_us=0 max_us=737 cpu_load=10.2 deadline=0 timeout=0 tx_error=0 short=0[0m
[0;32mI (5824) pocket_pan_main: [MIDI] push=1 pop=1 drop=0 hwm=1 last=(n=50 v=75 t=78 hex=90324B)[0m
[0;32mI (5834) pocket_pan_main: [BLE] state=8 interval_ms=11.25 latency=0 rssi=-59 reconnects=0 last_disconnect=0[0m
[0;32mI (5844) pocket_pan_main: [MEM] internal_free=61707 largest_internal=31744[0m
[0;32mI (5854) pocket_pan_main: [UIREDRAW] urgent=8 telemetry=16 skip=119[0m
[0;32mI (10844) pocket_pan_main: [AUDIO] model=PAN blocks=3720 avg_us=270 p99_us=450 max_us=737 cpu_load=10.1 deadline=0 timeout=0 tx_error=0 short=0[0m
[0;32mI (10844) pocket_pan_main: [MIDI] push=1 pop=1 drop=0 hwm=1 last=(n=50 v=75 t=78 hex=90324B)[0m
[0;32mI (10854) pocket_pan_main: [BLE] state=8 interval_ms=11.25 latency=0 rssi=-57 reconnects=0 last_disconnect=0[0m
[0;32mI (10864) pocket_pan_main: [MEM] internal_free=61707 largest_internal=31744[0m
[0;32mI (10874) pocket_pan_main: [UIREDRAW] urgent=8 telemetry=39 skip=262[0m
[0;32mI (13304) forensics: [SAFETY] fixture=15 hard=0 sat=0 nonfinite=0 ble_lost=0[0m
[0;32mI (13304) forensics: [EVENT_ONLY] fixture=15 n=22 avg_us=112.53 max_us=130[0m
[0;32mI (13304) forensics: [FIXTURE_IO] model=UDU fixture=15 avg_us=271 p99_us=450 max_us=737 cpu_pct=10.16 deadline=0 timeouts=0 tx_errors=0 short_writes=0[0m
[0;32mI (13324) forensics: [CURVE] model=UDU fixture=15 voices=1 class=true_steady n=3765 avg_us=250.38 p95_us=275 p99_us=325 p995_us=330 p999_us=355 max_us=452 deadline=0 bad_voices=0 ble_lost=0 hard=0 sat=0 bin_us=5 max_observed_voices=1[0m
[0;32mI (13344) forensics: [HIST] fixture=15 class=true_steady lower_us=245 n=3242[0m
[0;32mI (13354) forensics: [HIST] fixture=15 class=true_steady lower_us=250 n=111[0m
[0;32mI (13364) forensics: [HIST] fixture=15 class=true_steady lower_us=255 n=32[0m
[0;32mI (13364) forensics: [HIST] fixture=15 class=true_steady lower_us=260 n=29[0m
[0;32mI (13374) forensics: [HIST] fixture=15 class=true_steady lower_us=265 n=104[0m
[0;32mI (13384) forensics: [HIST] fixture=15 class=true_steady lower_us=270 n=110[0m
[0;32mI (13394) forensics: [HIST] fixture=15 class=true_steady lower_us=275 n=27[0m
[0;32mI (13394) forensics: [HIST] fixture=15 class=true_steady lower_us=280 n=16[0m
[0;32mI (13404) forensics: [HIST] fixture=15 class=true_steady lower_us=285 n=12[0m
[0;32mI (13414) forensics: [HIST] fixture=15 class=true_steady lower_us=290 n=9[0m
[0;32mI (13424) forensics: [HIST] fixture=15 class=true_steady lower_us=295 n=3[0m
[0;32mI (13424) forensics: [HIST] fixture=15 class=true_steady lower_us=300 n=3[0m
[0;32mI (13434) forensics: [HIST] fixture=15 class=true_steady lower_us=305 n=8[0m
[0;32mI (13444) forensics: [HIST] fixture=15 class=true_steady lower_us=310 n=9[0m
[0;32mI (13454) forensics: [HIST] fixture=15 class=true_steady lower_us=315 n=10[0m
[0;32mI (13454) forensics: [HIST] fixture=15 class=true_steady lower_us=320 n=12[0m
[0;32mI (13464) forensics: [HIST] fixture=15 class=true_steady lower_us=325 n=11[0m
[0;32mI (13474) forensics: [HIST] fixture=15 class=true_steady lower_us=330 n=4[0m
[0;32mI (13484) forensics: [HIST] fixture=15 class=true_steady lower_us=335 n=3[0m
[0;32mI (13484) forensics: [HIST] fixture=15 class=true_steady lower_us=340 n=3[0m
[0;32mI (13494) forensics: [HIST] fixture=15 class=true_steady lower_us=345 n=2[0m
[0;32mI (13504) forensics: [HIST] fixture=15 class=true_steady lower_us=350 n=2[0m
[0;32mI (13514) forensics: [HIST] fixture=15 class=true_steady lower_us=355 n=1[0m
[0;32mI (13514) forensics: [HIST] fixture=15 class=true_steady lower_us=390 n=1[0m
[0;32mI (13524) forensics: [HIST] fixture=15 class=true_steady lower_us=450 n=1[0m
[0;32mI (13534) forensics: [CALLBACK_CURVE] model=UDU fixture=15 voices=1 class=true_steady n=3764 avg_us=265.02 p95_us=305 p99_us=410 p995_us=430 p999_us=485 max_us=688 deadline=0 overhead_avg_us=14.65[0m
[0;32mI (13554) forensics: [CALLBACK_HIST] fixture=15 class=true_steady lower_us=255 n=2897[0m
[0;32mI (13554) forensics: [CALLBACK_HIST] fixture=15 class=true_steady lower_us=260 n=122[0m
[0;32mI (13564) forensics: [CALLBACK_HIST] fixture=15 class=true_steady lower_us=265 n=45[0m
[0;32mI (13574) forensics: [CALLBACK_HIST] fixture=15 class=true_steady lower_us=270 n=26[0m
[0;32mI (13584) forensics: [CALLBACK_HIST] fixture=15 class=true_steady lower_us=275 n=20[0m
[0;32mI (13594) forensics: [CALLBACK_HIST] fixture=15 class=true_steady lower_us=280 n=97[0m
[0;32mI (13604) forensics: [CALLBACK_HIST] fixture=15 class=true_steady lower_us=285 n=180[0m
[0;32mI (13604) forensics: [CALLBACK_HIST] fixture=15 class=true_steady lower_us=290 n=105[0m
[0;32mI (13614) forensics: [CALLBACK_HIST] fixture=15 class=true_steady lower_us=295 n=58[0m
[0;32mI (13624) forensics: [CALLBACK_HIST] fixture=15 class=true_steady lower_us=300 n=30[0m
[0;32mI (13634) forensics: [CALLBACK_HIST] fixture=15 class=true_steady lower_us=305 n=29[0m
[0;32mI (13644) forensics: [CALLBACK_HIST] fixture=15 class=true_steady lower_us=310 n=26[0m
[0;32mI (13654) forensics: [CALLBACK_HIST] fixture=15 class=true_steady lower_us=315 n=28[0m
[0;32mI (13654) forensics: [CALLBACK_HIST] fixture=15 class=true_steady lower_us=320 n=14[0m
[0;32mI (13664) forensics: [CALLBACK_HIST] fixture=15 class=true_steady lower_us=325 n=8[0m
[0;32mI (13674) forensics: [CALLBACK_HIST] fixture=15 class=true_steady lower_us=330 n=3[0m
[0;32mI (13684) forensics: [CALLBACK_HIST] fixture=15 class=true_steady lower_us=335 n=4[0m
[0;32mI (13694) forensics: [CALLBACK_HIST] fixture=15 class=true_steady lower_us=340 n=4[0m
[0;32mI (13704) forensics: [CALLBACK_HIST] fixture=15 class=true_steady lower_us=345 n=5[0m
[0;32mI (13704) forensics: [CALLBACK_HIST] fixture=15 class=true_steady lower_us=350 n=1[0m
[0;32mI (13714) forensics: [CALLBACK_HIST] fixture=15 class=true_steady lower_us=355 n=1[0m
[0;32mI (13724) forensics: [CALLBACK_HIST] fixture=15 class=true_steady lower_us=360 n=2[0m
[0;32mI (13734) forensics: [CALLBACK_HIST] fixture=15 class=true_steady lower_us=370 n=2[0m
[0;32mI (13744) forensics: [CALLBACK_HIST] fixture=15 class=true_steady lower_us=380 n=4[0m
[0;32mI (13754) forensics: [CALLBACK_HIST] fixture=15 class=true_steady lower_us=385 n=4[0m
[0;32mI (13754) forensics: [CALLBACK_HIST] fixture=15 class=true_steady lower_us=390 n=3[0m
[0;32mI (13764) forensics: [CALLBACK_HIST] fixture=15 class=true_steady lower_us=395 n=5[0m
[0;32mI (13774) forensics: [CALLBACK_HIST] fixture=15 class=true_steady lower_us=400 n=1[0m
[0;32mI (13784) forensics: [CALLBACK_HIST] fixture=15 class=true_steady lower_us=405 n=8[0m
[0;32mI (13794) forensics: [CALLBACK_HIST] fixture=15 class=true_steady lower_us=410 n=3[0m
[0;32mI (13804) forensics: [CALLBACK_HIST] fixture=15 class=true_steady lower_us=415 n=4[0m
[0;32mI (13804) forensics: [CALLBACK_HIST] fixture=15 class=true_steady lower_us=420 n=5[0m
[0;32mI (13814) forensics: [CALLBACK_HIST] fixture=15 class=true_steady lower_us=425 n=2[0m
[0;32mI (13824) forensics: [CALLBACK_HIST] fixture=15 class=true_steady lower_us=430 n=4[0m
[0;32mI (13834) forensics: [CALLBACK_HIST] fixture=15 class=true_steady lower_us=435 n=1[0m
[0;32mI (13844) forensics: [CALLBACK_HIST] fixture=15 class=true_steady lower_us=445 n=3[0m
[0;32mI (13844) forensics: [CALLBACK_HIST] fixture=15 class=true_steady lower_us=455 n=2[0m
[0;32mI (13854) forensics: [CALLBACK_HIST] fixture=15 class=true_steady lower_us=465 n=2[0m
[0;32mI (13864) forensics: [CALLBACK_HIST] fixture=15 class=true_steady lower_us=470 n=1[0m
[0;32mI (13874) forensics: [CALLBACK_HIST] fixture=15 class=true_steady lower_us=475 n=1[0m
[0;32mI (13884) forensics: [CALLBACK_HIST] fixture=15 class=true_steady lower_us=480 n=1[0m
[0;32mI (13894) forensics: [CALLBACK_HIST] fixture=15 class=true_steady lower_us=490 n=1[0m
[0;32mI (13894) forensics: [CALLBACK_HIST] fixture=15 class=true_steady lower_us=565 n=1[0m
[0;32mI (13904) forensics: [CALLBACK_HIST] fixture=15 class=true_steady lower_us=685 n=1[0m
[0;32mI (13914) forensics: [CURVE] model=UDU fixture=15 voices=1 class=attack_tail n=308 avg_us=282.27 p95_us=315 p99_us=370 p995_us=390 p999_us=505 max_us=503 deadline=0 bad_voices=0 ble_lost=0 hard=0 sat=0 bin_us=5 max_observed_voices=1[0m
[0;32mI (13934) forensics: [HIST] fixture=15 class=attack_tail lower_us=275 n=245[0m
[0;32mI (13944) forensics: [HIST] fixture=15 class=attack_tail lower_us=280 n=22[0m
[0;32mI (13954) forensics: [HIST] fixture=15 class=attack_tail lower_us=285 n=8[0m
[0;32mI (13954) forensics: [HIST] fixture=15 class=attack_tail lower_us=290 n=6[0m
[0;32mI (13964) forensics: [HIST] fixture=15 class=attack_tail lower_us=295 n=3[0m
[0;32mI (13974) forensics: [HIST] fixture=15 class=attack_tail lower_us=300 n=4[0m
[0;32mI (13984) forensics: [HIST] fixture=15 class=attack_tail lower_us=305 n=4[0m
[0;32mI (13984) forensics: [HIST] fixture=15 class=attack_tail lower_us=310 n=4[0m
[0;32mI (13994) forensics: [HIST] fixture=15 class=attack_tail lower_us=315 n=2[0m
[0;32mI (14004) forensics: [HIST] fixture=15 class=attack_tail lower_us=325 n=1[0m
[0;32mI (14014) forensics: [HIST] fixture=15 class=attack_tail lower_us=340 n=1[0m
[0;32mI (14014) forensics: [HIST] fixture=15 class=attack_tail lower_us=345 n=1[0m
[0;32mI (14024) forensics: [HIST] fixture=15 class=attack_tail lower_us=355 n=2[0m
[0;32mI (14034) forensics: [HIST] fixture=15 class=attack_tail lower_us=360 n=1[0m
[0;32mI (14044) forensics: [HIST] fixture=15 class=attack_tail lower_us=365 n=1[0m
[0;32mI (14044) forensics: [HIST] fixture=15 class=attack_tail lower_us=375 n=1[0m
[0;32mI (14054) forensics: [HIST] fixture=15 class=attack_tail lower_us=385 n=1[0m
[0;32mI (14064) forensics: [HIST] fixture=15 class=attack_tail lower_us=500 n=1[0m
[0;32mI (14074) forensics: [CALLBACK_CURVE] model=UDU fixture=15 voices=1 class=attack_tail n=308 avg_us=299.87 p95_us=360 p99_us=450 p995_us=500 p999_us=740 max_us=737 deadline=0 overhead_avg_us=17.60[0m
[0;32mI (14084) forensics: [CALLBACK_HIST] fixture=15 class=attack_tail lower_us=280 n=50[0m
[0;32mI (14094) forensics: [CALLBACK_HIST] fixture=15 class=attack_tail lower_us=285 n=163[0m
[0;32mI (14104) forensics: [CALLBACK_HIST] fixture=15 class=attack_tail lower_us=290 n=14[0m
[0;32mI (14114) forensics: [CALLBACK_HIST] fixture=15 class=attack_tail lower_us=295 n=10[0m
[0;32mI (14124) forensics: [CALLBACK_HIST] fixture=15 class=attack_tail lower_us=300 n=6[0m
[0;32mI (14134) forensics: [CALLBACK_HIST] fixture=15 class=attack_tail lower_us=305 n=4[0m
[0;32mI (14134) forensics: [CALLBACK_HIST] fixture=15 class=attack_tail lower_us=310 n=3[0m
[0;32mI (14144) forensics: [CALLBACK_HIST] fixture=15 class=attack_tail lower_us=315 n=10[0m
[0;32mI (14154) forensics: [CALLBACK_HIST] fixture=15 class=attack_tail lower_us=320 n=3[0m
[0;32mI (14164) forensics: [CALLBACK_HIST] fixture=15 class=attack_tail lower_us=325 n=9[0m
[0;32mI (14174) forensics: [CALLBACK_HIST] fixture=15 class=attack_tail lower_us=330 n=5[0m
[0;32mI (14184) forensics: [CALLBACK_HIST] fixture=15 class=attack_tail lower_us=335 n=5[0m
[0;32mI (14184) forensics: [CALLBACK_HIST] fixture=15 class=attack_tail lower_us=340 n=3[0m
[0;32mI (14194) forensics: [CALLBACK_HIST] fixture=15 class=attack_tail lower_us=345 n=1[0m
[0;32mI (14204) forensics: [CALLBACK_HIST] fixture=15 class=attack_tail lower_us=350 n=5[0m
[0;32mI (14214) forensics: [CALLBACK_HIST] fixture=15 class=attack_tail lower_us=355 n=4[0m
[0;32mI (14224) forensics: [CALLBACK_HIST] fixture=15 class=attack_tail lower_us=360 n=1[0m
[0;32mI (14234) forensics: [CALLBACK_HIST] fixture=15 class=attack_tail lower_us=365 n=1[0m
[0;32mI (14234) forensics: [CALLBACK_HIST] fixture=15 class=attack_tail lower_us=370 n=1[0m
[0;32mI (14244) forensics: [CALLBACK_HIST] fixture=15 class=attack_tail lower_us=385 n=1[0m
[0;32mI (14254) forensics: [CALLBACK_HIST] fixture=15 class=attack_tail lower_us=390 n=2[0m
[0;32mI (14264) forensics: [CALLBACK_HIST] fixture=15 class=attack_tail lower_us=405 n=2[0m
[0;32mI (14274) forensics: [CALLBACK_HIST] fixture=15 class=attack_tail lower_us=415 n=1[0m
[0;32mI (14274) forensics: [CALLBACK_HIST] fixture=15 class=attack_tail lower_us=445 n=1[0m
[0;32mI (14284) forensics: [CALLBACK_HIST] fixture=15 class=attack_tail lower_us=455 n=1[0m
[0;32mI (14294) forensics: [CALLBACK_HIST] fixture=15 class=attack_tail lower_us=495 n=1[0m
[0;32mI (14304) forensics: [CALLBACK_HIST] fixture=15 class=attack_tail lower_us=735 n=1[0m
[0;32mI (14314) forensics: [CURVE] model=UDU fixture=15 voices=1 class=event n=22 avg_us=422.24 p95_us=455 p99_us=465 p995_us=465 p999_us=465 max_us=462 deadline=0 bad_voices=0 ble_lost=0 hard=0 sat=0 bin_us=5 max_observed_voices=1[0m
[0;32mI (14334) forensics: [HIST] fixture=15 class=event lower_us=395 n=5[0m
[0;32mI (14344) forensics: [HIST] fixture=15 class=event lower_us=400 n=2[0m
[0;32mI (14344) forensics: [HIST] fixture=15 class=event lower_us=410 n=1[0m
[0;32mI (14354) forensics: [HIST] fixture=15 class=event lower_us=415 n=1[0m
[0;32mI (14364) forensics: [HIST] fixture=15 class=event lower_us=420 n=1[0m
[0;32mI (14364) forensics: [HIST] fixture=15 class=event lower_us=425 n=2[0m
[0;32mI (14374) forensics: [HIST] fixture=15 class=event lower_us=430 n=4[0m
[0;32mI (14384) forensics: [HIST] fixture=15 class=event lower_us=435 n=3[0m
[0;32mI (14384) forensics: [HIST] fixture=15 class=event lower_us=440 n=1[0m
[0;32mI (14394) forensics: [HIST] fixture=15 class=event lower_us=450 n=1[0m
[0;32mI (14404) forensics: [HIST] fixture=15 class=event lower_us=460 n=1[0m
[0;32mI (14404) forensics: [CALLBACK_CURVE] model=UDU fixture=15 voices=1 class=event n=22 avg_us=529.77 p95_us=570 p99_us=570 p995_us=570 p999_us=570 max_us=569 deadline=0 overhead_avg_us=107.54[0m
[0;32mI (14424) forensics: [CALLBACK_HIST] fixture=15 class=event lower_us=475 n=1[0m
[0;32mI (14434) forensics: [CALLBACK_HIST] fixture=15 class=event lower_us=495 n=2[0m
[0;32mI (14444) forensics: [CALLBACK_HIST] fixture=15 class=event lower_us=500 n=1[0m
[0;32mI (14454) forensics: [CALLBACK_HIST] fixture=15 class=event lower_us=510 n=1[0m
[0;32mI (14454) forensics: [CALLBACK_HIST] fixture=15 class=event lower_us=515 n=2[0m
[0;32mI (14464) forensics: [CALLBACK_HIST] fixture=15 class=event lower_us=520 n=1[0m
[0;32mI (14474) forensics: [CALLBACK_HIST] fixture=15 class=event lower_us=525 n=4[0m
[0;32mI (14484) forensics: [CALLBACK_HIST] fixture=15 class=event lower_us=530 n=3[0m
[0;32mI (14484) forensics: [CALLBACK_HIST] fixture=15 class=event lower_us=540 n=1[0m
[0;32mI (14494) forensics: [CALLBACK_HIST] fixture=15 class=event lower_us=545 n=1[0m
[0;32mI (14504) forensics: [CALLBACK_HIST] fixture=15 class=event lower_us=555 n=1[0m
[0;32mI (14514) forensics: [CALLBACK_HIST] fixture=15 class=event lower_us=560 n=2[0m
[0;32mI (14514) forensics: [CALLBACK_HIST] fixture=15 class=event lower_us=565 n=2[0m
[0;32mI (14524) forensics: [CURVE] model=UDU fixture=15 voices=1 class=fixture_transition n=1 avg_us=558.50 p95_us=560 p99_us=560 p995_us=560 p999_us=560 max_us=559 deadline=0 bad_voices=0 ble_lost=0 hard=0 sat=0 bin_us=5 max_observed_voices=1[0m
[0;32mI (14544) forensics: [HIST] fixture=15 class=fixture_transition lower_us=555 n=1[0m
[0;32mI (14554) forensics: [CALLBACK_CURVE] model=UDU fixture=15 voices=1 class=fixture_transition n=1 avg_us=680.00 p95_us=685 p99_us=685 p995_us=685 p999_us=685 max_us=680 deadline=0 overhead_avg_us=121.50[0m
[0;32mI (14574) forensics: [CALLBACK_HIST] fixture=15 class=fixture_transition lower_us=680 n=1[0m
[0;32mI (14584) forensics: [FASTPATH] fixture=15 stable8=0 attack=0[0m
[0;32mI (14594) forensics: [OVERHEAD] fixture=15 blocks=4641 model_reset_avg_us=1.59 model_reset_max_us=31 queue_avg_us=2.05 queue_max_us=61 render_avg_us=228.53 telem_avg_us=4.48 telem_max_us=81 telem_publishes=580[0m
[0;32mI (15844) pocket_pan_main: [AUDIO] model=PAN blocks=5597 avg_us=613 p99_us=0 max_us=1242 cpu_load=23.0 deadline=0 timeout=0 tx_error=0 short=0[0m
[0;32mI (15844) pocket_pan_main: [MIDI] push=1 pop=1 drop=0 hwm=1 last=(n=50 v=75 t=78 hex=90324B)[0m
[0;32mI (15854) pocket_pan_main: [BLE] state=8 interval_ms=11.25 latency=0 rssi=-58 reconnects=0 last_disconnect=0[0m
[0;32mI (15864) pocket_pan_main: [MEM] internal_free=61707 largest_internal=31744[0m
[0;32mI (15874) pocket_pan_main: [UIREDRAW] urgent=15 telemetry=54 skip=362[0m
[0;32mI (20864) pocket_pan_main: [AUDIO] model=PAN blocks=7479 avg_us=613 p99_us=1000 max_us=1246 cpu_load=23.0 deadline=0 timeout=0 tx_error=0 short=0[0m
[0;32mI (20864) pocket_pan_main: [MIDI] push=1 pop=1 drop=0 hwm=1 last=(n=50 v=75 t=78 hex=90324B)[0m
[0;32mI (20874) pocket_pan_main: [BLE] state=8 interval_ms=11.25 latency=0 rssi=-58 reconnects=0 last_disconnect=0[0m
[0;32mI (20884) pocket_pan_main: [MEM] internal_free=61707 largest_internal=31744[0m
[0;32mI (20894) pocket_pan_main: [UIREDRAW] urgent=35 telemetry=72 skip=490[0m
[0;32mI (24234) forensics: [SAFETY] fixture=16 hard=0 sat=0 nonfinite=0 ble_lost=0[0m
[0;32mI (24234) forensics: [EVENT_ONLY] fixture=16 n=22 avg_us=127.21 max_us=144[0m
[0;32mI (24234) forensics: [FIXTURE_IO] model=UDU fixture=16 avg_us=623 p99_us=1000 max_us=1389 cpu_pct=23.36 deadline=0 timeouts=0 tx_errors=0 short_writes=0[0m
[0;32mI (24254) forensics: [CURVE] model=UDU fixture=16 voices=4 class=true_steady n=3765 avg_us=597.24 p95_us=710 p99_us=775 p995_us=800 p999_us=875 max_us=981 deadline=0 bad_voices=0 ble_lost=0 hard=0 sat=0 bin_us=5 max_observed_voices=4[0m
[0;32mI (24274) forensics: [HIST] fixture=16 class=true_steady lower_us=465 n=127[0m
[0;32mI (24284) forensics: [HIST] fixture=16 class=true_steady lower_us=470 n=32[0m
[0;32mI (24294) forensics: [HIST] fixture=16 class=true_steady lower_us=475 n=64[0m
[0;32mI (24294) forensics: [HIST] fixture=16 class=true_steady lower_us=480 n=26[0m
[0;32mI (24304) forensics: [HIST] fixture=16 class=true_steady lower_us=485 n=5[0m
[0;32mI (24314) forensics: [HIST] fixture=16 class=true_steady lower_us=490 n=10[0m
[0;32mI (24324) forensics: [HIST] fixture=16 class=true_steady lower_us=495 n=1[0m
[0;32mI (24324) forensics: [HIST] fixture=16 class=true_steady lower_us=500 n=1[0m
[0;32mI (24334) forensics: [HIST] fixture=16 class=true_steady lower_us=510 n=1[0m
[0;32mI (24344) forensics: [HIST] fixture=16 class=true_steady lower_us=515 n=1[0m
[0;32mI (24354) forensics: [HIST] fixture=16 class=true_steady lower_us=530 n=2[0m
[0;32mI (24354) forensics: [HIST] fixture=16 class=true_steady lower_us=535 n=2[0m
[0;32mI (24364) forensics: [HIST] fixture=16 class=true_steady lower_us=540 n=7[0m
[0;32mI (24374) forensics: [HIST] fixture=16 class=true_steady lower_us=545 n=5[0m
[0;32mI (24384) forensics: [HIST] fixture=16 class=true_steady lower_us=550 n=2[0m
[0;32mI (24384) forensics: [HIST] fixture=16 class=true_steady lower_us=555 n=6[0m
[0;32mI (24394) forensics: [HIST] fixture=16 class=true_steady lower_us=560 n=5[0m
[0;32mI (24404) forensics: [HIST] fixture=16 class=true_steady lower_us=565 n=3[0m
[0;32mI (24414) forensics: [HIST] fixture=16 class=true_steady lower_us=570 n=4[0m
[0;32mI (24414) forensics: [HIST] fixture=16 class=true_steady lower_us=575 n=1309[0m
[0;32mI (24424) forensics: [HIST] fixture=16 class=true_steady lower_us=580 n=250[0m
[0;32mI (24434) forensics: [HIST] fixture=16 class=true_steady lower_us=585 n=601[0m
[0;32mI (24444) forensics: [HIST] fixture=16 class=true_steady lower_us=590 n=276[0m
[0;32mI (24444) forensics: [HIST] fixture=16 class=true_steady lower_us=595 n=114[0m
[0;32mI (24454) forensics: [HIST] fixture=16 class=true_steady lower_us=600 n=105[0m
[0;32mI (24464) forensics: [HIST] fixture=16 class=true_steady lower_us=605 n=19[0m
[0;32mI (24474) forensics: [HIST] fixture=16 class=true_steady lower_us=610 n=7[0m
[0;32mI (24474) forensics: [HIST] fixture=16 class=true_steady lower_us=615 n=11[0m
[0;32mI (24484) forensics: [HIST] fixture=16 class=true_steady lower_us=620 n=14[0m
[0;32mI (24494) forensics: [HIST] fixture=16 class=true_steady lower_us=625 n=12[0m
[0;32mI (24504) forensics: [HIST] fixture=16 class=true_steady lower_us=630 n=11[0m
[0;32mI (24504) forensics: [HIST] fixture=16 class=true_steady lower_us=635 n=6[0m
[0;32mI (24514) forensics: [HIST] fixture=16 class=true_steady lower_us=640 n=5[0m
[0;32mI (24524) forensics: [HIST] fixture=16 class=true_steady lower_us=645 n=12[0m
[0;32mI (24534) forensics: [HIST] fixture=16 class=true_steady lower_us=650 n=26[0m
[0;32mI (24534) forensics: [HIST] fixture=16 class=true_steady lower_us=655 n=45[0m
[0;32mI (24544) forensics: [HIST] fixture=16 class=true_steady lower_us=660 n=57[0m
[0;32mI (24554) forensics: [HIST] fixture=16 class=true_steady lower_us=665 n=44[0m
[0;32mI (24564) forensics: [HIST] fixture=16 class=true_steady lower_us=670 n=28[0m
[0;32mI (24564) forensics: [HIST] fixture=16 class=true_steady lower_us=675 n=99[0m
[0;32mI (24574) forensics: [HIST] fixture=16 class=true_steady lower_us=680 n=60[0m
[0;32mI (24584) forensics: [HIST] fixture=16 class=true_steady lower_us=685 n=52[0m
[0;32mI (24594) forensics: [HIST] fixture=16 class=true_steady lower_us=690 n=43[0m
[0;32mI (24594) forensics: [HIST] fixture=16 class=true_steady lower_us=695 n=32[0m
[0;32mI (24604) forensics: [HIST] fixture=16 class=true_steady lower_us=700 n=23[0m
[0;32mI (24614) forensics: [HIST] fixture=16 class=true_steady lower_us=705 n=19[0m
[0;32mI (24624) forensics: [HIST] fixture=16 class=true_steady lower_us=710 n=38[0m
[0;32mI (24624) forensics: [HIST] fixture=16 class=true_steady lower_us=715 n=31[0m
[0;32mI (24634) forensics: [HIST] fixture=16 class=true_steady lower_us=720 n=19[0m
[0;32mI (24644) forensics: [HIST] fixture=16 class=true_steady lower_us=725 n=15[0m
[0;32mI (24654) forensics: [HIST] fixture=16 class=true_steady lower_us=730 n=7[0m
[0;32mI (24654) forensics: [HIST] fixture=16 class=true_steady lower_us=735 n=7[0m
[0;32mI (24664) forensics: [HIST] fixture=16 class=true_steady lower_us=740 n=6[0m
[0;32mI (24674) forensics: [HIST] fixture=16 class=true_steady lower_us=745 n=6[0m
[0;32mI (24684) forensics: [HIST] fixture=16 class=true_steady lower_us=750 n=2[0m
[0;32mI (24684) forensics: [HIST] fixture=16 class=true_steady lower_us=755 n=5[0m
[0;32mI (24694) forensics: [HIST] fixture=16 class=true_steady lower_us=760 n=2[0m
[0;32mI (24704) forensics: [HIST] fixture=16 class=true_steady lower_us=765 n=5[0m
[0;32mI (24714) forensics: [HIST] fixture=16 class=true_steady lower_us=770 n=7[0m
[0;32mI (24714) forensics: [HIST] fixture=16 class=true_steady lower_us=775 n=5[0m
[0;32mI (24724) forensics: [HIST] fixture=16 class=true_steady lower_us=780 n=3[0m
[0;32mI (24734) forensics: [HIST] fixture=16 class=true_steady lower_us=785 n=3[0m
[0;32mI (24744) forensics: [HIST] fixture=16 class=true_steady lower_us=790 n=1[0m
[0;32mI (24744) forensics: [HIST] fixture=16 class=true_steady lower_us=795 n=2[0m
[0;32mI (24754) forensics: [HIST] fixture=16 class=true_steady lower_us=805 n=3[0m
[0;32mI (24764) forensics: [HIST] fixture=16 class=true_steady lower_us=810 n=2[0m
[0;32mI (24774) forensics: [HIST] fixture=16 class=true_steady lower_us=815 n=4[0m
[0;32mI (24774) forensics: [HIST] fixture=16 class=true_steady lower_us=820 n=2[0m
[0;32mI (24784) forensics: [HIST] fixture=16 class=true_steady lower_us=860 n=1[0m
[0;32mI (24794) forensics: [HIST] fixture=16 class=true_steady lower_us=865 n=1[0m
[0;32mI (24804) forensics: [HIST] fixture=16 class=true_steady lower_us=870 n=1[0m
[0;32mI (24804) forensics: [HIST] fixture=16 class=true_steady lower_us=890 n=1[0m
[0;32mI (24814) forensics: [HIST] fixture=16 class=true_steady lower_us=960 n=1[0m
[0;32mI (24824) forensics: [HIST] fixture=16 class=true_steady lower_us=980 n=1[0m
[0;32mI (24834) forensics: [CALLBACK_CURVE] model=UDU fixture=16 voices=4 class=true_steady n=3765 avg_us=617.92 p95_us=750 p99_us=885 p995_us=905 p999_us=1030 max_us=1104 deadline=0 overhead_avg_us=20.69[0m
[0;32mI (24844) forensics: [CALLBACK_HIST] fixture=16 class=true_steady lower_us=275 n=1[0m
[0;32mI (24854) forensics: [CALLBACK_HIST] fixture=16 class=true_steady lower_us=475 n=119[0m
[0;32mI (24864) forensics: [CALLBACK_HIST] fixture=16 class=true_steady lower_us=480 n=31[0m
[0;32mI (24874) forensics: [CALLBACK_HIST] fixture=16 class=true_steady lower_us=485 n=40[0m
[0;32mI (24884) forensics: [CALLBACK_HIST] fixture=16 class=true_steady lower_us=490 n=21[0m
[0;32mI (24894) forensics: [CALLBACK_HIST] fixture=16 class=true_steady lower_us=495 n=13[0m
[0;32mI (24894) forensics: [CALLBACK_HIST] fixture=16 class=true_steady lower_us=500 n=14[0m
[0;32mI (24904) forensics: [CALLBACK_HIST] fixture=16 class=true_steady lower_us=505 n=5[0m
[0;32mI (24914) forensics: [CALLBACK_HIST] fixture=16 class=true_steady lower_us=515 n=4[0m
[0;32mI (24924) forensics: [CALLBACK_HIST] fixture=16 class=true_steady lower_us=520 n=3[0m
[0;32mI (24934) forensics: [CALLBACK_HIST] fixture=16 class=true_steady lower_us=535 n=1[0m
[0;32mI (24944) forensics: [CALLBACK_HIST] fixture=16 class=true_steady lower_us=540 n=2[0m
[0;32mI (24944) forensics: [CALLBACK_HIST] fixture=16 class=true_steady lower_us=545 n=4[0m
[0;32mI (24954) forensics: [CALLBACK_HIST] fixture=16 class=true_steady lower_us=550 n=11[0m
[0;32mI (24964) forensics: [CALLBACK_HIST] fixture=16 class=true_steady lower_us=555 n=3[0m
[0;32mI (24974) forensics: [CALLBACK_HIST] fixture=16 class=true_steady lower_us=560 n=7[0m
[0;32mI (24984) forensics: [CALLBACK_HIST] fixture=16 class=true_steady lower_us=570 n=4[0m
[0;32mI (24994) forensics: [CALLBACK_HIST] fixture=16 class=true_steady lower_us=575 n=3[0m
[0;32mI (24994) forensics: [CALLBACK_HIST] fixture=16 class=true_steady lower_us=580 n=5[0m
[0;32mI (25004) forensics: [CALLBACK_HIST] fixture=16 class=true_steady lower_us=585 n=1167[0m
[0;32mI (25014) forensics: [CALLBACK_HIST] fixture=16 class=true_steady lower_us=590 n=180[0m
[0;32mI (25024) forensics: [CALLBACK_HIST] fixture=16 class=true_steady lower_us=595 n=493[0m
[0;32mI (25034) forensics: [CALLBACK_HIST] fixture=16 class=true_steady lower_us=600 n=193[0m
[0;32mI (25044) forensics: [CALLBACK_HIST] fixture=16 class=true_steady lower_us=605 n=196[0m
[0;32mI (25044) forensics: [CALLBACK_HIST] fixture=16 class=true_steady lower_us=610 n=154[0m
[0;32mI (25054) forensics: [CALLBACK_HIST] fixture=16 class=true_steady lower_us=615 n=37[0m
[0;32mI (25064) forensics: [CALLBACK_HIST] fixture=16 class=true_steady lower_us=620 n=28[0m
[0;32mI (25074) forensics: [CALLBACK_HIST] fixture=16 class=true_steady lower_us=625 n=111[0m
[0;32mI (25084) forensics: [CALLBACK_HIST] fixture=16 class=true_steady lower_us=630 n=27[0m
[0;32mI (25094) forensics: [CALLBACK_HIST] fixture=16 class=true_steady lower_us=635 n=45[0m
[0;32mI (25094) forensics: [CALLBACK_HIST] fixture=16 class=true_steady lower_us=640 n=13[0m
[0;32mI (25104) forensics: [CALLBACK_HIST] fixture=16 class=true_steady lower_us=645 n=12[0m
[0;32mI (25114) forensics: [CALLBACK_HIST] fixture=16 class=true_steady lower_us=650 n=12[0m
[0;32mI (25124) forensics: [CALLBACK_HIST] fixture=16 class=true_steady lower_us=655 n=20[0m
[0;32mI (25134) forensics: [CALLBACK_HIST] fixture=16 class=true_steady lower_us=660 n=12[0m
[0;32mI (25144) forensics: [CALLBACK_HIST] fixture=16 class=true_steady lower_us=665 n=17[0m
[0;32mI (25144) forensics: [CALLBACK_HIST] fixture=16 class=true_steady lower_us=670 n=13[0m
[0;32mI (25154) forensics: [CALLBACK_HIST] fixture=16 class=true_steady lower_us=675 n=13[0m
[0;32mI (25164) forensics: [CALLBACK_HIST] fixture=16 class=true_steady lower_us=680 n=22[0m
[0;32mI (25174) forensics: [CALLBACK_HIST] fixture=16 class=true_steady lower_us=685 n=84[0m
[0;32mI (25184) forensics: [CALLBACK_HIST] fixture=16 class=true_steady lower_us=690 n=45[0m
[0;32mI (25194) forensics: [CALLBACK_HIST] fixture=16 class=true_steady lower_us=695 n=51[0m
[0;32mI (25194) forensics: [CALLBACK_HIST] fixture=16 class=true_steady lower_us=700 n=37[0m
[0;32mI (25204) forensics: [CALLBACK_HIST] fixture=16 class=true_steady lower_us=705 n=62[0m
[0;32mI (25214) forensics: [CALLBACK_HIST] fixture=16 class=true_steady lower_us=710 n=42[0m
[0;32mI (25224) forensics: [CALLBACK_HIST] fixture=16 class=true_steady lower_us=715 n=45[0m
[0;32mI (25234) forensics: [CALLBACK_HIST] fixture=16 class=true_steady lower_us=720 n=43[0m
[0;32mI (25244) forensics: [CALLBACK_HIST] fixture=16 class=true_steady lower_us=725 n=31[0m
[0;32mI (25244) forensics: [CALLBACK_HIST] fixture=16 class=true_steady lower_us=730 n=17[0m
[0;32mI (25254) forensics: [CALLBACK_HIST] fixture=16 class=true_steady lower_us=735 n=20[0m
[0;32mI (25264) forensics: [CALLBACK_HIST] fixture=16 class=true_steady lower_us=740 n=24[0m
[0;32mI (25274) forensics: [CALLBACK_HIST] fixture=16 class=true_steady lower_us=745 n=33[0m
[0;32mI (25284) forensics: [CALLBACK_HIST] fixture=16 class=true_steady lower_us=750 n=22[0m
[0;32mI (25294) forensics: [CALLBACK_HIST] fixture=16 class=true_steady lower_us=755 n=22[0m
[0;32mI (25294) forensics: [CALLBACK_HIST] fixture=16 class=true_steady lower_us=760 n=14[0m
[0;32mI (25304) forensics: [CALLBACK_HIST] fixture=16 class=true_steady lower_us=765 n=8[0m
[0;32mI (25314) forensics: [CALLBACK_HIST] fixture=16 class=true_steady lower_us=770 n=8[0m
[0;32mI (25324) forensics: [CALLBACK_HIST] fixture=16 class=true_steady lower_us=775 n=9[0m
[0;32mI (25334) forensics: [CALLBACK_HIST] fixture=16 class=true_steady lower_us=780 n=6[0m
[0;32mI (25344) forensics: [CALLBACK_HIST] fixture=16 class=true_steady lower_us=785 n=6[0m
[0;32mI (25344) forensics: [CALLBACK_HIST] fixture=16 class=true_steady lower_us=790 n=2[0m
[0;32mI (25354) forensics: [CALLBACK_HIST] fixture=16 class=true_steady lower_us=795 n=2[0m
[0;32mI (25364) forensics: [CALLBACK_HIST] fixture=16 class=true_steady lower_us=800 n=5[0m
[0;32mI (25374) forensics: [CALLBACK_HIST] fixture=16 class=true_steady lower_us=805 n=1[0m
[0;32mI (25384) forensics: [CALLBACK_HIST] fixture=16 class=true_steady lower_us=810 n=2[0m
[0;32mI (25394) forensics: [CALLBACK_HIST] fixture=16 class=true_steady lower_us=815 n=1[0m
[0;32mI (25394) forensics: [CALLBACK_HIST] fixture=16 class=true_steady lower_us=820 n=2[0m
[0;32mI (25404) forensics: [CALLBACK_HIST] fixture=16 class=true_steady lower_us=825 n=2[0m
[0;32mI (25414) forensics: [CALLBACK_HIST] fixture=16 class=true_steady lower_us=835 n=4[0m
[0;32mI (25424) forensics: [CALLBACK_HIST] fixture=16 class=true_steady lower_us=840 n=1[0m
[0;32mI (25434) forensics: [CALLBACK_HIST] fixture=16 class=true_steady lower_us=845 n=4[0m
[0;32mI (25434) forensics: [CALLBACK_HIST] fixture=16 class=true_steady lower_us=850 n=2[0m
[0;32mI (25444) forensics: [CALLBACK_HIST] fixture=16 class=true_steady lower_us=860 n=4[0m
[0;32mI (25454) forensics: [CALLBACK_HIST] fixture=16 class=true_steady lower_us=865 n=4[0m
[0;32mI (25464) forensics: [CALLBACK_HIST] fixture=16 class=true_steady lower_us=870 n=2[0m
[0;32mI (25474) forensics: [CALLBACK_HIST] fixture=16 class=true_steady lower_us=875 n=3[0m
[0;32mI (25484) forensics: [CALLBACK_HIST] fixture=16 class=true_steady lower_us=880 n=5[0m
[0;32mI (25484) forensics: [CALLBACK_HIST] fixture=16 class=true_steady lower_us=885 n=8[0m
[0;32mI (25494) forensics: [CALLBACK_HIST] fixture=16 class=true_steady lower_us=890 n=3[0m
[0;32mI (25504) forensics: [CALLBACK_HIST] fixture=16 class=true_steady lower_us=895 n=4[0m
[0;32mI (25514) forensics: [CALLBACK_HIST] fixture=16 class=true_steady lower_us=900 n=3[0m
[0;32mI (25524) forensics: [CALLBACK_HIST] fixture=16 class=true_steady lower_us=905 n=2[0m
[0;32mI (25534) forensics: [CALLBACK_HIST] fixture=16 class=true_steady lower_us=910 n=2[0m
[0;32mI (25534) forensics: [CALLBACK_HIST] fixture=16 class=true_steady lower_us=920 n=1[0m
[0;32mI (25544) forensics: [CALLBACK_HIST] fixture=16 class=true_steady lower_us=950 n=1[0m
[0;32mI (25554) forensics: [CALLBACK_HIST] fixture=16 class=true_steady lower_us=955 n=1[0m
[0;32mI (25564) forensics: [CALLBACK_HIST] fixture=16 class=true_steady lower_us=960 n=1[0m
[0;32mI (25574) forensics: [CALLBACK_HIST] fixture=16 class=true_steady lower_us=965 n=1[0m
[0;32mI (25574) forensics: [CALLBACK_HIST] fixture=16 class=true_steady lower_us=975 n=1[0m
[0;32mI (25584) forensics: [CALLBACK_HIST] fixture=16 class=true_steady lower_us=980 n=1[0m
[0;32mI (25594) forensics: [CALLBACK_HIST] fixture=16 class=true_steady lower_us=990 n=1[0m
[0;32mI (25604) forensics: [CALLBACK_HIST] fixture=16 class=true_steady lower_us=1025 n=1[0m
[0;32mI (25614) forensics: [CALLBACK_HIST] fixture=16 class=true_steady lower_us=1035 n=1[0m
[0;32mI (25624) forensics: [CALLBACK_HIST] fixture=16 class=true_steady lower_us=1045 n=1[0m
[0;32mI (25624) forensics: [CALLBACK_HIST] fixture=16 class=true_steady lower_us=1100 n=1[0m
[0;32mI (25634) forensics: [CURVE] model=UDU fixture=16 voices=4 class=attack_tail n=308 avg_us=752.57 p95_us=940 p99_us=1135 p995_us=1175 p999_us=1250 max_us=1246 deadline=0 bad_voices=0 ble_lost=0 hard=0 sat=0 bin_us=5 max_observed_voices=4[0m
[0;32mI (25654) forensics: [HIST] fixture=16 class=attack_tail lower_us=695 n=101[0m
[0;32mI (25664) forensics: [HIST] fixture=16 class=attack_tail lower_us=700 n=20[0m
[0;32mI (25674) forensics: [HIST] fixture=16 class=attack_tail lower_us=705 n=59[0m
[0;32mI (25684) forensics: [HIST] fixture=16 class=attack_tail lower_us=710 n=12[0m
[0;32mI (25684) forensics: [HIST] fixture=16 class=attack_tail lower_us=715 n=13[0m
[0;32mI (25694) forensics: [HIST] fixture=16 class=attack_tail lower_us=720 n=11[0m
[0;32mI (25704) forensics: [HIST] fixture=16 class=attack_tail lower_us=725 n=5[0m
[0;32mI (25714) forensics: [HIST] fixture=16 class=attack_tail lower_us=730 n=5[0m
[0;32mI (25714) forensics: [HIST] fixture=16 class=attack_tail lower_us=735 n=2[0m
[0;32mI (25724) forensics: [HIST] fixture=16 class=attack_tail lower_us=740 n=2[0m
[0;32mI (25734) forensics: [HIST] fixture=16 class=attack_tail lower_us=745 n=2[0m
[0;32mI (25744) forensics: [HIST] fixture=16 class=attack_tail lower_us=755 n=2[0m
[0;32mI (25744) forensics: [HIST] fixture=16 class=attack_tail lower_us=760 n=1[0m
[0;32mI (25754) forensics: [HIST] fixture=16 class=attack_tail lower_us=770 n=1[0m
[0;32mI (25764) forensics: [HIST] fixture=16 class=attack_tail lower_us=780 n=1[0m
[0;32mI (25774) forensics: [HIST] fixture=16 class=attack_tail lower_us=785 n=2[0m
[0;32mI (25774) forensics: [HIST] fixture=16 class=attack_tail lower_us=790 n=1[0m
[0;32mI (25784) forensics: [HIST] fixture=16 class=attack_tail lower_us=795 n=1[0m
[0;32mI (25794) forensics: [HIST] fixture=16 class=attack_tail lower_us=825 n=2[0m
[0;32mI (25804) forensics: [HIST] fixture=16 class=attack_tail lower_us=840 n=2[0m
[0;32mI (25804) forensics: [HIST] fixture=16 class=attack_tail lower_us=845 n=10[0m
[0;32mI (25814) forensics: [HIST] fixture=16 class=attack_tail lower_us=850 n=1[0m
[0;32mI (25824) forensics: [HIST] fixture=16 class=attack_tail lower_us=855 n=7[0m
[0;32mI (25834) forensics: [HIST] fixture=16 class=attack_tail lower_us=860 n=1[0m
[0;32mI (25834) forensics: [HIST] fixture=16 class=attack_tail lower_us=865 n=5[0m
[0;32mI (25844) forensics: [HIST] fixture=16 class=attack_tail lower_us=870 n=2[0m
[0;32mI (25854) forensics: [HIST] fixture=16 class=attack_tail lower_us=875 n=2[0m
[0;32mI (25864) forensics: [HIST] fixture=16 class=attack_tail lower_us=880 n=3[0m
[0;32mI (25864) forensics: [HIST] fixture=16 class=attack_tail lower_us=885 n=3[0m
[0;32mI (25874) forensics: [HIST] fixture=16 class=attack_tail lower_us=890 n=1[0m
[0;32mI (25884) forensics: [HIST] fixture=16 class=attack_tail lower_us=895 n=2[0m
[0;32mI (25894) forensics: [HIST] fixture=16 class=attack_tail lower_us=900 n=2[0m
[0;32mI (25894) forensics: [HIST] fixture=16 class=attack_tail lower_us=905 n=1[0m
[0;32mI (25904) forensics: [HIST] fixture=16 class=attack_tail lower_us=910 n=2[0m
[0;32mI (25914) forensics: [HIST] fixture=16 class=attack_tail lower_us=915 n=2[0m
[0;32mI (25924) forensics: [HIST] fixture=16 class=attack_tail lower_us=920 n=1[0m
[0;32mI (25924) forensics: [HIST] fixture=16 class=attack_tail lower_us=925 n=2[0m
[0;32mI (25934) forensics: [HIST] fixture=16 class=attack_tail lower_us=935 n=1[0m
[0;32mI (25944) forensics: [HIST] fixture=16 class=attack_tail lower_us=945 n=1[0m
[0;32mI (25954) forensics: [HIST] fixture=16 class=attack_tail lower_us=950 n=1[0m
[0;32mI (25954) forensics: [HIST] fixture=16 class=attack_tail lower_us=960 n=1[0m
[0;32mI (25964) forensics: [HIST] fixture=16 class=attack_tail lower_us=965 n=1[0m
[0;32mI (25974) forensics: [HIST] fixture=16 class=attack_tail lower_us=975 n=1[0m
[0;32mI (25984) forensics: [HIST] fixture=16 class=attack_tail lower_us=995 n=1[0m
[0;32mI (25984) forensics: [HIST] fixture=16 class=attack_tail lower_us=1000 n=1[0m
[0;32mI (25994) forensics: [HIST] fixture=16 class=attack_tail lower_us=1015 n=1[0m
[0;32mI (26004) forensics: [HIST] fixture=16 class=attack_tail lower_us=1025 n=1[0m
[0;32mI (26014) forensics: [HIST] fixture=16 class=attack_tail lower_us=1060 n=1[0m
[0;32mI (26014) forensics: [HIST] fixture=16 class=attack_tail lower_us=1090 n=1[0m
[0;32mI (26024) forensics: [HIST] fixture=16 class=attack_tail lower_us=1130 n=1[0m
[0;32mI (26034) forensics: [HIST] fixture=16 class=attack_tail lower_us=1135 n=1[0m
[0;32mI (26044) forensics: [HIST] fixture=16 class=attack_tail lower_us=1170 n=1[0m
[0;32mI (26044) forensics: [HIST] fixture=16 class=attack_tail lower_us=1245 n=1[0m
[0;32mI (26054) forensics: [CALLBACK_CURVE] model=UDU fixture=16 voices=4 class=attack_tail n=308 avg_us=782.26 p95_us=1075 p99_us=1245 p995_us=1250 p999_us=1390 max_us=1389 deadline=0 overhead_avg_us=29.69[0m
[0;32mI (26074) forensics: [CALLBACK_HIST] fixture=16 class=attack_tail lower_us=705 n=85[0m
[0;32mI (26084) forensics: [CALLBACK_HIST] fixture=16 class=attack_tail lower_us=710 n=38[0m
[0;32mI (26094) forensics: [CALLBACK_HIST] fixture=16 class=attack_tail lower_us=715 n=32[0m
[0;32mI (26104) forensics: [CALLBACK_HIST] fixture=16 class=attack_tail lower_us=720 n=10[0m
[0;32mI (26104) forensics: [CALLBACK_HIST] fixture=16 class=attack_tail lower_us=725 n=9[0m
[0;32mI (26114) forensics: [CALLBACK_HIST] fixture=16 class=attack_tail lower_us=730 n=18[0m
[0;32mI (26124) forensics: [CALLBACK_HIST] fixture=16 class=attack_tail lower_us=735 n=4[0m
[0;32mI (26134) forensics: [CALLBACK_HIST] fixture=16 class=attack_tail lower_us=740 n=2[0m
[0;32mI (26144) forensics: [CALLBACK_HIST] fixture=16 class=attack_tail lower_us=745 n=2[0m
[0;32mI (26144) forensics: [CALLBACK_HIST] fixture=16 class=attack_tail lower_us=750 n=1[0m
[0;32mI (26154) forensics: [CALLBACK_HIST] fixture=16 class=attack_tail lower_us=755 n=5[0m
[0;32mI (26164) forensics: [CALLBACK_HIST] fixture=16 class=attack_tail lower_us=760 n=4[0m
[0;32mI (26174) forensics: [CALLBACK_HIST] fixture=16 class=attack_tail lower_us=765 n=4[0m
[0;32mI (26184) forensics: [CALLBACK_HIST] fixture=16 class=attack_tail lower_us=770 n=3[0m
[0;32mI (26194) forensics: [CALLBACK_HIST] fixture=16 class=attack_tail lower_us=775 n=4[0m
[0;32mI (26194) forensics: [CALLBACK_HIST] fixture=16 class=attack_tail lower_us=780 n=7[0m
[0;32mI (26204) forensics: [CALLBACK_HIST] fixture=16 class=attack_tail lower_us=785 n=2[0m
[0;32mI (26214) forensics: [CALLBACK_HIST] fixture=16 class=attack_tail lower_us=790 n=2[0m
[0;32mI (26224) forensics: [CALLBACK_HIST] fixture=16 class=attack_tail lower_us=795 n=2[0m
[0;32mI (26234) forensics: [CALLBACK_HIST] fixture=16 class=attack_tail lower_us=810 n=1[0m
[0;32mI (26244) forensics: [CALLBACK_HIST] fixture=16 class=attack_tail lower_us=830 n=1[0m
[0;32mI (26244) forensics: [CALLBACK_HIST] fixture=16 class=attack_tail lower_us=835 n=2[0m
[0;32mI (26254) forensics: [CALLBACK_HIST] fixture=16 class=attack_tail lower_us=845 n=3[0m
[0;32mI (26264) forensics: [CALLBACK_HIST] fixture=16 class=attack_tail lower_us=850 n=2[0m
[0;32mI (26274) forensics: [CALLBACK_HIST] fixture=16 class=attack_tail lower_us=855 n=4[0m
[0;32mI (26284) forensics: [CALLBACK_HIST] fixture=16 class=attack_tail lower_us=860 n=4[0m
[0;32mI (26284) forensics: [CALLBACK_HIST] fixture=16 class=attack_tail lower_us=865 n=1[0m
[0;32mI (26294) forensics: [CALLBACK_HIST] fixture=16 class=attack_tail lower_us=870 n=5[0m
[0;32mI (26304) forensics: [CALLBACK_HIST] fixture=16 class=attack_tail lower_us=875 n=1[0m
[0;32mI (26314) forensics: [CALLBACK_HIST] fixture=16 class=attack_tail lower_us=880 n=4[0m
[0;32mI (26324) forensics: [CALLBACK_HIST] fixture=16 class=attack_tail lower_us=890 n=1[0m
[0;32mI (26334) forensics: [CALLBACK_HIST] fixture=16 class=attack_tail lower_us=895 n=1[0m
[0;32mI (26334) forensics: [CALLBACK_HIST] fixture=16 class=attack_tail lower_us=900 n=1[0m
[0;32mI (26344) forensics: [CALLBACK_HIST] fixture=16 class=attack_tail lower_us=905 n=3[0m
[0;32mI (26354) forensics: [CALLBACK_HIST] fixture=16 class=attack_tail lower_us=910 n=2[0m
[0;32mI (26364) forensics: [CALLBACK_HIST] fixture=16 class=attack_tail lower_us=915 n=2[0m
[0;32mI (26374) forensics: [CALLBACK_HIST] fixture=16 class=attack_tail lower_us=920 n=1[0m
[0;32mI (26384) forensics: [CALLBACK_HIST] fixture=16 class=attack_tail lower_us=925 n=1[0m
[0;32mI (26384) forensics: [CALLBACK_HIST] fixture=16 class=attack_tail lower_us=930 n=1[0m
[0;32mI (26394) forensics: [CALLBACK_HIST] fixture=16 class=attack_tail lower_us=940 n=1[0m
[0;32mI (26404) forensics: [CALLBACK_HIST] fixture=16 class=attack_tail lower_us=945 n=1[0m
[0;32mI (26414) forensics: [CALLBACK_HIST] fixture=16 class=attack_tail lower_us=955 n=1[0m
[0;32mI (26424) forensics: [CALLBACK_HIST] fixture=16 class=attack_tail lower_us=975 n=1[0m
[0;32mI (26434) forensics: [CALLBACK_HIST] fixture=16 class=attack_tail lower_us=980 n=1[0m
[0;32mI (26434) forensics: [CALLBACK_HIST] fixture=16 class=attack_tail lower_us=990 n=1[0m
[0;32mI (26444) forensics: [CALLBACK_HIST] fixture=16 class=attack_tail lower_us=1000 n=2[0m
[0;32mI (26454) forensics: [CALLBACK_HIST] fixture=16 class=attack_tail lower_us=1005 n=1[0m
[0;32mI (26464) forensics: [CALLBACK_HIST] fixture=16 class=attack_tail lower_us=1010 n=1[0m
[0;32mI (26474) forensics: [CALLBACK_HIST] fixture=16 class=attack_tail lower_us=1025 n=1[0m
[0;32mI (26474) forensics: [CALLBACK_HIST] fixture=16 class=attack_tail lower_us=1030 n=1[0m
[0;32mI (26484) forensics: [CALLBACK_HIST] fixture=16 class=attack_tail lower_us=1040 n=1[0m
[0;32mI (26494) forensics: [CALLBACK_HIST] fixture=16 class=attack_tail lower_us=1045 n=2[0m
[0;32mI (26504) forensics: [CALLBACK_HIST] fixture=16 class=attack_tail lower_us=1050 n=1[0m
[0;32mI (26514) forensics: [CALLBACK_HIST] fixture=16 class=attack_tail lower_us=1065 n=1[0m
[0;32mI (26524) forensics: [CALLBACK_HIST] fixture=16 class=attack_tail lower_us=1070 n=2[0m
[0;32mI (26524) forensics: [CALLBACK_HIST] fixture=16 class=attack_tail lower_us=1085 n=1[0m
[0;32mI (26534) forensics: [CALLBACK_HIST] fixture=16 class=attack_tail lower_us=1090 n=1[0m
[0;32mI (26544) forensics: [CALLBACK_HIST] fixture=16 class=attack_tail lower_us=1110 n=1[0m
[0;32mI (26554) forensics: [CALLBACK_HIST] fixture=16 class=attack_tail lower_us=1120 n=1[0m
[0;32mI (26564) forensics: [CALLBACK_HIST] fixture=16 class=attack_tail lower_us=1125 n=2[0m
[0;32mI (26574) forensics: [CALLBACK_HIST] fixture=16 class=attack_tail lower_us=1135 n=1[0m
[0;32mI (26574) forensics: [CALLBACK_HIST] fixture=16 class=attack_tail lower_us=1165 n=1[0m
[0;32mI (26584) forensics: [CALLBACK_HIST] fixture=16 class=attack_tail lower_us=1180 n=1[0m
[0;32mI (26594) forensics: [CALLBACK_HIST] fixture=16 class=attack_tail lower_us=1215 n=1[0m
[0;32mI (26604) forensics: [CALLBACK_HIST] fixture=16 class=attack_tail lower_us=1240 n=1[0m
[0;32mI (26614) forensics: [CALLBACK_HIST] fixture=16 class=attack_tail lower_us=1245 n=2[0m
[0;32mI (26624) forensics: [CALLBACK_HIST] fixture=16 class=attack_tail lower_us=1385 n=1[0m
[0;32mI (26624) forensics: [CURVE] model=UDU fixture=16 voices=4 class=event n=22 avg_us=910.50 p95_us=1045 p99_us=1060 p995_us=1060 p999_us=1060 max_us=1057 deadline=0 bad_voices=0 ble_lost=0 hard=0 sat=0 bin_us=5 max_observed_voices=4[0m
[0;32mI (26654) forensics: [HIST] fixture=16 class=event lower_us=855 n=3[0m
[0;32mI (26654) forensics: [HIST] fixture=16 class=event lower_us=860 n=2[0m
[0;32mI (26664) forensics: [HIST] fixture=16 class=event lower_us=865 n=1[0m
[0;32mI (26674) forensics: [HIST] fixture=16 class=event lower_us=875 n=4[0m
[0;32mI (26674) forensics: [HIST] fixture=16 class=event lower_us=880 n=2[0m
[0;32mI (26684) forensics: [HIST] fixture=16 class=event lower_us=890 n=2[0m
[0;32mI (26694) forensics: [HIST] fixture=16 class=event lower_us=905 n=1[0m
[0;32mI (26694) forensics: [HIST] fixture=16 class=event lower_us=910 n=2[0m
[0;32mI (26704) forensics: [HIST] fixture=16 class=event lower_us=965 n=1[0m
[0;32mI (26714) forensics: [HIST] fixture=16 class=event lower_us=1005 n=1[0m
[0;32mI (26724) forensics: [HIST] fixture=16 class=event lower_us=1020 n=1[0m
[0;32mI (26724) forensics: [HIST] fixture=16 class=event lower_us=1040 n=1[0m
[0;32mI (26734) forensics: [HIST] fixture=16 class=event lower_us=1055 n=1[0m
[0;32mI (26744) forensics: [CALLBACK_CURVE] model=UDU fixture=16 voices=4 class=event n=22 avg_us=1031.18 p95_us=1220 p99_us=1235 p995_us=1235 p999_us=1235 max_us=1234 deadline=0 overhead_avg_us=120.68[0m
[0;32mI (26754) forensics: [CALLBACK_HIST] fixture=16 class=event lower_us=935 n=2[0m
[0;32mI (26764) forensics: [CALLBACK_HIST] fixture=16 class=event lower_us=955 n=1[0m
[0;32mI (26774) forensics: [CALLBACK_HIST] fixture=16 class=event lower_us=960 n=1[0m
[0;32mI (26784) forensics: [CALLBACK_HIST] fixture=16 class=event lower_us=965 n=1[0m
[0;32mI (26794) forensics: [CALLBACK_HIST] fixture=16 class=event lower_us=980 n=1[0m
[0;32mI (26794) forensics: [CALLBACK_HIST] fixture=16 class=event lower_us=990 n=1[0m
[0;32mI (26804) forensics: [CALLBACK_HIST] fixture=16 class=event lower_us=1000 n=1[0m
[0;32mI (26814) forensics: [CALLBACK_HIST] fixture=16 class=event lower_us=1005 n=1[0m
[0;32mI (26824) forensics: [CALLBACK_HIST] fixture=16 class=event lower_us=1010 n=3[0m
[0;32mI (26824) forensics: [CALLBACK_HIST] fixture=16 class=event lower_us=1015 n=1[0m
[0;32mI (26834) forensics: [CALLBACK_HIST] fixture=16 class=event lower_us=1030 n=2[0m
[0;32mI (26844) forensics: [CALLBACK_HIST] fixture=16 class=event lower_us=1045 n=1[0m
[0;32mI (26854) forensics: [CALLBACK_HIST] fixture=16 class=event lower_us=1050 n=1[0m
[0;32mI (26864) forensics: [CALLBACK_HIST] fixture=16 class=event lower_us=1055 n=1[0m
[0;32mI (26864) forensics: [CALLBACK_HIST] fixture=16 class=event lower_us=1090 n=1[0m
[0;32mI (26874) forensics: [CALLBACK_HIST] fixture=16 class=event lower_us=1130 n=1[0m
[0;32mI (26884) forensics: [CALLBACK_HIST] fixture=16 class=event lower_us=1215 n=1[0m
[0;32mI (26894) forensics: [CALLBACK_HIST] fixture=16 class=event lower_us=1230 n=1[0m
[0;32mI (26894) forensics: [CURVE] model=UDU fixture=16 voices=4 class=fixture_transition n=1 avg_us=462.57 p95_us=465 p99_us=465 p995_us=465 p999_us=465 max_us=463 deadline=0 bad_voices=0 ble_lost=0 hard=0 sat=0 bin_us=5 max_observed_voices=4[0m
[0;32mI (26924) forensics: [HIST] fixture=16 class=fixture_transition lower_us=460 n=1[0m
[0;32mI (26924) forensics: [CALLBACK_CURVE] model=UDU fixture=16 voices=4 class=fixture_transition n=1 avg_us=496.00 p95_us=500 p99_us=500 p995_us=500 p999_us=500 max_us=496 deadline=0 overhead_avg_us=33.43[0m
[0;32mI (26944) forensics: [CALLBACK_HIST] fixture=16 class=fixture_transition lower_us=495 n=1[0m
[0;32mI (26954) forensics: [FASTPATH] fixture=16 stable8=0 attack=0[0m
[0;32mI (26964) forensics: [OVERHEAD] fixture=16 blocks=4096 model_reset_avg_us=1.82 model_reset_max_us=20 queue_avg_us=2.82 queue_max_us=38 render_avg_us=618.77 telem_avg_us=5.83 telem_max_us=82 telem_publishes=512[0m
[0;32mI (27014) pocket_pan_main: [AUDIO] model=PAN blocks=9786 avg_us=1270 p99_us=0 max_us=1990 cpu_load=47.6 deadline=0 timeout=0 tx_error=0 short=0[0m
[0;32mI (27014) pocket_pan_main: [MIDI] push=1 pop=1 drop=0 hwm=1 last=(n=50 v=75 t=78 hex=90324B)[0m
[0;32mI (27024) pocket_pan_main: [BLE] state=8 interval_ms=11.25 latency=0 rssi=-58 reconnects=0 last_disconnect=0[0m
[0;32mI (27034) pocket_pan_main: [MEM] internal_free=61707 largest_internal=31744[0m
[0;32mI (27044) pocket_pan_main: [UIREDRAW] urgent=48 telemetry=83 skip=578[0m
[0;32mI (32034) pocket_pan_main: [AUDIO] model=PAN blocks=11668 avg_us=1064 p99_us=1650 max_us=2130 cpu_load=39.9 deadline=0 timeout=0 tx_error=0 short=0[0m
[0;32mI (32034) pocket_pan_main: [MIDI] push=1 pop=1 drop=0 hwm=1 last=(n=50 v=75 t=78 hex=90324B)[0m
[0;32mI (32044) pocket_pan_main: [BLE] state=8 interval_ms=11.25 latency=0 rssi=-57 reconnects=0 last_disconnect=0[0m
[0;32mI (32054) pocket_pan_main: [MEM] internal_free=61707 largest_internal=31744[0m
[0;32mI (32064) pocket_pan_main: [UIREDRAW] urgent=73 telemetry=98 skip=704[0m
[0;32mI (35164) forensics: [SAFETY] fixture=17 hard=0 sat=0 nonfinite=0 ble_lost=0[0m
[0;32mI (35164) forensics: [EVENT_ONLY] fixture=17 n=22 avg_us=146.48 max_us=244[0m
[0;32mI (35164) forensics: [FIXTURE_IO] model=UDU fixture=17 avg_us=1064 p99_us=1650 max_us=2130 cpu_pct=39.90 deadline=0 timeouts=0 tx_errors=0 short_writes=0[0m
[0;32mI (35184) forensics: [CURVE] model=UDU fixture=17 voices=8 class=true_steady n=3765 avg_us=1064.95 p95_us=1245 p99_us=1285 p995_us=1340 p999_us=1470 max_us=1494 deadline=0 bad_voices=0 ble_lost=0 hard=0 sat=0 bin_us=5 max_observed_voices=8[0m
[0;32mI (35204) forensics: [HIST] fixture=17 class=true_steady lower_us=685 n=52[0m
[0;32mI (35214) forensics: [HIST] fixture=17 class=true_steady lower_us=690 n=20[0m
[0;32mI (35214) forensics: [HIST] fixture=17 class=true_steady lower_us=695 n=6[0m
[0;32mI (35224) forensics: [HIST] fixture=17 class=true_steady lower_us=700 n=9[0m
[0;32mI (35234) forensics: [HIST] fixture=17 class=true_steady lower_us=705 n=7[0m
[0;32mI (35244) forensics: [HIST] fixture=17 class=true_steady lower_us=710 n=3[0m
[0;32mI (35244) forensics: [HIST] fixture=17 class=true_steady lower_us=715 n=2[0m
[0;32mI (35254) forensics: [HIST] fixture=17 class=true_steady lower_us=755 n=1[0m
[0;32mI (35264) forensics: [HIST] fixture=17 class=true_steady lower_us=790 n=1[0m
[0;32mI (35274) forensics: [HIST] fixture=17 class=true_steady lower_us=795 n=14[0m
[0;32mI (35274) forensics: [HIST] fixture=17 class=true_steady lower_us=800 n=1[0m
[0;32mI (35284) forensics: [HIST] fixture=17 class=true_steady lower_us=805 n=1[0m
[0;32mI (35294) forensics: [HIST] fixture=17 class=true_steady lower_us=810 n=8[0m
[0;32mI (35304) forensics: [HIST] fixture=17 class=true_steady lower_us=815 n=4[0m
[0;32mI (35304) forensics: [HIST] fixture=17 class=true_steady lower_us=820 n=5[0m
[0;32mI (35314) forensics: [HIST] fixture=17 class=true_steady lower_us=825 n=5[0m
[0;32mI (35324) forensics: [HIST] fixture=17 class=true_steady lower_us=830 n=4[0m
[0;32mI (35334) forensics: [HIST] fixture=17 class=true_steady lower_us=835 n=3[0m
[0;32mI (35334) forensics: [HIST] fixture=17 class=true_steady lower_us=840 n=1[0m
[0;32mI (35344) forensics: [HIST] fixture=17 class=true_steady lower_us=845 n=1[0m
[0;32mI (35354) forensics: [HIST] fixture=17 class=true_steady lower_us=850 n=2[0m
[0;32mI (35364) forensics: [HIST] fixture=17 class=true_steady lower_us=855 n=1[0m
[0;32mI (35364) forensics: [HIST] fixture=17 class=true_steady lower_us=860 n=1[0m
[0;32mI (35374) forensics: [HIST] fixture=17 class=true_steady lower_us=875 n=1[0m
[0;32mI (35384) forensics: [HIST] fixture=17 class=true_steady lower_us=885 n=2[0m
[0;32mI (35394) forensics: [HIST] fixture=17 class=true_steady lower_us=890 n=1[0m
[0;32mI (35394) forensics: [HIST] fixture=17 class=true_steady lower_us=900 n=1[0m
[0;32mI (35404) forensics: [HIST] fixture=17 class=true_steady lower_us=905 n=53[0m
[0;32mI (35414) forensics: [HIST] fixture=17 class=true_steady lower_us=910 n=32[0m
[0;32mI (35424) forensics: [HIST] fixture=17 class=true_steady lower_us=915 n=12[0m
[0;32mI (35424) forensics: [HIST] fixture=17 class=true_steady lower_us=920 n=10[0m
[0;32mI (35434) forensics: [HIST] fixture=17 class=true_steady lower_us=925 n=5[0m
[0;32mI (35444) forensics: [HIST] fixture=17 class=true_steady lower_us=930 n=3[0m
[0;32mI (35454) forensics: [HIST] fixture=17 class=true_steady lower_us=935 n=2[0m
[0;32mI (35454) forensics: [HIST] fixture=17 class=true_steady lower_us=940 n=3[0m
[0;32mI (35464) forensics: [HIST] fixture=17 class=true_steady lower_us=955 n=1[0m
[0;32mI (35474) forensics: [HIST] fixture=17 class=true_steady lower_us=965 n=2[0m
[0;32mI (35484) forensics: [HIST] fixture=17 class=true_steady lower_us=975 n=1[0m
[0;32mI (35484) forensics: [HIST] fixture=17 class=true_steady lower_us=980 n=2[0m
[0;32mI (35494) forensics: [HIST] fixture=17 class=true_steady lower_us=985 n=1[0m
[0;32mI (35504) forensics: [HIST] fixture=17 class=true_steady lower_us=990 n=1[0m
[0;32mI (35514) forensics: [HIST] fixture=17 class=true_steady lower_us=1000 n=1[0m
[0;32mI (35514) forensics: [HIST] fixture=17 class=true_steady lower_us=1015 n=1060[0m
[0;32mI (35524) forensics: [HIST] fixture=17 class=true_steady lower_us=1020 n=556[0m
[0;32mI (35534) forensics: [HIST] fixture=17 class=true_steady lower_us=1025 n=217[0m
[0;32mI (35544) forensics: [HIST] fixture=17 class=true_steady lower_us=1030 n=199[0m
[0;32mI (35544) forensics: [HIST] fixture=17 class=true_steady lower_us=1035 n=116[0m
[0;32mI (35554) forensics: [HIST] fixture=17 class=true_steady lower_us=1040 n=59[0m
[0;32mI (35564) forensics: [HIST] fixture=17 class=true_steady lower_us=1045 n=23[0m
[0;32mI (35574) forensics: [HIST] fixture=17 class=true_steady lower_us=1050 n=23[0m
[0;32mI (35584) forensics: [HIST] fixture=17 class=true_steady lower_us=1055 n=14[0m
[0;32mI (35584) forensics: [HIST] fixture=17 class=true_steady lower_us=1060 n=14[0m
[0;32mI (35594) forensics: [HIST] fixture=17 class=true_steady lower_us=1065 n=11[0m
[0;32mI (35604) forensics: [HIST] fixture=17 class=true_steady lower_us=1070 n=4[0m
[0;32mI (35614) forensics: [HIST] fixture=17 class=true_steady lower_us=1075 n=18[0m
[0;32mI (35614) forensics: [HIST] fixture=17 class=true_steady lower_us=1080 n=15[0m
[0;32mI (35624) forensics: [HIST] fixture=17 class=true_steady lower_us=1085 n=18[0m
[0;32mI (35634) forensics: [HIST] fixture=17 class=true_steady lower_us=1090 n=29[0m
[0;32mI (35644) forensics: [HIST] fixture=17 class=true_steady lower_us=1095 n=30[0m
[0;32mI (35644) forensics: [HIST] fixture=17 class=true_steady lower_us=1100 n=30[0m
[0;32mI (35654) forensics: [HIST] fixture=17 class=true_steady lower_us=1105 n=18[0m
[0;32mI (35664) forensics: [HIST] fixture=17 class=true_steady lower_us=1110 n=17[0m
[0;32mI (35674) forensics: [HIST] fixture=17 class=true_steady lower_us=1115 n=18[0m
[0;32mI (35674) forensics: [HIST] fixture=17 class=true_steady lower_us=1120 n=5[0m
[0;32mI (35684) forensics: [HIST] fixture=17 class=true_steady lower_us=1125 n=12[0m
[0;32mI (35694) forensics: [HIST] fixture=17 class=true_steady lower_us=1130 n=10[0m
[0;32mI (35704) forensics: [HIST] fixture=17 class=true_steady lower_us=1135 n=9[0m
[0;32mI (35704) forensics: [HIST] fixture=17 class=true_steady lower_us=1140 n=3[0m
[0;32mI (35714) forensics: [HIST] fixture=17 class=true_steady lower_us=1145 n=1[0m
[0;32mI (35724) forensics: [HIST] fixture=17 class=true_steady lower_us=1155 n=2[0m
[0;32mI (35734) forensics: [HIST] fixture=17 class=true_steady lower_us=1160 n=5[0m
[0;32mI (35734) forensics: [HIST] fixture=17 class=true_steady lower_us=1165 n=4[0m
[0;32mI (35744) forensics: [HIST] fixture=17 class=true_steady lower_us=1170 n=3[0m
[0;32mI (35754) forensics: [HIST] fixture=17 class=true_steady lower_us=1175 n=5[0m
[0;32mI (35764) forensics: [HIST] fixture=17 class=true_steady lower_us=1180 n=1[0m
[0;32mI (35774) forensics: [HIST] fixture=17 class=true_steady lower_us=1185 n=3[0m
[0;32mI (35774) forensics: [HIST] fixture=17 class=true_steady lower_us=1190 n=3[0m
[0;32mI (35784) forensics: [HIST] fixture=17 class=true_steady lower_us=1195 n=19[0m
[0;32mI (35794) forensics: [HIST] fixture=17 class=true_steady lower_us=1200 n=36[0m
[0;32mI (35804) forensics: [HIST] fixture=17 class=true_steady lower_us=1205 n=35[0m
[0;32mI (35804) forensics: [HIST] fixture=17 class=true_steady lower_us=1210 n=167[0m
[0;32mI (35814) forensics: [HIST] fixture=17 class=true_steady lower_us=1215 n=107[0m
[0;32mI (35824) forensics: [HIST] fixture=17 class=true_steady lower_us=1220 n=76[0m
[0;32mI (35834) forensics: [HIST] fixture=17 class=true_steady lower_us=1225 n=101[0m
[0;32mI (35834) forensics: [HIST] fixture=17 class=true_steady lower_us=1230 n=81[0m
[0;32mI (35844) forensics: [HIST] fixture=17 class=true_steady lower_us=1235 n=63[0m
[0;32mI (35854) forensics: [HIST] fixture=17 class=true_steady lower_us=1240 n=60[0m
[0;32mI (35864) forensics: [HIST] fixture=17 class=true_steady lower_us=1245 n=56[0m
[0;32mI (35864) forensics: [HIST] fixture=17 class=true_steady lower_us=1250 n=37[0m
[0;32mI (35874) forensics: [HIST] fixture=17 class=true_steady lower_us=1255 n=22[0m
[0;32mI (35884) forensics: [HIST] fixture=17 class=true_steady lower_us=1260 n=11[0m
[0;32mI (35894) forensics: [HIST] fixture=17 class=true_steady lower_us=1265 n=9[0m
[0;32mI (35894) forensics: [HIST] fixture=17 class=true_steady lower_us=1270 n=2[0m
[0;32mI (35904) forensics: [HIST] fixture=17 class=true_steady lower_us=1275 n=1[0m
[0;32mI (35914) forensics: [HIST] fixture=17 class=true_steady lower_us=1280 n=6[0m
[0;32mI (35924) forensics: [HIST] fixture=17 class=true_steady lower_us=1285 n=1[0m
[0;32mI (35934) forensics: [HIST] fixture=17 class=true_steady lower_us=1290 n=1[0m
[0;32mI (35934) forensics: [HIST] fixture=17 class=true_steady lower_us=1295 n=4[0m
[0;32mI (35944) forensics: [HIST] fixture=17 class=true_steady lower_us=1305 n=1[0m
[0;32mI (35954) forensics: [HIST] fixture=17 class=true_steady lower_us=1310 n=3[0m
[0;32mI (35964) forensics: [HIST] fixture=17 class=true_steady lower_us=1315 n=2[0m
[0;32mI (35964) forensics: [HIST] fixture=17 class=true_steady lower_us=1320 n=1[0m
[0;32mI (35974) forensics: [HIST] fixture=17 class=true_steady lower_us=1325 n=2[0m
[0;32mI (35984) forensics: [HIST] fixture=17 class=true_steady lower_us=1335 n=2[0m
[0;32mI (35994) forensics: [HIST] fixture=17 class=true_steady lower_us=1340 n=2[0m
[0;32mI (35994) forensics: [HIST] fixture=17 class=true_steady lower_us=1345 n=2[0m
[0;32mI (36004) forensics: [HIST] fixture=17 class=true_steady lower_us=1355 n=1[0m
[0;32mI (36014) forensics: [HIST] fixture=17 class=true_steady lower_us=1365 n=1[0m
[0;32mI (36024) forensics: [HIST] fixture=17 class=true_steady lower_us=1375 n=1[0m
[0;32mI (36024) forensics: [HIST] fixture=17 class=true_steady lower_us=1385 n=1[0m
[0;32mI (36034) forensics: [HIST] fixture=17 class=true_steady lower_us=1395 n=1[0m
[0;32mI (36044) forensics: [HIST] fixture=17 class=true_steady lower_us=1415 n=1[0m
[0;32mI (36054) forensics: [HIST] fixture=17 class=true_steady lower_us=1435 n=1[0m
[0;32mI (36054) forensics: [HIST] fixture=17 class=true_steady lower_us=1440 n=1[0m
[0;32mI (36064) forensics: [HIST] fixture=17 class=true_steady lower_us=1450 n=1[0m
[0;32mI (36074) forensics: [HIST] fixture=17 class=true_steady lower_us=1460 n=1[0m
[0;32mI (36084) forensics: [HIST] fixture=17 class=true_steady lower_us=1465 n=1[0m
[0;32mI (36084) forensics: [HIST] fixture=17 class=true_steady lower_us=1470 n=1[0m
[0;32mI (36094) forensics: [HIST] fixture=17 class=true_steady lower_us=1485 n=1[0m
[0;32mI (36104) forensics: [HIST] fixture=17 class=true_steady lower_us=1490 n=1[0m
[0;32mI (36114) forensics: [CALLBACK_CURVE] model=UDU fixture=17 voices=8 class=true_steady n=3765 avg_us=1086.31 p95_us=1280 p99_us=1385 p995_us=1430 p999_us=1550 max_us=1636 deadline=0 overhead_avg_us=21.36[0m
[0;32mI (36134) forensics: [CALLBACK_HIST] fixture=17 class=true_steady lower_us=620 n=1[0m
[0;32mI (36134) forensics: [CALLBACK_HIST] fixture=17 class=true_steady lower_us=695 n=46[0m
[0;32mI (36144) forensics: [CALLBACK_HIST] fixture=17 class=true_steady lower_us=700 n=14[0m
[0;32mI (36154) forensics: [CALLBACK_HIST] fixture=17 class=true_steady lower_us=705 n=10[0m
[0;32mI (36164) forensics: [CALLBACK_HIST] fixture=17 class=true_steady lower_us=710 n=8[0m
[0;32mI (36174) forensics: [CALLBACK_HIST] fixture=17 class=true_steady lower_us=715 n=8[0m
[0;32mI (36174) forensics: [CALLBACK_HIST] fixture=17 class=true_steady lower_us=720 n=6[0m
[0;32mI (36184) forensics: [CALLBACK_HIST] fixture=17 class=true_steady lower_us=725 n=1[0m
[0;32mI (36194) forensics: [CALLBACK_HIST] fixture=17 class=true_steady lower_us=730 n=1[0m
[0;32mI (36204) forensics: [CALLBACK_HIST] fixture=17 class=true_steady lower_us=760 n=1[0m
[0;32mI (36214) forensics: [CALLBACK_HIST] fixture=17 class=true_steady lower_us=765 n=1[0m
[0;32mI (36224) forensics: [CALLBACK_HIST] fixture=17 class=true_steady lower_us=770 n=2[0m
[0;32mI (36224) forensics: [CALLBACK_HIST] fixture=17 class=true_steady lower_us=775 n=1[0m
[0;32mI (36234) forensics: [CALLBACK_HIST] fixture=17 class=true_steady lower_us=805 n=8[0m
[0;32mI (36244) forensics: [CALLBACK_HIST] fixture=17 class=true_steady lower_us=810 n=2[0m
[0;32mI (36254) forensics: [CALLBACK_HIST] fixture=17 class=true_steady lower_us=815 n=5[0m
[0;32mI (36264) forensics: [CALLBACK_HIST] fixture=17 class=true_steady lower_us=820 n=3[0m
[0;32mI (36274) forensics: [CALLBACK_HIST] fixture=17 class=true_steady lower_us=825 n=4[0m
[0;32mI (36274) forensics: [CALLBACK_HIST] fixture=17 class=true_steady lower_us=830 n=2[0m
[0;32mI (36284) forensics: [CALLBACK_HIST] fixture=17 class=true_steady lower_us=835 n=3[0m
[0;32mI (36294) forensics: [CALLBACK_HIST] fixture=17 class=true_steady lower_us=840 n=2[0m
[0;32mI (36304) forensics: [CALLBACK_HIST] fixture=17 class=true_steady lower_us=845 n=2[0m
[0;32mI (36314) forensics: [CALLBACK_HIST] fixture=17 class=true_steady lower_us=850 n=1[0m
[0;32mI (36314) forensics: [CALLBACK_HIST] fixture=17 class=true_steady lower_us=855 n=4[0m
[0;32mI (36324) forensics: [CALLBACK_HIST] fixture=17 class=true_steady lower_us=860 n=1[0m
[0;32mI (36334) forensics: [CALLBACK_HIST] fixture=17 class=true_steady lower_us=865 n=3[0m
[0;32mI (36344) forensics: [CALLBACK_HIST] fixture=17 class=true_steady lower_us=870 n=1[0m
[0;32mI (36354) forensics: [CALLBACK_HIST] fixture=17 class=true_steady lower_us=875 n=4[0m
[0;32mI (36364) forensics: [CALLBACK_HIST] fixture=17 class=true_steady lower_us=880 n=2[0m
[0;32mI (36364) forensics: [CALLBACK_HIST] fixture=17 class=true_steady lower_us=885 n=2[0m
[0;32mI (36374) forensics: [CALLBACK_HIST] fixture=17 class=true_steady lower_us=895 n=3[0m
[0;32mI (36384) forensics: [CALLBACK_HIST] fixture=17 class=true_steady lower_us=915 n=48[0m
[0;32mI (36394) forensics: [CALLBACK_HIST] fixture=17 class=true_steady lower_us=920 n=25[0m
[0;32mI (36404) forensics: [CALLBACK_HIST] fixture=17 class=true_steady lower_us=925 n=10[0m
[0;32mI (36414) forensics: [CALLBACK_HIST] fixture=17 class=true_steady lower_us=930 n=8[0m
[0;32mI (36414) forensics: [CALLBACK_HIST] fixture=17 class=true_steady lower_us=935 n=5[0m
[0;32mI (36424) forensics: [CALLBACK_HIST] fixture=17 class=true_steady lower_us=940 n=2[0m
[0;32mI (36434) forensics: [CALLBACK_HIST] fixture=17 class=true_steady lower_us=945 n=2[0m
[0;32mI (36444) forensics: [CALLBACK_HIST] fixture=17 class=true_steady lower_us=950 n=2[0m
[0;32mI (36454) forensics: [CALLBACK_HIST] fixture=17 class=true_steady lower_us=955 n=2[0m
[0;32mI (36464) forensics: [CALLBACK_HIST] fixture=17 class=true_steady lower_us=960 n=5[0m
[0;32mI (36464) forensics: [CALLBACK_HIST] fixture=17 class=true_steady lower_us=965 n=1[0m
[0;32mI (36474) forensics: [CALLBACK_HIST] fixture=17 class=true_steady lower_us=970 n=3[0m
[0;32mI (36484) forensics: [CALLBACK_HIST] fixture=17 class=true_steady lower_us=975 n=1[0m
[0;32mI (36494) forensics: [CALLBACK_HIST] fixture=17 class=true_steady lower_us=980 n=1[0m
[0;32mI (36504) forensics: [CALLBACK_HIST] fixture=17 class=true_steady lower_us=985 n=1[0m
[0;32mI (36504) forensics: [CALLBACK_HIST] fixture=17 class=true_steady lower_us=990 n=1[0m
[0;32mI (36514) forensics: [CALLBACK_HIST] fixture=17 class=true_steady lower_us=995 n=2[0m
[0;32mI (36524) forensics: [CALLBACK_HIST] fixture=17 class=true_steady lower_us=1000 n=1[0m
[0;32mI (36534) forensics: [CALLBACK_HIST] fixture=17 class=true_steady lower_us=1005 n=2[0m
[0;32mI (36544) forensics: [CALLBACK_HIST] fixture=17 class=true_steady lower_us=1010 n=3[0m
[0;32mI (36554) forensics: [CALLBACK_HIST] fixture=17 class=true_steady lower_us=1015 n=3[0m
[0;32mI (36554) forensics: [CALLBACK_HIST] fixture=17 class=true_steady lower_us=1025 n=886[0m
[0;32mI (36564) forensics: [CALLBACK_HIST] fixture=17 class=true_steady lower_us=1030 n=445[0m
[0;32mI (36574) forensics: [CALLBACK_HIST] fixture=17 class=true_steady lower_us=1035 n=202[0m
[0;32mI (36584) forensics: [CALLBACK_HIST] fixture=17 class=true_steady lower_us=1040 n=190[0m
[0;32mI (36594) forensics: [CALLBACK_HIST] fixture=17 class=true_steady lower_us=1045 n=141[0m
[0;32mI (36604) forensics: [CALLBACK_HIST] fixture=17 class=true_steady lower_us=1050 n=94[0m
[0;32mI (36614) forensics: [CALLBACK_HIST] fixture=17 class=true_steady lower_us=1055 n=48[0m
[0;32mI (36614) forensics: [CALLBACK_HIST] fixture=17 class=true_steady lower_us=1060 n=52[0m
[0;32mI (36624) forensics: [CALLBACK_HIST] fixture=17 class=true_steady lower_us=1065 n=62[0m
[0;32mI (36634) forensics: [CALLBACK_HIST] fixture=17 class=true_steady lower_us=1070 n=41[0m
[0;32mI (36644) forensics: [CALLBACK_HIST] fixture=17 class=true_steady lower_us=1075 n=30[0m
[0;32mI (36654) forensics: [CALLBACK_HIST] fixture=17 class=true_steady lower_us=1080 n=25[0m
[0;32mI (36664) forensics: [CALLBACK_HIST] fixture=17 class=true_steady lower_us=1085 n=19[0m
[0;32mI (36664) forensics: [CALLBACK_HIST] fixture=17 class=true_steady lower_us=1090 n=14[0m
[0;32mI (36674) forensics: [CALLBACK_HIST] fixture=17 class=true_steady lower_us=1095 n=21[0m
[0;32mI (36684) forensics: [CALLBACK_HIST] fixture=17 class=true_steady lower_us=1100 n=15[0m
[0;32mI (36694) forensics: [CALLBACK_HIST] fixture=17 class=true_steady lower_us=1105 n=16[0m
[0;32mI (36704) forensics: [CALLBACK_HIST] fixture=17 class=true_steady lower_us=1110 n=17[0m
[0;32mI (36714) forensics: [CALLBACK_HIST] fixture=17 class=true_steady lower_us=1115 n=7[0m
[0;32mI (36714) forensics: [CALLBACK_HIST] fixture=17 class=true_steady lower_us=1120 n=9[0m
[0;32mI (36724) forensics: [CALLBACK_HIST] fixture=17 class=true_steady lower_us=1125 n=16[0m
[0;32mI (36734) forensics: [CALLBACK_HIST] fixture=17 class=true_steady lower_us=1130 n=17[0m
[0;32mI (36744) forensics: [CALLBACK_HIST] fixture=17 class=true_steady lower_us=1135 n=24[0m
[0;32mI (36754) forensics: [CALLBACK_HIST] fixture=17 class=true_steady lower_us=1140 n=28[0m
[0;32mI (36764) forensics: [CALLBACK_HIST] fixture=17 class=true_steady lower_us=1145 n=16[0m
[0;32mI (36774) forensics: [CALLBACK_HIST] fixture=17 class=true_steady lower_us=1150 n=17[0m
[0;32mI (36774) forensics: [CALLBACK_HIST] fixture=17 class=true_steady lower_us=1155 n=10[0m
[0;32mI (36784) forensics: [CALLBACK_HIST] fixture=17 class=true_steady lower_us=1160 n=9[0m
[0;32mI (36794) forensics: [CALLBACK_HIST] fixture=17 class=true_steady lower_us=1165 n=10[0m
[0;32mI (36804) forensics: [CALLBACK_HIST] fixture=17 class=true_steady lower_us=1170 n=18[0m
[0;32mI (36814) forensics: [CALLBACK_HIST] fixture=17 class=true_steady lower_us=1175 n=10[0m
[0;32mI (36824) forensics: [CALLBACK_HIST] fixture=17 class=true_steady lower_us=1180 n=5[0m
[0;32mI (36824) forensics: [CALLBACK_HIST] fixture=17 class=true_steady lower_us=1185 n=9[0m
[0;32mI (36834) forensics: [CALLBACK_HIST] fixture=17 class=true_steady lower_us=1190 n=1[0m
[0;32mI (36844) forensics: [CALLBACK_HIST] fixture=17 class=true_steady lower_us=1195 n=5[0m
[0;32mI (36854) forensics: [CALLBACK_HIST] fixture=17 class=true_steady lower_us=1200 n=4[0m
[0;32mI (36864) forensics: [CALLBACK_HIST] fixture=17 class=true_steady lower_us=1205 n=15[0m
[0;32mI (36874) forensics: [CALLBACK_HIST] fixture=17 class=true_steady lower_us=1210 n=19[0m
[0;32mI (36874) forensics: [CALLBACK_HIST] fixture=17 class=true_steady lower_us=1215 n=25[0m
[0;32mI (36884) forensics: [CALLBACK_HIST] fixture=17 class=true_steady lower_us=1220 n=136[0m
[0;32mI (36894) forensics: [CALLBACK_HIST] fixture=17 class=true_steady lower_us=1225 n=57[0m
[0;32mI (36904) forensics: [CALLBACK_HIST] fixture=17 class=true_steady lower_us=1230 n=38[0m
[0;32mI (36914) forensics: [CALLBACK_HIST] fixture=17 class=true_steady lower_us=1235 n=52[0m
[0;32mI (36924) forensics: [CALLBACK_HIST] fixture=17 class=true_steady lower_us=1240 n=66[0m
[0;32mI (36924) forensics: [CALLBACK_HIST] fixture=17 class=true_steady lower_us=1245 n=76[0m
[0;32mI (36934) forensics: [CALLBACK_HIST] fixture=17 class=true_steady lower_us=1250 n=70[0m
[0;32mI (36944) forensics: [CALLBACK_HIST] fixture=17 class=true_steady lower_us=1255 n=51[0m
[0;32mI (36954) forensics: [CALLBACK_HIST] fixture=17 class=true_steady lower_us=1260 n=40[0m
[0;32mI (36964) forensics: [CALLBACK_HIST] fixture=17 class=true_steady lower_us=1265 n=47[0m
[0;32mI (36974) forensics: [CALLBACK_HIST] fixture=17 class=true_steady lower_us=1270 n=35[0m
[0;32mI (36984) forensics: [CALLBACK_HIST] fixture=17 class=true_steady lower_us=1275 n=39[0m
[0;32mI (36984) forensics: [CALLBACK_HIST] fixture=17 class=true_steady lower_us=1280 n=38[0m
[0;32mI (36994) forensics: [CALLBACK_HIST] fixture=17 class=true_steady lower_us=1285 n=33[0m
[0;32mI (37004) forensics: [CALLBACK_HIST] fixture=17 class=true_steady lower_us=1290 n=26[0m
[0;32mI (37014) forensics: [CALLBACK_HIST] fixture=17 class=true_steady lower_us=1295 n=17[0m
[0;32mI (37024) forensics: [CALLBACK_HIST] fixture=17 class=true_steady lower_us=1300 n=8[0m
[0;32mI (37034) forensics: [CALLBACK_HIST] fixture=17 class=true_steady lower_us=1305 n=6[0m
[0;32mI (37034) forensics: [CALLBACK_HIST] fixture=17 class=true_steady lower_us=1310 n=3[0m
[0;32mI (37044) forensics: [CALLBACK_HIST] fixture=17 class=true_steady lower_us=1315 n=7[0m
[0;32mI (37054) forensics: [CALLBACK_HIST] fixture=17 class=true_steady lower_us=1320 n=3[0m
[0;32mI (37064) forensics: [CALLBACK_HIST] fixture=17 class=true_steady lower_us=1325 n=2[0m
[0;32mI (37074) forensics: [CALLBACK_HIST] fixture=17 class=true_steady lower_us=1330 n=1[0m
[0;32mI (37084) forensics: [CALLBACK_HIST] fixture=17 class=true_steady lower_us=1335 n=1[0m
[0;32mI (37084) forensics: [CALLBACK_HIST] fixture=17 class=true_steady lower_us=1340 n=1[0m
[0;32mI (37094) forensics: [CALLBACK_HIST] fixture=17 class=true_steady lower_us=1350 n=1[0m
[0;32mI (37104) forensics: [CALLBACK_HIST] fixture=17 class=true_steady lower_us=1360 n=1[0m
[0;32mI (37114) forensics: [CALLBACK_HIST] fixture=17 class=true_steady lower_us=1380 n=2[0m
[0;32mI (37124) forensics: [CALLBACK_HIST] fixture=17 class=true_steady lower_us=1385 n=3[0m
[0;32mI (37134) forensics: [CALLBACK_HIST] fixture=17 class=true_steady lower_us=1390 n=1[0m
[0;32mI (37134) forensics: [CALLBACK_HIST] fixture=17 class=true_steady lower_us=1395 n=1[0m
[0;32mI (37144) forensics: [CALLBACK_HIST] fixture=17 class=true_steady lower_us=1400 n=1[0m
[0;32mI (37154) forensics: [CALLBACK_HIST] fixture=17 class=true_steady lower_us=1405 n=2[0m
[0;32mI (37164) forensics: [CALLBACK_HIST] fixture=17 class=true_steady lower_us=1410 n=1[0m
[0;32mI (37174) forensics: [CALLBACK_HIST] fixture=17 class=true_steady lower_us=1415 n=4[0m
[0;32mI (37184) forensics: [CALLBACK_HIST] fixture=17 class=true_steady lower_us=1420 n=4[0m
[0;32mI (37184) forensics: [CALLBACK_HIST] fixture=17 class=true_steady lower_us=1425 n=3[0m
[0;32mI (37194) forensics: [CALLBACK_HIST] fixture=17 class=true_steady lower_us=1430 n=1[0m
[0;32mI (37204) forensics: [CALLBACK_HIST] fixture=17 class=true_steady lower_us=1435 n=1[0m
[0;32mI (37214) forensics: [CALLBACK_HIST] fixture=17 class=true_steady lower_us=1440 n=1[0m
[0;32mI (37224) forensics: [CALLBACK_HIST] fixture=17 class=true_steady lower_us=1475 n=1[0m
[0;32mI (37234) forensics: [CALLBACK_HIST] fixture=17 class=true_steady lower_us=1490 n=1[0m
[0;32mI (37234) forensics: [CALLBACK_HIST] fixture=17 class=true_steady lower_us=1500 n=2[0m
[0;32mI (37244) forensics: [CALLBACK_HIST] fixture=17 class=true_steady lower_us=1505 n=1[0m
[0;32mI (37254) forensics: [CALLBACK_HIST] fixture=17 class=true_steady lower_us=1515 n=1[0m
[0;32mI (37264) forensics: [CALLBACK_HIST] fixture=17 class=true_steady lower_us=1525 n=1[0m
[0;32mI (37274) forensics: [CALLBACK_HIST] fixture=17 class=true_steady lower_us=1535 n=1[0m
[0;32mI (37284) forensics: [CALLBACK_HIST] fixture=17 class=true_steady lower_us=1540 n=1[0m
[0;32mI (37284) forensics: [CALLBACK_HIST] fixture=17 class=true_steady lower_us=1545 n=2[0m
[0;32mI (37294) forensics: [CALLBACK_HIST] fixture=17 class=true_steady lower_us=1560 n=1[0m
[0;32mI (37304) forensics: [CALLBACK_HIST] fixture=17 class=true_steady lower_us=1635 n=1[0m
[0;32mI (37314) forensics: [CURVE] model=UDU fixture=17 voices=8 class=attack_tail n=308 avg_us=1370.64 p95_us=1630 p99_us=1815 p995_us=1840 p999_us=1880 max_us=1875 deadline=0 bad_voices=0 ble_lost=0 hard=0 sat=0 bin_us=5 max_observed_voices=8[0m
[0;32mI (37334) forensics: [HIST] fixture=17 class=attack_tail lower_us=1255 n=89[0m
[0;32mI (37344) forensics: [HIST] fixture=17 class=attack_tail lower_us=1260 n=52[0m
[0;32mI (37354) forensics: [HIST] fixture=17 class=attack_tail lower_us=1265 n=26[0m
[0;32mI (37354) forensics: [HIST] fixture=17 class=attack_tail lower_us=1270 n=12[0m
[0;32mI (37364) forensics: [HIST] fixture=17 class=attack_tail lower_us=1275 n=9[0m
[0;32mI (37374) forensics: [HIST] fixture=17 class=attack_tail lower_us=1280 n=5[0m
[0;32mI (37384) forensics: [HIST] fixture=17 class=attack_tail lower_us=1285 n=2[0m
[0;32mI (37384) forensics: [HIST] fixture=17 class=attack_tail lower_us=1290 n=7[0m
[0;32mI (37394) forensics: [HIST] fixture=17 class=attack_tail lower_us=1295 n=1[0m
[0;32mI (37404) forensics: [HIST] fixture=17 class=attack_tail lower_us=1300 n=1[0m
[0;32mI (37414) forensics: [HIST] fixture=17 class=attack_tail lower_us=1310 n=1[0m
[0;32mI (37414) forensics: [HIST] fixture=17 class=attack_tail lower_us=1320 n=1[0m
[0;32mI (37424) forensics: [HIST] fixture=17 class=attack_tail lower_us=1365 n=1[0m
[0;32mI (37434) forensics: [HIST] fixture=17 class=attack_tail lower_us=1390 n=1[0m
[0;32mI (37444) forensics: [HIST] fixture=17 class=attack_tail lower_us=1440 n=1[0m
[0;32mI (37444) forensics: [HIST] fixture=17 class=attack_tail lower_us=1470 n=1[0m
[0;32mI (37454) forensics: [HIST] fixture=17 class=attack_tail lower_us=1485 n=1[0m
[0;32mI (37464) forensics: [HIST] fixture=17 class=attack_tail lower_us=1490 n=1[0m
[0;32mI (37474) forensics: [HIST] fixture=17 class=attack_tail lower_us=1495 n=1[0m
[0;32mI (37474) forensics: [HIST] fixture=17 class=attack_tail lower_us=1505 n=1[0m
[0;32mI (37484) forensics: [HIST] fixture=17 class=attack_tail lower_us=1535 n=3[0m
[0;32mI (37494) forensics: [HIST] fixture=17 class=attack_tail lower_us=1545 n=2[0m
[0;32mI (37504) forensics: [HIST] fixture=17 class=attack_tail lower_us=1550 n=5[0m
[0;32mI (37514) forensics: [HIST] fixture=17 class=attack_tail lower_us=1555 n=19[0m
[0;32mI (37514) forensics: [HIST] fixture=17 class=attack_tail lower_us=1560 n=8[0m
[0;32mI (37524) forensics: [HIST] fixture=17 class=attack_tail lower_us=1565 n=6[0m
[0;32mI (37534) forensics: [HIST] fixture=17 class=attack_tail lower_us=1570 n=9[0m
[0;32mI (37544) forensics: [HIST] fixture=17 class=attack_tail lower_us=1575 n=7[0m
[0;32mI (37544) forensics: [HIST] fixture=17 class=attack_tail lower_us=1580 n=2[0m
[0;32mI (37554) forensics: [HIST] fixture=17 class=attack_tail lower_us=1585 n=4[0m
[0;32mI (37564) forensics: [HIST] fixture=17 class=attack_tail lower_us=1590 n=5[0m
[0;32mI (37574) forensics: [HIST] fixture=17 class=attack_tail lower_us=1595 n=4[0m
[0;32mI (37574) forensics: [HIST] fixture=17 class=attack_tail lower_us=1605 n=2[0m
[0;32mI (37584) forensics: [HIST] fixture=17 class=attack_tail lower_us=1610 n=1[0m
[0;32mI (37594) forensics: [HIST] fixture=17 class=attack_tail lower_us=1615 n=1[0m
[0;32mI (37604) forensics: [HIST] fixture=17 class=attack_tail lower_us=1625 n=1[0m
[0;32mI (37604) forensics: [HIST] fixture=17 class=attack_tail lower_us=1640 n=1[0m
[0;32mI (37614) forensics: [HIST] fixture=17 class=attack_tail lower_us=1655 n=1[0m
[0;32mI (37624) forensics: [HIST] fixture=17 class=attack_tail lower_us=1670 n=1[0m
[0;32mI (37634) forensics: [HIST] fixture=17 class=attack_tail lower_us=1685 n=1[0m
[0;32mI (37634) forensics: [HIST] fixture=17 class=attack_tail lower_us=1705 n=1[0m
[0;32mI (37644) forensics: [HIST] fixture=17 class=attack_tail lower_us=1710 n=1[0m
[0;32mI (37654) forensics: [HIST] fixture=17 class=attack_tail lower_us=1715 n=1[0m
[0;32mI (37664) forensics: [HIST] fixture=17 class=attack_tail lower_us=1720 n=1[0m
[0;32mI (37664) forensics: [HIST] fixture=17 class=attack_tail lower_us=1750 n=1[0m
[0;32mI (37674) forensics: [HIST] fixture=17 class=attack_tail lower_us=1795 n=1[0m
[0;32mI (37684) forensics: [HIST] fixture=17 class=attack_tail lower_us=1805 n=1[0m
[0;32mI (37694) forensics: [HIST] fixture=17 class=attack_tail lower_us=1810 n=1[0m
[0;32mI (37694) forensics: [HIST] fixture=17 class=attack_tail lower_us=1830 n=1[0m
[0;32mI (37704) forensics: [HIST] fixture=17 class=attack_tail lower_us=1835 n=1[0m
[0;32mI (37714) forensics: [HIST] fixture=17 class=attack_tail lower_us=1875 n=1[0m
[0;32mI (37724) forensics: [CALLBACK_CURVE] model=UDU fixture=17 voices=8 class=attack_tail n=308 avg_us=1399.22 p95_us=1735 p99_us=1910 p995_us=1955 p999_us=1975 max_us=1974 deadline=0 overhead_avg_us=28.58[0m
[0;32mI (37744) forensics: [CALLBACK_HIST] fixture=17 class=attack_tail lower_us=1260 n=61[0m
[0;32mI (37744) forensics: [CALLBACK_HIST] fixture=17 class=attack_tail lower_us=1265 n=20[0m
[0;32mI (37754) forensics: [CALLBACK_HIST] fixture=17 class=attack_tail lower_us=1270 n=40[0m
[0;32mI (37764) forensics: [CALLBACK_HIST] fixture=17 class=attack_tail lower_us=1275 n=22[0m
[0;32mI (37774) forensics: [CALLBACK_HIST] fixture=17 class=attack_tail lower_us=1280 n=13[0m
[0;32mI (37784) forensics: [CALLBACK_HIST] fixture=17 class=attack_tail lower_us=1285 n=10[0m
[0;32mI (37794) forensics: [CALLBACK_HIST] fixture=17 class=attack_tail lower_us=1290 n=6[0m
[0;32mI (37794) forensics: [CALLBACK_HIST] fixture=17 class=attack_tail lower_us=1295 n=4[0m
[0;32mI (37804) forensics: [CALLBACK_HIST] fixture=17 class=attack_tail lower_us=1300 n=2[0m
[0;32mI (37814) forensics: [CALLBACK_HIST] fixture=17 class=attack_tail lower_us=1310 n=3[0m
[0;32mI (37824) forensics: [CALLBACK_HIST] fixture=17 class=attack_tail lower_us=1315 n=3[0m
[0;32mI (37834) forensics: [CALLBACK_HIST] fixture=17 class=attack_tail lower_us=1330 n=1[0m
[0;32mI (37844) forensics: [CALLBACK_HIST] fixture=17 class=attack_tail lower_us=1335 n=4[0m
[0;32mI (37844) forensics: [CALLBACK_HIST] fixture=17 class=attack_tail lower_us=1340 n=5[0m
[0;32mI (37854) forensics: [CALLBACK_HIST] fixture=17 class=attack_tail lower_us=1345 n=4[0m
[0;32mI (37864) forensics: [CALLBACK_HIST] fixture=17 class=attack_tail lower_us=1350 n=3[0m
[0;32mI (37874) forensics: [CALLBACK_HIST] fixture=17 class=attack_tail lower_us=1355 n=1[0m
[0;32mI (37884) forensics: [CALLBACK_HIST] fixture=17 class=attack_tail lower_us=1380 n=1[0m
[0;32mI (37894) forensics: [CALLBACK_HIST] fixture=17 class=attack_tail lower_us=1425 n=2[0m
[0;32mI (37894) forensics: [CALLBACK_HIST] fixture=17 class=attack_tail lower_us=1435 n=2[0m
[0;32mI (37904) forensics: [CALLBACK_HIST] fixture=17 class=attack_tail lower_us=1475 n=1[0m
[0;32mI (37914) forensics: [CALLBACK_HIST] fixture=17 class=attack_tail lower_us=1535 n=1[0m
[0;32mI (37924) forensics: [CALLBACK_HIST] fixture=17 class=attack_tail lower_us=1545 n=1[0m
[0;32mI (37934) forensics: [CALLBACK_HIST] fixture=17 class=attack_tail lower_us=1555 n=1[0m
[0;32mI (37944) forensics: [CALLBACK_HIST] fixture=17 class=attack_tail lower_us=1560 n=11[0m
[0;32mI (37944) forensics: [CALLBACK_HIST] fixture=17 class=attack_tail lower_us=1565 n=7[0m
[0;32mI (37954) forensics: [CALLBACK_HIST] fixture=17 class=attack_tail lower_us=1570 n=5[0m
[0;32mI (37964) forensics: [CALLBACK_HIST] fixture=17 class=attack_tail lower_us=1575 n=4[0m
[0;32mI (37974) forensics: [CALLBACK_HIST] fixture=17 class=attack_tail lower_us=1580 n=3[0m
[0;32mI (37984) forensics: [CALLBACK_HIST] fixture=17 class=attack_tail lower_us=1585 n=8[0m
[0;32mI (37994) forensics: [CALLBACK_HIST] fixture=17 class=attack_tail lower_us=1590 n=4[0m
[0;32mI (37994) forensics: [CALLBACK_HIST] fixture=17 class=attack_tail lower_us=1595 n=3[0m
[0;32mI (38004) forensics: [CALLBACK_HIST] fixture=17 class=attack_tail lower_us=1600 n=4[0m
[0;32mI (38014) forensics: [CALLBACK_HIST] fixture=17 class=attack_tail lower_us=1605 n=3[0m
[0;32mI (38024) forensics: [CALLBACK_HIST] fixture=17 class=attack_tail lower_us=1610 n=1[0m
[0;32mI (38034) forensics: [CALLBACK_HIST] fixture=17 class=attack_tail lower_us=1615 n=6[0m
[0;32mI (38044) forensics: [CALLBACK_HIST] fixture=17 class=attack_tail lower_us=1620 n=8[0m
[0;32mI (38044) forensics: [CALLBACK_HIST] fixture=17 class=attack_tail lower_us=1625 n=3[0m
[0;32mI (38054) forensics: [CALLBACK_HIST] fixture=17 class=attack_tail lower_us=1630 n=1[0m
[0;32mI (38064) forensics: [CALLBACK_HIST] fixture=17 class=attack_tail lower_us=1635 n=1[0m
[0;32mI (38074) forensics: [CALLBACK_HIST] fixture=17 class=attack_tail lower_us=1650 n=1[0m
[0;32mI (38084) forensics: [CALLBACK_HIST] fixture=17 class=attack_tail lower_us=1655 n=2[0m
[0;32mI (38094) forensics: [CALLBACK_HIST] fixture=17 class=attack_tail lower_us=1665 n=1[0m
[0;32mI (38094) forensics: [CALLBACK_HIST] fixture=17 class=attack_tail lower_us=1670 n=1[0m
[0;32mI (38104) forensics: [CALLBACK_HIST] fixture=17 class=attack_tail lower_us=1685 n=1[0m
[0;32mI (38114) forensics: [CALLBACK_HIST] fixture=17 class=attack_tail lower_us=1690 n=1[0m
[0;32mI (38124) forensics: [CALLBACK_HIST] fixture=17 class=attack_tail lower_us=1710 n=2[0m
[0;32mI (38134) forensics: [CALLBACK_HIST] fixture=17 class=attack_tail lower_us=1730 n=1[0m
[0;32mI (38144) forensics: [CALLBACK_HIST] fixture=17 class=attack_tail lower_us=1745 n=2[0m
[0;32mI (38144) forensics: [CALLBACK_HIST] fixture=17 class=attack_tail lower_us=1760 n=1[0m
[0;32mI (38154) forensics: [CALLBACK_HIST] fixture=17 class=attack_tail lower_us=1775 n=1[0m
[0;32mI (38164) forensics: [CALLBACK_HIST] fixture=17 class=attack_tail lower_us=1825 n=1[0m
[0;32mI (38174) forensics: [CALLBACK_HIST] fixture=17 class=attack_tail lower_us=1835 n=1[0m
[0;32mI (38184) forensics: [CALLBACK_HIST] fixture=17 class=attack_tail lower_us=1840 n=1[0m
[0;32mI (38194) forensics: [CALLBACK_HIST] fixture=17 class=attack_tail lower_us=1850 n=1[0m
[0;32mI (38194) forensics: [CALLBACK_HIST] fixture=17 class=attack_tail lower_us=1865 n=1[0m
[0;32mI (38204) forensics: [CALLBACK_HIST] fixture=17 class=attack_tail lower_us=1885 n=1[0m
[0;32mI (38214) forensics: [CALLBACK_HIST] fixture=17 class=attack_tail lower_us=1895 n=1[0m
[0;32mI (38224) forensics: [CALLBACK_HIST] fixture=17 class=attack_tail lower_us=1905 n=1[0m
[0;32mI (38234) forensics: [CALLBACK_HIST] fixture=17 class=attack_tail lower_us=1915 n=1[0m
[0;32mI (38244) forensics: [CALLBACK_HIST] fixture=17 class=attack_tail lower_us=1950 n=1[0m
[0;32mI (38244) forensics: [CALLBACK_HIST] fixture=17 class=attack_tail lower_us=1970 n=1[0m
[0;32mI (38254) forensics: [CURVE] model=UDU fixture=17 voices=8 class=event n=22 avg_us=1570.86 p95_us=1800 p99_us=1985 p995_us=1985 p999_us=1985 max_us=1980 deadline=0 bad_voices=0 ble_lost=0 hard=0 sat=0 bin_us=5 max_observed_voices=8[0m
[0;32mI (38274) forensics: [HIST] fixture=17 class=event lower_us=1430 n=2[0m
[0;32mI (38284) forensics: [HIST] fixture=17 class=event lower_us=1435 n=2[0m
[0;32mI (38294) forensics: [HIST] fixture=17 class=event lower_us=1440 n=4[0m
[0;32mI (38294) forensics: [HIST] fixture=17 class=event lower_us=1445 n=3[0m
[0;32mI (38304) forensics: [HIST] fixture=17 class=event lower_us=1450 n=1[0m
[0;32mI (38314) forensics: [HIST] fixture=17 class=event lower_us=1455 n=1[0m
[0;32mI (38324) forensics: [HIST] fixture=17 class=event lower_us=1505 n=1[0m
[0;32mI (38324) forensics: [HIST] fixture=17 class=event lower_us=1710 n=1[0m
[0;32mI (38334) forensics: [HIST] fixture=17 class=event lower_us=1740 n=1[0m
[0;32mI (38344) forensics: [HIST] fixture=17 class=event lower_us=1745 n=1[0m
[0;32mI (38344) forensics: [HIST] fixture=17 class=event lower_us=1765 n=1[0m
[0;32mI (38354) forensics: [HIST] fixture=17 class=event lower_us=1775 n=1[0m
[0;32mI (38364) forensics: [HIST] fixture=17 class=event lower_us=1780 n=1[0m
[0;32mI (38364) forensics: [HIST] fixture=17 class=event lower_us=1795 n=1[0m
[0;32mI (38374) forensics: [HIST] fixture=17 class=event lower_us=1980 n=1[0m
[0;32mI (38384) forensics: [CALLBACK_CURVE] model=UDU fixture=17 voices=8 class=event n=22 avg_us=1709.05 p95_us=2095 p99_us=2135 p995_us=2135 p999_us=2135 max_us=2130 deadline=0 overhead_avg_us=138.18[0m
[0;32mI (38404) forensics: [CALLBACK_HIST] fixture=17 class=event lower_us=1515 n=1[0m
[0;32mI (38404) forensics: [CALLBACK_HIST] fixture=17 class=event lower_us=1525 n=3[0m
[0;32mI (38414) forensics: [CALLBACK_HIST] fixture=17 class=event lower_us=1530 n=3[0m
[0;32mI (38424) forensics: [CALLBACK_HIST] fixture=17 class=event lower_us=1540 n=1[0m
[0;32mI (38434) forensics: [CALLBACK_HIST] fixture=17 class=event lower_us=1560 n=1[0m
[0;32mI (38444) forensics: [CALLBACK_HIST] fixture=17 class=event lower_us=1580 n=1[0m
[0;32mI (38444) forensics: [CALLBACK_HIST] fixture=17 class=event lower_us=1585 n=1[0m
[0;32mI (38454) forensics: [CALLBACK_HIST] fixture=17 class=event lower_us=1590 n=1[0m
[0;32mI (38464) forensics: [CALLBACK_HIST] fixture=17 class=event lower_us=1600 n=1[0m
[0;32mI (38474) forensics: [CALLBACK_HIST] fixture=17 class=event lower_us=1615 n=1[0m
[0;32mI (38484) forensics: [CALLBACK_HIST] fixture=17 class=event lower_us=1825 n=1[0m
[0;32mI (38484) forensics: [CALLBACK_HIST] fixture=17 class=event lower_us=1875 n=1[0m
[0;32mI (38494) forensics: [CALLBACK_HIST] fixture=17 class=event lower_us=1895 n=1[0m
[0;32mI (38504) forensics: [CALLBACK_HIST] fixture=17 class=event lower_us=1940 n=1[0m
[0;32mI (38514) forensics: [CALLBACK_HIST] fixture=17 class=event lower_us=1990 n=1[0m
[0;32mI (38514) forensics: [CALLBACK_HIST] fixture=17 class=event lower_us=2070 n=1[0m
[0;32mI (38524) forensics: [CALLBACK_HIST] fixture=17 class=event lower_us=2090 n=1[0m
[0;32mI (38534) forensics: [CALLBACK_HIST] fixture=17 class=event lower_us=2130 n=1[0m
[0;32mI (38544) forensics: [CURVE] model=UDU fixture=17 voices=8 class=fixture_transition n=1 avg_us=435.79 p95_us=440 p99_us=440 p995_us=440 p999_us=440 max_us=436 deadline=0 bad_voices=0 ble_lost=0 hard=0 sat=0 bin_us=5 max_observed_voices=8[0m
[0;32mI (38564) forensics: [HIST] fixture=17 class=fixture_transition lower_us=435 n=1[0m
[0;32mI (38574) forensics: [CALLBACK_CURVE] model=UDU fixture=17 voices=8 class=fixture_transition n=1 avg_us=468.00 p95_us=470 p99_us=470 p995_us=470 p999_us=470 max_us=468 deadline=0 overhead_avg_us=32.21[0m
[0;32mI (38594) forensics: [CALLBACK_HIST] fixture=17 class=fixture_transition lower_us=465 n=1[0m
[0;32mI (38594) forensics: [FASTPATH] fixture=17 stable8=0 attack=0[0m
[0;32mI (38604) forensics: [OVERHEAD] fixture=17 blocks=4096 model_reset_avg_us=1.79 model_reset_max_us=23 queue_avg_us=3.01 queue_max_us=35 render_avg_us=1099.34 telem_avg_us=5.74 telem_max_us=173 telem_publishes=512[0m
[0;32mI (38654) pocket_pan_main: [AUDIO] model=PAN blocks=14149 avg_us=11 p99_us=1525 max_us=2130 cpu_load=0.4 deadline=0 timeout=0 tx_error=0 short=0[0m
[0;32mI (38654) pocket_pan_main: [MIDI] push=1 pop=1 drop=0 hwm=1 last=(n=50 v=75 t=78 hex=90324B)[0m
[0;32mI (38664) pocket_pan_main: [BLE] state=8 interval_ms=11.25 latency=0 rssi=-57 reconnects=0 last_disconnect=0[0m
[0;32mI (38674) pocket_pan_main: [MEM] internal_free=61707 largest_internal=31744[0m
[0;32mI (38684) pocket_pan_main: [UIREDRAW] urgent=87 telemetry=110 skip=782[0m
[0;32mI (43664) pocket_pan_main: [AUDIO] model=PAN blocks=16029 avg_us=10 p99_us=25 max_us=2130 cpu_load=0.4 deadline=0 timeout=0 tx_error=0 short=0[0m
[0;32mI (43664) pocket_pan_main: [MIDI] push=1 pop=1 drop=0 hwm=1 last=(n=50 v=75 t=78 hex=90324B)[0m
[0;32mI (43674) pocket_pan_main: [BLE] state=8 interval_ms=11.25 latency=0 rssi=-58 reconnects=0 last_disconnect=0[0m
[0;32mI (43684) pocket_pan_main: [MEM] internal_free=61707 largest_internal=31744[0m
[0;32mI (43694) pocket_pan_main: [UIREDRAW] urgent=87 telemetry=124 skip=934[0m
