[0;32mI (124) esp_image: segment 1: paddr=0003103c vaddr=3fca17ESP-ROM:esp32s3-20210327
Build:Mar 27 2021
rst:0x15 (USB_UART_CHIP_RESET),boot:0x8 (SPI_FAST_FLASH_BOOT)
Saved PC:0x4200a2e3
SPIWP:0xee
mode:DIO, clock div:1
load:0x3fce2810,len:0x178c
load:0x403c8700,len:0x4
load:0x403c8704,len:0xcb8
load:0x403cb700,len:0x2db0
entry 0x403c8914
[0;32mI (26) boot: ESP-IDF v5.3-dirty 2nd stage bootloader[0m
[0;32mI (27) boot: compile time Oct  1 2026 19:28:03[0m
[0;32mI (27) boot: Multicore bootloader[0m
[0;32mI (30) boot: chip revision: v0.2[0m
[0;32mI (34) boot.esp32s3: Boot SPI Speed : 80MHz[0m
[0;32mI (39) boot.esp32s3: SPI Mode       : DIO[0m
[0;32mI (43) boot.esp32s3: SPI Flash Size : 4MB[0m
[0;32mI (48) boot: Enabling RNG early entropy source...[0m
[0;32mI (54) boot: Partition Table:[0m
[0;32mI (57) boot: ## Label            Usage          Type ST Offset   Length[0m
[0;32mI (64) boot:  0 nvs              WiFi data        01 02 00009000 00006000[0m
[0;32mI (72) boot:  1 phy_init         RF data          01 01 0000f000 00001000[0m
[0;32mI (79) boot:  2 factory          factory app      00 00 00010000 00100000[0m
[0;32mI (87) boot: End of partition table[0m
[0;32mI (91) esp_image: segment 0: paddr=00010020 vaddr=3c070020 size=21014h (135188) map[0m
[0;32mI (124) esp_image: segment 1: paddr=0003103c vaddr=3fca1700 size=04500h ( 17664) load[0m
[0;32mI (128) esp_image: segment 2: paddr=00035544 vaddr=40374000 size=0aad4h ( 43732) load[0m
[0;32mI (139) esp_image: segment 3: paddr=00040020 vaddr=42000020 size=6779ch (423836) map[0m
[0;32mI (216) esp_image: segment 4: paddr=000a77c4 vaddr=4037ead4 size=12b98h ( 76696) load[0m
[0;32mI (244) boot: Loaded app from partition at offset 0x10000[0m
[0;32mI (245) boot: Disabling RNG early entropy source...[0m
[0;32mI (257) esp_psram: Found 2MB PSRAM device[0m
[0;32mI (257) esp_psram: Speed: 40MHz[0m
[0;32mI (257) cpu_start: Multicore app[0m
[0;32mI (677) esp_psram: SPI SRAM memory test OK[0m
[0;32mI (686) cpu_start: Pro cpu start user code[0m
[0;32mI (686) cpu_start: cpu freq: 240000000 Hz[0m
[0;32mI (686) app_init: Application information:[0m
[0;32mI (689) app_init: Project name:     pocket_pan[0m
[0;32mI (694) app_init: App version:      f7f89e4-dirty[0m
[0;32mI (699) app_init: Compile time:     Oct  2 2026 14:18:32[0m
[0;32mI (705) app_init: ELF file SHA256:  ad6c3dfbf...[0m
[0;32mI (711) app_init: ESP-IDF:          v5.3-dirty[0m
[0;32mI (716) efuse_init: Min chip rev:     v0.0[0m
[0;32mI (721) efuse_init: Max chip rev:     v0.99 [0m
[0;32mI (726) efuse_init: Chip rev:         v0.2[0m
[0;32mI (730) heap_init: Initializing. RAM available for dynamic allocation:[0m
[0;32mI (738) heap_init: At 3FCD1BA8 len 00017B68 (94 KiB): RAM[0m
[0;32mI (744) heap_init: At 3FCE9710 len 00005724 (21 KiB): RAM[0m
[0;32mI (750) heap_init: At 3FCF0000 len 00008000 (32 KiB): DRAM[0m
[0;32mI (756) heap_init: At 600FE100 len 00001EE8 (7 KiB): RTCRAM[0m
[0;32mI (762) esp_psram: Adding pool of 2048K of PSRAM memory to heap allocator[0m
[0;32mI (770) spi_flash: detected chip: generic[0m
[0;32mI (774) spi_flash: flash io: dio[0m
[0;32mI (779) sleep: Configure to isolate all GPIO pins in sleep state[0m
[0;32mI (785) sleep: Enable automatic switching of GPIO sleep configuration[0m
[0;32mI (792) coexist: coex firmware version: dab85ae96[0m
[0;32mI (798) coexist: coexist rom version e7ae62f[0m
[0;32mI (803) main_task: Started on CPU0[0m
[0;32mI (813) esp_psram: Reserving pool of 32K of internal memory for DMA/internal allocations[0m
[0;32mI (813) main_task: Calling app_main()[0m
[0;32mI (823) pocket_pan_main: [MEM_STAGE] stage=entry internal_free=133651 largest_internal=38912 psram_free=2094528[0m
[0;32mI (833) pocket_pan_main: ===============================================[0m
[0;32mI (833) pocket_pan_main:   Pocket Pan / Metal Modal Synthesizer v1.0.0[0m
[0;32mI (843) pocket_pan_main:   Hardware: TENSTAR TS-ESP32-S3 (Feather TFT)[0m
[0;32mI (853) pocket_pan_main: ===============================================[0m
[0;32mI (863) pocket_pan_main: [FORENSICS] candidate=25 profile=1 cpu_mhz=240 optimization_perf=1 process6=1 fine_bins=5 critical_only=0[0m
[0;32mI (893) pocket_pan_main: [MEM_STAGE] stage=dsp_ready internal_free=133651 largest_internal=38912 psram_free=2094528[0m
[0;32mI (893) gpio: GPIO[10]| InputEn: 0| OutputEn: 1| OpenDrain: 0| Pullup: 0| Pulldown: 1| Intr:0 [0m
[0;32mI (903) AudioI2S: I2S TX initialized (48kHz, 32-bit slot, stereo, 6x128 frames DMA = 1024 bytes/buf)[0m
[0;32mI (923) AudioI2S: Audio task started on Core 0 at priority 12[0m
[0;32mI (923) pocket_pan_main: [MEM_STAGE] stage=i2s_ready internal_free=118919 largest_internal=31744 psram_free=2094528[0m
[0;32mI (933) Display: [DISP_MEM_PRE] before: int_free=118919 int_largest=31744 psram_free=2094528[0m
[0;33mW (943) Display: Internal SRAM (64800 B) exhausted; falling back to PSRAM[0m
[0;32mI (953) Display: [DISP_MEM] framebuffer=0x3c0a0a44 (size=64800, align=4, internal=0, dma=0, psram=1)[0m
[0;32mI (963) Display: [DISP_MEM] scratch=0x3fce327c (size=9600, align=12, internal=1, dma=1)[0m
[0;32mI (973) Display: [DISP_MEM] before: int_free=118919 int_largest=31744 psram_free=2094528[0m
[0;32mI (973) Display: [DISP_MEM] after:  int_free=109315 int_largest=31744 psram_free=2029724[0m
[0;32mI (983) gpio: GPIO[39]| InputEn: 0| OutputEn: 1| OpenDrain: 0| Pullup: 0| Pulldown: 0| Intr:0 [0m
[0;32mI (993) gpio: GPIO[40]| InputEn: 0| OutputEn: 1| OpenDrain: 0| Pullup: 0| Pulldown: 0| Intr:0 [0m
[0;32mI (1003) gpio: GPIO[21]| InputEn: 0| OutputEn: 1| OpenDrain: 0| Pullup: 0| Pulldown: 0| Intr:0 [0m
[0;32mI (1233) gpio: GPIO[45]| InputEn: 0| OutputEn: 1| OpenDrain: 0| Pullup: 0| Pulldown: 0| Intr:0 [0m
[0;31mE (1233) lcd_panel.io.spi: panel_io_spi_tx_color(390): spi transmit (queue) color failed[0m
[0;31mE (1233) lcd_panel.st7789: panel_st7789_draw_bitmap(223): io tx color failed[0m
[0;32mI (1243) Display: ST7789 240x135 display initialized successfully (SPI 40MHz, GDMA callback armed)[0m
[0;32mI (1253) pocket_pan_main: [CANARY] PreparedNote canaries OK=1[0m
[0;32mI (1263) pocket_pan_main: [MEM_STAGE] stage=display_ready internal_free=106951 largest_internal=31744 psram_free=2029724[0m
[0;32mI (1273) BLE_INIT: BT controller compile version [ba3b3e3][0m
[0;32mI (1283) BLE_INIT: Bluetooth MAC: b4:3a:45:ae:6f:2a[0m
[0;32mI (1283) phy_init: phy_version 680,a6008b2,Jun  4 2024,16:41:10[0m
[0;33mW (1323) phy_init: saving new calibration data because of checksum failure, mode(0)[0m
[0;32mI (1393) BleMidi: NimBLE BLE MIDI Central initialized and pinned to Core 1[0m
[0;32mI (1393) BleMidi: NimBLE Host task running on Core 1[0m
[0;32mI (1393) pocket_pan_main: [MEM_STAGE] stage=ble_ready internal_free=46647 largest_internal=31744 psram_free=2029724[0m
[0;32mI (1393) NimBLE: Failed to restore IRKs from store; status=8
[0m
[0;32mI (1403) pocket_pan_main: [M75_MEMORY] table_bytes=9640 cache_bytes=60552 synth_bytes=81668 internal_free=46611 largest_internal=31744[0m
[0;32mI (1413) NimBLE: GAP procedure initiated: discovery; [0m
[0;32mI (1423) pocket_pan_main: [UDU_CACHE] compact_bytes=5928 modal_models=9[0m
[0;32mI (1423) NimBLE: own_addr_type=0 filter_policy=0 passive=0 limited=0 filter_duplicates=1 [0m
[0;32mI (1433) pocket_pan_main: [CACHE_LAYOUT] packed=1 storage_bytes=60552 note_scratch_bytes=132[0m
[0;32mI (1443) NimBLE: duration=forever[0m
[0;32mI (1453) pocket_pan_main: [UDU_STATE] voice_bytes=124 fixed_reference=0[0m
[0;32mI (1453) NimBLE: 
[0m
[0;32mI (1463) pocket_pan_main: [MEM_STAGE] stage=ui_ready internal_free=42167 largest_internal=31744 psram_free=2029724[0m
[0;32mI (1463) BleMidi: Scanning for BLE MIDI devices...[0m
[0;32mI (1463) gpio: GPIO[0]| InputEn: 1| OutputEn: 0| OpenDrain: 0| Pullup: 1| Pulldown: 0| Intr:0 [0m
[0;32mI (1473) pocket_pan_main: Pocket Pan initialization complete. Realtime audio active.[0m
[0;32mI (1503) main_task: Returned from app_main()[0m
[0;31mE (1503) lcd_panel.io.spi: panel_io_spi_tx_color(390): spi transmit (queue) color failed[0m
[0;31mE (1513) lcd_panel.st7789: panel_st7789_draw_bitmap(223): io tx color failed[0m
[0;31mE (1523) lcd_panel.io.spi: panel_io_spi_tx_color(390): spi transmit (queue) color failed[0m
[0;31mE (1533) lcd_panel.st7789: panel_st7789_draw_bitmap(223): io tx color failed[0m
[0;32mI (1653) BleMidi: BLE MIDI device found (59:FB:B6:B7:BF:0F); connecting[0m
[0;32mI (1653) NimBLE: GAP procedure initiated: connect; [0m
[0;32mI (1653) NimBLE: peer_addr_type=0 peer_addr=[0m
[0;32mI (1653) NimBLE: 59:fb:b6:b7:bf:0f[0m
[0;32mI (1663) NimBLE:  scan_itvl=16 scan_window=16 itvl_min=24 itvl_max=40 latency=0 supervision_timeout=256 min_ce_len=0 max_ce_len=0 own_addr_type=0[0m
[0;32mI (1673) NimBLE: 
[0m
[0;31mE (1683) lcd_panel.io.spi: panel_io_spi_tx_color(390): spi transmit (queue) color failed[0m
[0;31mE (1683) lcd_panel.st7789: panel_st7789_draw_bitmap(223): io tx color failed[0m
[0;32mI (1753) BleMidi: BLE Connected! conn_handle=1[0m
[0;32mI (1753) NimBLE: GAP procedure initiated: [0m
[0;32mI (1753) NimBLE: connection parameter update; conn_handle=1 itvl_min=6 itvl_max=12 latency=0 supervision_timeout=200 min_ce_len=0 max_ce_len=0[0m
[0;32mI (1773) NimBLE: 
[0m
[0;32mI (1773) BleMidi: Requested connection params 7.5-15ms latency=0 timeout=2s rc=0[0m
[0;32mI (1783) NimBLE: GATT procedure initiated: discover all services
[0m
[0;32mI (2083) BleMidi: Found BLE MIDI Service! start_handle=112 end_handle=115[0m
[0;32mI (2083) NimBLE: GATT procedure initiated: discover all characteristics; [0m
[0;32mI (2083) NimBLE: start_handle=112 end_handle=115
[0m
[0;32mI (2183) BleMidi: Found BLE MIDI Characteristic! def_handle=113 val_handle=114 props=0x16[0m
[0;32mI (2183) NimBLE: GATT procedure initiated: discover all descriptors; [0m
[0;32mI (2183) NimBLE: chr_val_handle=114 end_handle=115
[0m
[0;32mI (2273) BleMidi: Discovered CCCD (0x2902) handle=115[0m
[0;32mI (2283) NimBLE: GATT procedure initiated: write; [0m
[0;32mI (2283) NimBLE: att_handle=115 len=2
[0m
[0;32mI (2333) BleMidi: Negotiated params interval=7.50ms latency=0 timeout=2000ms[0m
[0;32mI (2353) BleMidi: CCCD subscription successful; BLE MIDI ready[0m
[0;32mI (2353) NimBLE: GAP procedure initiated: [0m
[0;32mI (2353) NimBLE: connection parameter update; conn_handle=1 itvl_min=6 itvl_max=9 latency=0 supervision_timeout=100 min_ce_len=0 max_ce_len=0[0m
[0;32mI (2363) NimBLE: 
[0m
[0;32mI (2443) BleMidi: Negotiated params interval=11.25ms latency=0 timeout=1000ms[0m
[0;32mI (5823) pocket_pan_main: [AUDIO] model=PAN blocks=1826 avg_us=364 p99_us=0 max_us=1138 cpu_load=13.6 deadline=0 timeout=0 tx_error=0 short=0[0m
[0;32mI (5823) pocket_pan_main: [MIDI] push=1 pop=1 drop=0 hwm=1 last=(n=50 v=75 t=78 hex=90324B)[0m
[0;32mI (5833) pocket_pan_main: [BLE] state=8 interval_ms=11.25 latency=0 rssi=-67 reconnects=0 last_disconnect=0[0m
[0;32mI (5843) pocket_pan_main: [MEM] internal_free=46943 largest_internal=31744[0m
[0;32mI (5853) pocket_pan_main: [UICORR] >1733(tot=0 draw=0 lcd=0 both=0 none=0) >2000(tot=0 draw=0 lcd=0 both=0 none=0)[0m
[0;32mI (5863) pocket_pan_main: [UIMETRIC] arch=0 field_updates=18 total_transfers=9 total_pixels=131520 last_sub_us=233 last_dma_us=1017[0m
[0;32mI (5873) pocket_pan_main: [UIREDRAW] urgent=9 telemetry=12 skip=121[0m
[0;32mI (10833) pocket_pan_main: [AUDIO] model=PAN blocks=3707 avg_us=364 p99_us=575 max_us=1138 cpu_load=13.6 deadline=0 timeout=0 tx_error=0 short=0[0m
[0;32mI (10833) pocket_pan_main: [MIDI] push=1 pop=1 drop=0 hwm=1 last=(n=50 v=75 t=78 hex=90324B)[0m
[0;32mI (10843) pocket_pan_main: [BLE] state=8 interval_ms=11.25 latency=0 rssi=-68 reconnects=0 last_disconnect=0[0m
[0;32mI (10853) pocket_pan_main: [MEM] internal_free=46943 largest_internal=31744[0m
[0;32mI (10863) pocket_pan_main: [UICORR] >1733(tot=0 draw=0 lcd=0 both=0 none=0) >2000(tot=0 draw=0 lcd=0 both=0 none=0)[0m
[0;32mI (10873) pocket_pan_main: [UIMETRIC] arch=0 field_updates=18 total_transfers=9 total_pixels=131520 last_sub_us=233 last_dma_us=1017[0m
[0;32mI (10883) pocket_pan_main: [UIREDRAW] urgent=9 telemetry=29 skip=269[0m
[0;32mI (13323) forensics: [SAFETY] fixture=0 hard=0 sat=0 nonfinite=0 ble_lost=0[0m
[0;32mI (13323) forensics: [EVENT_ONLY] fixture=0 n=2 avg_us=31.89 max_us=43[0m
[0;32mI (13323) forensics: [FIXTURE_IO] model=PAN fixture=0 avg_us=364 p99_us=575 max_us=1138 cpu_pct=13.65 deadline=0 timeouts=0 tx_errors=0 short_writes=0[0m
[0;32mI (13343) forensics: [CURVE] model=PAN fixture=0 voices=1 class=true_steady n=61 avg_us=513.56 p95_us=535 p99_us=550 p995_us=550 p999_us=550 max_us=548 deadline=0 bad_voices=0 ble_lost=0 hard=0 sat=0 bin_us=5 max_observed_voices=1[0m
[0;32mI (13363) forensics: [HIST] fixture=0 class=true_steady lower_us=510 n=53[0m
[0;32mI (13373) forensics: [HIST] fixture=0 class=true_steady lower_us=515 n=3[0m
[0;32mI (13373) forensics: [HIST] fixture=0 class=true_steady lower_us=520 n=1[0m
[0;32mI (13383) forensics: [HIST] fixture=0 class=true_steady lower_us=530 n=1[0m
[0;32mI (13393) forensics: [HIST] fixture=0 class=true_steady lower_us=535 n=1[0m
[0;32mI (13393) forensics: [HIST] fixture=0 class=true_steady lower_us=540 n=1[0m
[0;32mI (13403) forensics: [HIST] fixture=0 class=true_steady lower_us=545 n=1[0m
[0;32mI (13413) forensics: [CALLBACK_CURVE] model=PAN fixture=0 voices=1 class=true_steady n=61 avg_us=538.23 p95_us=610 p99_us=780 p995_us=780 p999_us=780 max_us=777 deadline=0 overhead_avg_us=24.67[0m
[0;32mI (13433) forensics: [CALLBACK_HIST] fixture=0 class=true_steady lower_us=520 n=39[0m
[0;32mI (13443) forensics: [CALLBACK_HIST] fixture=0 class=true_steady lower_us=525 n=5[0m
[0;32mI (13443) forensics: [CALLBACK_HIST] fixture=0 class=true_steady lower_us=530 n=4[0m
[0;32mI (13453) forensics: [CALLBACK_HIST] fixture=0 class=true_steady lower_us=535 n=2[0m
[0;32mI (13463) forensics: [CALLBACK_HIST] fixture=0 class=true_steady lower_us=540 n=2[0m
[0;32mI (13473) forensics: [CALLBACK_HIST] fixture=0 class=true_steady lower_us=550 n=2[0m
[0;32mI (13483) forensics: [CALLBACK_HIST] fixture=0 class=true_steady lower_us=565 n=2[0m
[0;32mI (13483) forensics: [CALLBACK_HIST] fixture=0 class=true_steady lower_us=595 n=1[0m
[0;32mI (13493) forensics: [CALLBACK_HIST] fixture=0 class=true_steady lower_us=605 n=1[0m
[0;32mI (13503) forensics: [CALLBACK_HIST] fixture=0 class=true_steady lower_us=645 n=1[0m
[0;32mI (13513) forensics: [CALLBACK_HIST] fixture=0 class=true_steady lower_us=730 n=1[0m
[0;32mI (13523) forensics: [CALLBACK_HIST] fixture=0 class=true_steady lower_us=775 n=1[0m
[0;32mI (13533) forensics: [CURVE] model=PAN fixture=0 voices=1 class=attack_tail n=1 avg_us=627.19 p95_us=630 p99_us=630 p995_us=630 p999_us=630 max_us=628 deadline=0 bad_voices=0 ble_lost=0 hard=0 sat=0 bin_us=5 max_observed_voices=1[0m
[0;32mI (13553) forensics: [HIST] fixture=0 class=attack_tail lower_us=625 n=1[0m
[0;32mI (13553) forensics: [CALLBACK_CURVE] model=PAN fixture=0 voices=1 class=attack_tail n=1 avg_us=662.00 p95_us=665 p99_us=665 p995_us=665 p999_us=665 max_us=662 deadline=0 overhead_avg_us=34.81[0m
[0;32mI (13573) forensics: [CALLBACK_HIST] fixture=0 class=attack_tail lower_us=660 n=1[0m
[0;32mI (13583) forensics: [CURVE] model=PAN fixture=0 voices=1 class=event n=2 avg_us=645.86 p95_us=720 p99_us=720 p995_us=720 p999_us=720 max_us=717 deadline=0 bad_voices=0 ble_lost=0 hard=0 sat=0 bin_us=5 max_observed_voices=1[0m
[0;32mI (13603) forensics: [HIST] fixture=0 class=event lower_us=575 n=1[0m
[0;32mI (13613) forensics: [HIST] fixture=0 class=event lower_us=715 n=1[0m
[0;32mI (13613) forensics: [CALLBACK_CURVE] model=PAN fixture=0 voices=1 class=event n=2 avg_us=731.00 p95_us=870 p99_us=870 p995_us=870 p999_us=870 max_us=867 deadline=0 overhead_avg_us=85.14[0m
[0;32mI (13633) forensics: [CALLBACK_HIST] fixture=0 class=event lower_us=595 n=1[0m
[0;32mI (13643) forensics: [CALLBACK_HIST] fixture=0 class=event lower_us=865 n=1[0m
[0;32mI (13653) forensics: [CURVE] model=PAN fixture=0 voices=1 class=fixture_transition n=1 avg_us=975.04 p95_us=980 p99_us=980 p995_us=980 p999_us=980 max_us=976 deadline=0 bad_voices=0 ble_lost=0 hard=0 sat=0 bin_us=5 max_observed_voices=1[0m
[0;32mI (13673) forensics: [HIST] fixture=0 class=fixture_transition lower_us=975 n=1[0m
[0;32mI (13683) forensics: [CALLBACK_CURVE] model=PAN fixture=0 voices=1 class=fixture_transition n=1 avg_us=1138.00 p95_us=1140 p99_us=1140 p995_us=1140 p999_us=1140 max_us=1138 deadline=0 overhead_avg_us=162.96[0m
[0;32mI (13703) forensics: [CALLBACK_HIST] fixture=0 class=fixture_transition lower_us=1135 n=1[0m
[0;32mI (13703) forensics: [CURVE] model=PAN fixture=0 voices=1 class=release_tail n=4031 avg_us=375.65 p95_us=515 p99_us=515 p995_us=545 p999_us=550 max_us=562 deadline=0 bad_voices=0 ble_lost=0 hard=0 sat=0 bin_us=5 max_observed_voices=1[0m
[0;32mI (13733) forensics: [HIST] fixture=0 class=release_tail lower_us=350 n=3253[0m
[0;32mI (13733) forensics: [HIST] fixture=0 class=release_tail lower_us=355 n=16[0m
[0;32mI (13743) forensics: [HIST] fixture=0 class=release_tail lower_us=360 n=17[0m
[0;32mI (13753) forensics: [HIST] fixture=0 class=release_tail lower_us=365 n=8[0m
[0;32mI (13763) forensics: [HIST] fixture=0 class=release_tail lower_us=370 n=3[0m
[0;32mI (13763) forensics: [HIST] fixture=0 class=release_tail lower_us=375 n=105[0m
[0;32mI (13773) forensics: [HIST] fixture=0 class=release_tail lower_us=380 n=2[0m
[0;32mI (13783) forensics: [HIST] fixture=0 class=release_tail lower_us=385 n=1[0m
[0;32mI (13793) forensics: [HIST] fixture=0 class=release_tail lower_us=395 n=1[0m
[0;32mI (13793) forensics: [HIST] fixture=0 class=release_tail lower_us=510 n=592[0m
[0;32mI (13803) forensics: [HIST] fixture=0 class=release_tail lower_us=515 n=6[0m
[0;32mI (13813) forensics: [HIST] fixture=0 class=release_tail lower_us=520 n=2[0m
[0;32mI (13823) forensics: [HIST] fixture=0 class=release_tail lower_us=525 n=4[0m
[0;32mI (13823) forensics: [HIST] fixture=0 class=release_tail lower_us=540 n=1[0m
[0;32mI (13833) forensics: [HIST] fixture=0 class=release_tail lower_us=545 n=16[0m
[0;32mI (13843) forensics: [HIST] fixture=0 class=release_tail lower_us=550 n=3[0m
[0;32mI (13853) forensics: [HIST] fixture=0 class=release_tail lower_us=560 n=1[0m
[0;32mI (13853) forensics: [CALLBACK_CURVE] model=PAN fixture=0 voices=1 class=release_tail n=4030 avg_us=390.27 p95_us=525 p99_us=550 p995_us=585 p999_us=630 max_us=708 deadline=0 overhead_avg_us=14.62[0m
[0;32mI (13873) forensics: [CALLBACK_HIST] fixture=0 class=release_tail lower_us=355 n=2382[0m
[0;32mI (13883) forensics: [CALLBACK_HIST] fixture=0 class=release_tail lower_us=360 n=256[0m
[0;32mI (13893) forensics: [CALLBACK_HIST] fixture=0 class=release_tail lower_us=365 n=177[0m
[0;32mI (13903) forensics: [CALLBACK_HIST] fixture=0 class=release_tail lower_us=370 n=119[0m
[0;32mI (13913) forensics: [CALLBACK_HIST] fixture=0 class=release_tail lower_us=375 n=217[0m
[0;32mI (13913) forensics: [CALLBACK_HIST] fixture=0 class=release_tail lower_us=380 n=25[0m
[0;32mI (13923) forensics: [CALLBACK_HIST] fixture=0 class=release_tail lower_us=385 n=21[0m
[0;32mI (13933) forensics: [CALLBACK_HIST] fixture=0 class=release_tail lower_us=390 n=15[0m
[0;32mI (13943) forensics: [CALLBACK_HIST] fixture=0 class=release_tail lower_us=395 n=18[0m
[0;32mI (13953) forensics: [CALLBACK_HIST] fixture=0 class=release_tail lower_us=400 n=24[0m
[0;32mI (13963) forensics: [CALLBACK_HIST] fixture=0 class=release_tail lower_us=405 n=34[0m
[0;32mI (13963) forensics: [CALLBACK_HIST] fixture=0 class=release_tail lower_us=410 n=24[0m
[0;32mI (13973) forensics: [CALLBACK_HIST] fixture=0 class=release_tail lower_us=415 n=22[0m
[0;32mI (13983) forensics: [CALLBACK_HIST] fixture=0 class=release_tail lower_us=420 n=18[0m
[0;32mI (13993) forensics: [CALLBACK_HIST] fixture=0 class=release_tail lower_us=425 n=5[0m
[0;32mI (14003) forensics: [CALLBACK_HIST] fixture=0 class=release_tail lower_us=430 n=4[0m
[0;32mI (14003) forensics: [CALLBACK_HIST] fixture=0 class=release_tail lower_us=435 n=7[0m
[0;32mI (14013) forensics: [CALLBACK_HIST] fixture=0 class=release_tail lower_us=440 n=8[0m
[0;32mI (14023) forensics: [CALLBACK_HIST] fixture=0 class=release_tail lower_us=445 n=6[0m
[0;32mI (14033) forensics: [CALLBACK_HIST] fixture=0 class=release_tail lower_us=450 n=5[0m
[0;32mI (14043) forensics: [CALLBACK_HIST] fixture=0 class=release_tail lower_us=455 n=3[0m
[0;32mI (14053) forensics: [CALLBACK_HIST] fixture=0 class=release_tail lower_us=460 n=2[0m
[0;32mI (14053) forensics: [CALLBACK_HIST] fixture=0 class=release_tail lower_us=470 n=2[0m
[0;32mI (14063) forensics: [CALLBACK_HIST] fixture=0 class=release_tail lower_us=475 n=1[0m
[0;32mI (14073) forensics: [CALLBACK_HIST] fixture=0 class=release_tail lower_us=480 n=1[0m
[0;32mI (14083) forensics: [CALLBACK_HIST] fixture=0 class=release_tail lower_us=485 n=1[0m
[0;32mI (14093) forensics: [CALLBACK_HIST] fixture=0 class=release_tail lower_us=490 n=1[0m
[0;32mI (14103) forensics: [CALLBACK_HIST] fixture=0 class=release_tail lower_us=500 n=1[0m
[0;32mI (14103) forensics: [CALLBACK_HIST] fixture=0 class=release_tail lower_us=505 n=2[0m
[0;32mI (14113) forensics: [CALLBACK_HIST] fixture=0 class=release_tail lower_us=520 n=476[0m
[0;32mI (14123) forensics: [CALLBACK_HIST] fixture=0 class=release_tail lower_us=525 n=29[0m
[0;32mI (14133) forensics: [CALLBACK_HIST] fixture=0 class=release_tail lower_us=530 n=15[0m
[0;32mI (14143) forensics: [CALLBACK_HIST] fixture=0 class=release_tail lower_us=535 n=50[0m
[0;32mI (14153) forensics: [CALLBACK_HIST] fixture=0 class=release_tail lower_us=540 n=14[0m
[0;32mI (14153) forensics: [CALLBACK_HIST] fixture=0 class=release_tail lower_us=545 n=5[0m
[0;32mI (14163) forensics: [CALLBACK_HIST] fixture=0 class=release_tail lower_us=550 n=2[0m
[0;32mI (14173) forensics: [CALLBACK_HIST] fixture=0 class=release_tail lower_us=555 n=3[0m
[0;32mI (14183) forensics: [CALLBACK_HIST] fixture=0 class=release_tail lower_us=565 n=3[0m
[0;32mI (14193) forensics: [CALLBACK_HIST] fixture=0 class=release_tail lower_us=570 n=2[0m
[0;32mI (14203) forensics: [CALLBACK_HIST] fixture=0 class=release_tail lower_us=575 n=9[0m
[0;32mI (14203) forensics: [CALLBACK_HIST] fixture=0 class=release_tail lower_us=580 n=3[0m
[0;32mI (14213) forensics: [CALLBACK_HIST] fixture=0 class=release_tail lower_us=585 n=5[0m
[0;32mI (14223) forensics: [CALLBACK_HIST] fixture=0 class=release_tail lower_us=590 n=1[0m
[0;32mI (14233) forensics: [CALLBACK_HIST] fixture=0 class=release_tail lower_us=595 n=1[0m
[0;32mI (14243) forensics: [CALLBACK_HIST] fixture=0 class=release_tail lower_us=600 n=1[0m
[0;32mI (14243) forensics: [CALLBACK_HIST] fixture=0 class=release_tail lower_us=605 n=1[0m
[0;32mI (14253) forensics: [CALLBACK_HIST] fixture=0 class=release_tail lower_us=610 n=1[0m
[0;32mI (14263) forensics: [CALLBACK_HIST] fixture=0 class=release_tail lower_us=615 n=2[0m
[0;32mI (14273) forensics: [CALLBACK_HIST] fixture=0 class=release_tail lower_us=620 n=1[0m
[0;32mI (14283) forensics: [CALLBACK_HIST] fixture=0 class=release_tail lower_us=625 n=2[0m
[0;32mI (14293) forensics: [CALLBACK_HIST] fixture=0 class=release_tail lower_us=635 n=1[0m
[0;32mI (14293) forensics: [CALLBACK_HIST] fixture=0 class=release_tail lower_us=655 n=1[0m
[0;32mI (14303) forensics: [CALLBACK_HIST] fixture=0 class=release_tail lower_us=705 n=1[0m
[0;32mI (14313) forensics: [FASTPATH] fixture=0 stable8=0 attack=0 sustain=687[0m
[0;32mI (14323) forensics: [OVERHEAD] fixture=0 blocks=4629 model_reset_avg_us=1.55 model_reset_max_us=36 queue_avg_us=1.85 queue_max_us=51 render_avg_us=339.88 telem_avg_us=3.65 telem_max_us=130 telem_publishes=578[0m
[0;32mI (14343) forensics: [PROFILE_TOTAL] fixture=0 class=true_steady cycles_per_block=131414.00 n=1[0m
[0;32mI (14353) forensics: [PHASE] fixture=0 class=true_steady phase=0 cycles_per_block=70717.00 n=1[0m
[0;32mI (14363) forensics: [PHASE] fixture=0 class=true_steady phase=1 cycles_per_block=31872.00 n=1[0m
[0;32mI (14373) forensics: [PHASE] fixture=0 class=true_steady phase=2 cycles_per_block=0.00 n=1[0m
[0;32mI (14373) forensics: [PHASE] fixture=0 class=true_steady phase=3 cycles_per_block=0.00 n=1[0m
[0;32mI (14383) forensics: [PHASE] fixture=0 class=true_steady phase=4 cycles_per_block=165.00 n=1[0m
[0;32mI (14393) forensics: [PHASE] fixture=0 class=true_steady phase=5 cycles_per_block=23424.00 n=1[0m
[0;32mI (14403) forensics: [PHASE] fixture=0 class=true_steady phase=6 cycles_per_block=33536.00 n=1[0m
[0;32mI (14413) forensics: [PHASE] fixture=0 class=true_steady phase=7 cycles_per_block=16640.00 n=1[0m
[0;32mI (14423) forensics: [PHASE] fixture=0 class=true_steady phase=8 cycles_per_block=4096.00 n=1[0m
[0;32mI (14433) forensics: [PHASE] fixture=0 class=true_steady phase=9 cycles_per_block=0.00 n=1[0m
[0;32mI (14443) forensics: [PHASE] fixture=0 class=true_steady phase=10 cycles_per_block=0.00 n=1[0m
[0;32mI (14453) forensics: [PHASE] fixture=0 class=true_steady phase=11 cycles_per_block=0.00 n=1[0m
[0;32mI (14463) forensics: [PHASE] fixture=0 class=true_steady phase=12 cycles_per_block=0.00 n=1[0m
[0;32mI (14473) forensics: [PHASE] fixture=0 class=true_steady phase=13 cycles_per_block=0.00 n=1[0m
[0;32mI (14473) forensics: [PHASE] fixture=0 class=true_steady phase=14 cycles_per_block=0.00 n=1[0m
[0;32mI (14483) forensics: [PHASE] fixture=0 class=true_steady phase=15 cycles_per_block=0.00 n=1[0m
[0;32mI (14493) forensics: [PHASE] fixture=0 class=true_steady phase=16 cycles_per_block=0.00 n=1[0m
[0;32mI (14503) forensics: [PHASE] fixture=0 class=true_steady phase=17 cycles_per_block=5888.00 n=1[0m
[0;32mI (14513) forensics: [KERNEL] fixture=0 class=true_steady kernel=0 calls=0[0m
[0;32mI (14523) forensics: [KERNEL] fixture=0 class=true_steady kernel=1 calls=0[0m
[0;32mI (14533) forensics: [KERNEL] fixture=0 class=true_steady kernel=2 calls=128[0m
[0;32mI (14533) forensics: [KERNEL] fixture=0 class=true_steady kernel=3 calls=0[0m
[0;32mI (14543) forensics: [PROFILE_MAX] fixture=0 class=true_steady phase=0 cycles=70717 total=131414[0m
[0;32mI (14553) forensics: [PROFILE_MAX] fixture=0 class=true_steady phase=1 cycles=31872 total=131414[0m
[0;32mI (14563) forensics: [PROFILE_MAX] fixture=0 class=true_steady phase=2 cycles=0 total=131414[0m
[0;32mI (14573) forensics: [PROFILE_MAX] fixture=0 class=true_steady phase=3 cycles=0 total=131414[0m
[0;32mI (14583) forensics: [PROFILE_MAX] fixture=0 class=true_steady phase=4 cycles=165 total=131414[0m
[0;32mI (14593) forensics: [PROFILE_MAX] fixture=0 class=true_steady phase=5 cycles=23424 total=131414[0m
[0;32mI (14603) forensics: [PROFILE_MAX] fixture=0 class=true_steady phase=6 cycles=33536 total=131414[0m
[0;32mI (14613) forensics: [PROFILE_MAX] fixture=0 class=true_steady phase=7 cycles=16640 total=131414[0m
[0;32mI (14623) forensics: [PROFILE_MAX] fixture=0 class=true_steady phase=8 cycles=4096 total=131414[0m
[0;32mI (14633) forensics: [PROFILE_MAX] fixture=0 class=true_steady phase=9 cycles=0 total=131414[0m
[0;32mI (14633) forensics: [PROFILE_MAX] fixture=0 class=true_steady phase=10 cycles=0 total=131414[0m
[0;32mI (14643) forensics: [PROFILE_MAX] fixture=0 class=true_steady phase=11 cycles=0 total=131414[0m
[0;32mI (14653) forensics: [PROFILE_MAX] fixture=0 class=true_steady phase=12 cycles=0 total=131414[0m
[0;32mI (14663) forensics: [PROFILE_MAX] fixture=0 class=true_steady phase=13 cycles=0 total=131414[0m
[0;32mI (14673) forensics: [PROFILE_MAX] fixture=0 class=true_steady phase=14 cycles=0 total=131414[0m
[0;32mI (14683) forensics: [PROFILE_MAX] fixture=0 class=true_steady phase=15 cycles=0 total=131414[0m
[0;32mI (14693) forensics: [PROFILE_MAX] fixture=0 class=true_steady phase=16 cycles=0 total=131414[0m
[0;32mI (14703) forensics: [PROFILE_MAX] fixture=0 class=true_steady phase=17 cycles=5888 total=131414[0m
[0;32mI (14713) forensics: [PROFILE_TOTAL] fixture=0 class=attack_tail cycles_per_block=150526.00 n=1[0m
[0;32mI (14723) forensics: [PHASE] fixture=0 class=attack_tail phase=0 cycles_per_block=89829.00 n=1[0m
[0;32mI (14733) forensics: [PHASE] fixture=0 class=attack_tail phase=1 cycles_per_block=31872.00 n=1[0m
[0;32mI (14743) forensics: [PHASE] fixture=0 class=attack_tail phase=2 cycles_per_block=11954.00 n=1[0m
[0;32mI (14753) forensics: [PHASE] fixture=0 class=attack_tail phase=3 cycles_per_block=1920.00 n=1[0m
[0;32mI (14753) forensics: [PHASE] fixture=0 class=attack_tail phase=4 cycles_per_block=165.00 n=1[0m
[0;32mI (14763) forensics: [PHASE] fixture=0 class=attack_tail phase=5 cycles_per_block=23424.00 n=1[0m
[0;32mI (14773) forensics: [PHASE] fixture=0 class=attack_tail phase=6 cycles_per_block=33536.00 n=1[0m
[0;32mI (14783) forensics: [PHASE] fixture=0 class=attack_tail phase=7 cycles_per_block=16640.00 n=1[0m
[0;32mI (14793) forensics: [PHASE] fixture=0 class=attack_tail phase=8 cycles_per_block=4096.00 n=1[0m
[0;32mI (14803) forensics: [PHASE] fixture=0 class=attack_tail phase=9 cycles_per_block=0.00 n=1[0m
[0;32mI (14813) forensics: [PHASE] fixture=0 class=attack_tail phase=10 cycles_per_block=0.00 n=1[0m
[0;32mI (14823) forensics: [PHASE] fixture=0 class=attack_tail phase=11 cycles_per_block=0.00 n=1[0m
[0;32mI (14833) forensics: [PHASE] fixture=0 class=attack_tail phase=12 cycles_per_block=0.00 n=1[0m
[0;32mI (14843) forensics: [PHASE] fixture=0 class=attack_tail phase=13 cycles_per_block=0.00 n=1[0m
[0;32mI (14853) forensics: [PHASE] fixture=0 class=attack_tail phase=14 cycles_per_block=0.00 n=1[0m
[0;32mI (14853) forensics: [PHASE] fixture=0 class=attack_tail phase=15 cycles_per_block=0.00 n=1[0m
[0;32mI (14863) forensics: [PHASE] fixture=0 class=attack_tail phase=16 cycles_per_block=0.00 n=1[0m
[0;32mI (14873) forensics: [PHASE] fixture=0 class=attack_tail phase=17 cycles_per_block=5884.00 n=1[0m
[0;32mI (14883) forensics: [KERNEL] fixture=0 class=attack_tail kernel=0 calls=0[0m
[0;32mI (14893) forensics: [KERNEL] fixture=0 class=attack_tail kernel=1 calls=0[0m
[0;32mI (14903) forensics: [KERNEL] fixture=0 class=attack_tail kernel=2 calls=128[0m
[0;32mI (14913) forensics: [KERNEL] fixture=0 class=attack_tail kernel=3 calls=0[0m
[0;32mI (14913) forensics: [PROFILE_MAX] fixture=0 class=attack_tail phase=0 cycles=89829 total=150526[0m
[0;32mI (14923) forensics: [PROFILE_MAX] fixture=0 class=attack_tail phase=1 cycles=31872 total=150526[0m
[0;32mI (14933) forensics: [PROFILE_MAX] fixture=0 class=attack_tail phase=2 cycles=11954 total=150526[0m
[0;32mI (14943) forensics: [PROFILE_MAX] fixture=0 class=attack_tail phase=3 cycles=1920 total=150526[0m
[0;32mI (14953) forensics: [PROFILE_MAX] fixture=0 class=attack_tail phase=4 cycles=165 total=150526[0m
[0;32mI (14963) forensics: [PROFILE_MAX] fixture=0 class=attack_tail phase=5 cycles=23424 total=150526[0m
[0;32mI (14973) forensics: [PROFILE_MAX] fixture=0 class=attack_tail phase=6 cycles=33536 total=150526[0m
[0;32mI (14983) forensics: [PROFILE_MAX] fixture=0 class=attack_tail phase=7 cycles=16640 total=150526[0m
[0;32mI (14993) forensics: [PROFILE_MAX] fixture=0 class=attack_tail phase=8 cycles=4096 total=150526[0m
[0;32mI (15003) forensics: [PROFILE_MAX] fixture=0 class=attack_tail phase=9 cycles=0 total=150526[0m
[0;32mI (15013) forensics: [PROFILE_MAX] fixture=0 class=attack_tail phase=10 cycles=0 total=150526[0m
[0;32mI (15023) forensics: [PROFILE_MAX] fixture=0 class=attack_tail phase=11 cycles=0 total=150526[0m
[0;32mI (15023) forensics: [PROFILE_MAX] fixture=0 class=attack_tail phase=12 cycles=0 total=150526[0m
[0;32mI (15033) forensics: [PROFILE_MAX] fixture=0 class=attack_tail phase=13 cycles=0 total=150526[0m
[0;32mI (15043) forensics: [PROFILE_MAX] fixture=0 class=attack_tail phase=14 cycles=0 total=150526[0m
[0;32mI (15053) forensics: [PROFILE_MAX] fixture=0 class=attack_tail phase=15 cycles=0 total=150526[0m
[0;32mI (15063) forensics: [PROFILE_MAX] fixture=0 class=attack_tail phase=16 cycles=0 total=150526[0m
[0;32mI (15073) forensics: [PROFILE_MAX] fixture=0 class=attack_tail phase=17 cycles=5884 total=150526[0m
[0;32mI (15083) forensics: [PROFILE_TOTAL] fixture=0 class=event cycles_per_block=155005.50 n=2[0m
[0;32mI (15093) forensics: [PHASE] fixture=0 class=event phase=0 cycles_per_block=85087.50 n=2[0m
[0;32mI (15103) forensics: [PHASE] fixture=0 class=event phase=1 cycles_per_block=31872.00 n=2[0m
[0;32mI (15113) forensics: [PHASE] fixture=0 class=event phase=2 cycles_per_block=10995.00 n=2[0m
[0;32mI (15123) forensics: [PHASE] fixture=0 class=event phase=3 cycles_per_block=960.00 n=2[0m
[0;32mI (15123) forensics: [PHASE] fixture=0 class=event phase=4 cycles_per_block=162.50 n=2[0m
[0;32mI (15133) forensics: [PHASE] fixture=0 class=event phase=5 cycles_per_block=23424.00 n=2[0m
[0;32mI (15143) forensics: [PHASE] fixture=0 class=event phase=6 cycles_per_block=33517.50 n=2[0m
[0;32mI (15153) forensics: [PHASE] fixture=0 class=event phase=7 cycles_per_block=16607.00 n=2[0m
[0;32mI (15163) forensics: [PHASE] fixture=0 class=event phase=8 cycles_per_block=4096.00 n=2[0m
[0;32mI (15173) forensics: [PHASE] fixture=0 class=event phase=9 cycles_per_block=36.50 n=2[0m
[0;32mI (15183) forensics: [PHASE] fixture=0 class=event phase=10 cycles_per_block=41.50 n=2[0m
[0;32mI (15183) forensics: [PHASE] fixture=0 class=event phase=11 cycles_per_block=15.00 n=2[0m
[0;32mI (15193) forensics: [PHASE] fixture=0 class=event phase=12 cycles_per_block=158.00 n=2[0m
[0;32mI (15203) forensics: [PHASE] fixture=0 class=event phase=13 cycles_per_block=175.50 n=2[0m
[0;32mI (15213) forensics: [PHASE] fixture=0 class=event phase=14 cycles_per_block=1880.50 n=2[0m
[0;32mI (15223) forensics: [PHASE] fixture=0 class=event phase=15 cycles_per_block=79.50 n=2[0m
[0;32mI (15233) forensics: [PHASE] fixture=0 class=event phase=16 cycles_per_block=181.50 n=2[0m
[0;32mI (15243) forensics: [PHASE] fixture=0 class=event phase=17 cycles_per_block=5861.50 n=2[0m
[0;32mI (15253) forensics: [KERNEL] fixture=0 class=event kernel=0 calls=0[0m
[0;32mI (15253) forensics: [KERNEL] fixture=0 class=event kernel=1 calls=0[0m
[0;32mI (15263) forensics: [KERNEL] fixture=0 class=event kernel=2 calls=256[0m
[0;32mI (15273) forensics: [KERNEL] fixture=0 class=event kernel=3 calls=0[0m
[0;32mI (15273) forensics: [PROFILE_MAX] fixture=0 class=event phase=0 cycles=99456 total=171958[0m
[0;32mI (15283) forensics: [PROFILE_MAX] fixture=0 class=event phase=1 cycles=31872 total=171958[0m
[0;32mI (15293) forensics: [PROFILE_MAX] fixture=0 class=event phase=2 cycles=21990 total=171958[0m
[0;32mI (15303) forensics: [PROFILE_MAX] fixture=0 class=event phase=3 cycles=1920 total=171958[0m
[0;32mI (15313) forensics: [PROFILE_MAX] fixture=0 class=event phase=4 cycles=160 total=171958[0m
[0;32mI (15323) forensics: [PROFILE_MAX] fixture=0 class=event phase=5 cycles=23424 total=171958[0m
[0;32mI (15333) forensics: [PROFILE_MAX] fixture=0 class=event phase=6 cycles=33499 total=171958[0m
[0;32mI (15343) forensics: [PROFILE_MAX] fixture=0 class=event phase=7 cycles=16574 total=171958[0m
[0;32mI (15353) forensics: [PROFILE_MAX] fixture=0 class=event phase=8 cycles=4096 total=171958[0m
[0;32mI (15353) forensics: [PROFILE_MAX] fixture=0 class=event phase=9 cycles=73 total=171958[0m
[0;32mI (15363) forensics: [PROFILE_MAX] fixture=0 class=event phase=10 cycles=83 total=171958[0m
[0;32mI (15373) forensics: [PROFILE_MAX] fixture=0 class=event phase=11 cycles=30 total=171958[0m
[0;32mI (15383) forensics: [PROFILE_MAX] fixture=0 class=event phase=12 cycles=316 total=171958[0m
[0;32mI (15393) forensics: [PROFILE_MAX] fixture=0 class=event phase=13 cycles=351 total=171958[0m
[0;32mI (15403) forensics: [PROFILE_MAX] fixture=0 class=event phase=14 cycles=3761 total=171958[0m
[0;32mI (15413) forensics: [PROFILE_MAX] fixture=0 class=event phase=15 cycles=159 total=171958[0m
[0;32mI (15423) forensics: [PROFILE_MAX] fixture=0 class=event phase=16 cycles=363 total=171958[0m
[0;32mI (15423) forensics: [PROFILE_MAX] fixture=0 class=event phase=17 cycles=5834 total=171958[0m
[0;32mI (15433) forensics: [PROFILE_TOTAL] fixture=0 class=release_tail cycles_per_block=97293.71 n=126[0m
[0;32mI (15443) forensics: [PHASE] fixture=0 class=release_tail phase=0 cycles_per_block=36547.23 n=126[0m
[0;32mI (15453) forensics: [PHASE] fixture=0 class=release_tail phase=1 cycles_per_block=5059.40 n=126[0m
[0;32mI (15463) forensics: [PHASE] fixture=0 class=release_tail phase=2 cycles_per_block=0.00 n=126[0m
[0;32mI (15473) forensics: [PHASE] fixture=0 class=release_tail phase=3 cycles_per_block=0.00 n=126[0m
[0;32mI (15483) forensics: [PHASE] fixture=0 class=release_tail phase=4 cycles_per_block=26.19 n=126[0m
[0;32mI (15493) forensics: [PHASE] fixture=0 class=release_tail phase=5 cycles_per_block=23428.60 n=126[0m
[0;32mI (15503) forensics: [PHASE] fixture=0 class=release_tail phase=6 cycles_per_block=33540.93 n=126[0m
[0;32mI (15513) forensics: [PHASE] fixture=0 class=release_tail phase=7 cycles_per_block=16640.41 n=126[0m
[0;32mI (15523) forensics: [PHASE] fixture=0 class=release_tail phase=8 cycles_per_block=4096.21 n=126[0m
[0;32mI (15533) forensics: [PHASE] fixture=0 class=release_tail phase=9 cycles_per_block=0.00 n=126[0m
[0;32mI (15543) forensics: [PHASE] fixture=0 class=release_tail phase=10 cycles_per_block=0.00 n=126[0m
[0;32mI (15553) forensics: [PHASE] fixture=0 class=release_tail phase=11 cycles_per_block=0.00 n=126[0m
[0;32mI (15563) forensics: [PHASE] fixture=0 class=release_tail phase=12 cycles_per_block=0.00 n=126[0m
[0;32mI (15563) forensics: [PHASE] fixture=0 class=release_tail phase=13 cycles_per_block=0.00 n=126[0m
[0;32mI (15573) forensics: [PHASE] fixture=0 class=release_tail phase=14 cycles_per_block=0.00 n=126[0m
[0;32mI (15583) forensics: [PHASE] fixture=0 class=release_tail phase=15 cycles_per_block=0.00 n=126[0m
[0;32mI (15593) forensics: [PHASE] fixture=0 class=release_tail phase=16 cycles_per_block=0.00 n=126[0m
[0;32mI (15603) forensics: [PHASE] fixture=0 class=release_tail phase=17 cycles_per_block=5888.11 n=126[0m
[0;32mI (15613) forensics: [KERNEL] fixture=0 class=release_tail kernel=0 calls=0[0m
[0;32mI (15623) forensics: [KERNEL] fixture=0 class=release_tail kernel=1 calls=0[0m
[0;32mI (15633) forensics: [KERNEL] fixture=0 class=release_tail kernel=2 calls=2560[0m
[0;32mI (15633) forensics: [KERNEL] fixture=0 class=release_tail kernel=3 calls=0[0m
[0;32mI (15643) forensics: [PROFILE_MAX] fixture=0 class=release_tail phase=0 cycles=72360 total=134827[0m
[0;32mI (15653) forensics: [PROFILE_MAX] fixture=0 class=release_tail phase=1 cycles=31872 total=134827[0m
[0;32mI (15663) forensics: [PROFILE_MAX] fixture=0 class=release_tail phase=2 cycles=0 total=134827[0m
[0;32mI (15673) forensics: [PROFILE_MAX] fixture=0 class=release_tail phase=3 cycles=0 total=134827[0m
[0;32mI (15683) forensics: [PROFILE_MAX] fixture=0 class=release_tail phase=4 cycles=165 total=134827[0m
[0;32mI (15693) forensics: [PROFILE_MAX] fixture=0 class=release_tail phase=5 cycles=23424 total=134827[0m
[0;32mI (15703) forensics: [PROFILE_MAX] fixture=0 class=release_tail phase=6 cycles=33536 total=134827[0m
[0;32mI (15713) forensics: [PROFILE_MAX] fixture=0 class=release_tail phase=7 cycles=16640 total=134827[0m
[0;32mI (15723) forensics: [PROFILE_MAX] fixture=0 class=release_tail phase=8 cycles=4096 total=134827[0m
[0;32mI (15733) forensics: [PROFILE_MAX] fixture=0 class=release_tail phase=9 cycles=0 total=134827[0m
[0;32mI (15743) forensics: [PROFILE_MAX] fixture=0 class=release_tail phase=10 cycles=0 total=134827[0m
[0;32mI (15753) forensics: [PROFILE_MAX] fixture=0 class=release_tail phase=11 cycles=0 total=134827[0m
[0;32mI (15763) forensics: [PROFILE_MAX] fixture=0 class=release_tail phase=12 cycles=0 total=134827[0m
[0;32mI (15763) forensics: [PROFILE_MAX] fixture=0 class=release_tail phase=13 cycles=0 total=134827[0m
[0;32mI (15773) forensics: [PROFILE_MAX] fixture=0 class=release_tail phase=14 cycles=0 total=134827[0m
[0;32mI (15783) forensics: [PROFILE_MAX] fixture=0 class=release_tail phase=15 cycles=0 total=134827[0m
[0;32mI (15793) forensics: [PROFILE_MAX] fixture=0 class=release_tail phase=16 cycles=0 total=134827[0m
[0;32mI (15803) forensics: [PROFILE_MAX] fixture=0 class=release_tail phase=17 cycles=5889 total=134827[0m
[0;32mI (15843) pocket_pan_main: [AUDIO] model=PAN blocks=5585 avg_us=565 p99_us=0 max_us=1834 cpu_load=21.2 deadline=0 timeout=0 tx_error=0 short=0[0m
[0;32mI (15843) pocket_pan_main: [MIDI] push=1 pop=1 drop=0 hwm=1 last=(n=50 v=75 t=78 hex=90324B)[0m
[0;32mI (15853) pocket_pan_main: [BLE] state=8 interval_ms=11.25 latency=0 rssi=-69 reconnects=0 last_disconnect=0[0m
[0;32mI (15863) pocket_pan_main: [MEM] internal_free=38303 largest_internal=19456[0m
[0;32mI (15873) pocket_pan_main: [UICORR] >1733(tot=1 draw=0 lcd=0 both=0 none=1) >2000(tot=0 draw=0 lcd=0 both=0 none=0)[0m
[0;32mI (15883) pocket_pan_main: [UIMETRIC] arch=0 field_updates=22 total_transfers=11 total_pixels=144000 last_sub_us=240 last_dma_us=2759[0m
[0;32mI (15893) pocket_pan_main: [UIREDRAW] urgent=11 telemetry=37 skip=341[0m
[0;32mI (20853) pocket_pan_main: [AUDIO] model=PAN blocks=7463 avg_us=519 p99_us=1275 max_us=1834 cpu_load=19.5 deadline=0 timeout=0 tx_error=0 short=0[0m
[0;32mI (20853) pocket_pan_main: [MIDI] push=1 pop=1 drop=0 hwm=1 last=(n=50 v=75 t=78 hex=90324B)[0m
[0;32mI (20863) pocket_pan_main: [BLE] state=8 interval_ms=11.25 latency=0 rssi=-79 reconnects=0 last_disconnect=0[0m
[0;32mI (20873) pocket_pan_main: [MEM] internal_free=46943 largest_internal=31744[0m
[0;32mI (20883) pocket_pan_main: [UICORR] >1733(tot=1 draw=0 lcd=0 both=0 none=1) >2000(tot=0 draw=0 lcd=0 both=0 none=0)[0m
[0;32mI (20893) pocket_pan_main: [UIMETRIC] arch=0 field_updates=26 total_transfers=15 total_pixels=151680 last_sub_us=267 last_dma_us=1055[0m
[0;32mI (20903) pocket_pan_main: [UIREDRAW] urgent=11 telemetry=56 skip=487[0m
[0;33mW (24243) forensics: [OVERRUN] seq=8727 callback_us=2706 inner_us=2600 class=event fixture=2 model=PAN voices=8 exciter=1 midi_depth=0 midi_consumed=0 telem=1 model_req=0 reset_req=0[0m
[0;33mW (24253) forensics: [OVERRUN] seq=8728 callback_us=2250 inner_us=2225 class=attack_tail fixture=2 model=PAN voices=8 exciter=0 midi_depth=0 midi_consumed=0 telem=0 model_req=0 reset_req=0[0m
[0;32mI (24263) forensics: [SAFETY] fixture=1 hard=0 sat=0 nonfinite=0 ble_lost=0[0m
[0;32mI (24273) forensics: [EVENT_ONLY] fixture=1 n=2 avg_us=44.85 max_us=68[0m
[0;32mI (24283) forensics: [FIXTURE_IO] model=PAN fixture=1 avg_us=522 p99_us=1275 max_us=1834 cpu_pct=19.57 deadline=0 timeouts=0 tx_errors=0 short_writes=0[0m
[0;32mI (24293) forensics: [CURVE] model=PAN fixture=1 voices=4 class=true_steady n=61 avg_us=1207.12 p95_us=1250 p99_us=1280 p995_us=1280 p999_us=1280 max_us=1276 deadline=0 bad_voices=0 ble_lost=0 hard=0 sat=0 bin_us=5 max_observed_voices=4[0m
[0;32mI (24313) forensics: [HIST] fixture=1 class=true_steady lower_us=1160 n=1[0m
[0;32mI (24323) forensics: [HIST] fixture=1 class=true_steady lower_us=1170 n=2[0m
[0;32mI (24333) forensics: [HIST] fixture=1 class=true_steady lower_us=1175 n=1[0m
[0;32mI (24343) forensics: [HIST] fixture=1 class=true_steady lower_us=1180 n=2[0m
[0;32mI (24343) forensics: [HIST] fixture=1 class=true_steady lower_us=1185 n=4[0m
[0;32mI (24353) forensics: [HIST] fixture=1 class=true_steady lower_us=1190 n=3[0m
[0;32mI (24363) forensics: [HIST] fixture=1 class=true_steady lower_us=1195 n=8[0m
[0;32mI (24373) forensics: [HIST] fixture=1 class=true_steady lower_us=1200 n=8[0m
[0;32mI (24373) forensics: [HIST] fixture=1 class=true_steady lower_us=1205 n=8[0m
[0;32mI (24383) forensics: [HIST] fixture=1 class=true_steady lower_us=1210 n=8[0m
[0;32mI (24393) forensics: [HIST] fixture=1 class=true_steady lower_us=1215 n=4[0m
[0;32mI (24403) forensics: [HIST] fixture=1 class=true_steady lower_us=1220 n=2[0m
[0;32mI (24403) forensics: [HIST] fixture=1 class=true_steady lower_us=1225 n=4[0m
[0;32mI (24413) forensics: [HIST] fixture=1 class=true_steady lower_us=1230 n=1[0m
[0;32mI (24423) forensics: [HIST] fixture=1 class=true_steady lower_us=1240 n=1[0m
[0;32mI (24433) forensics: [HIST] fixture=1 class=true_steady lower_us=1245 n=1[0m
[0;32mI (24433) forensics: [HIST] fixture=1 class=true_steady lower_us=1250 n=1[0m
[0;32mI (24443) forensics: [HIST] fixture=1 class=true_steady lower_us=1255 n=1[0m
[0;32mI (24453) forensics: [HIST] fixture=1 class=true_steady lower_us=1275 n=1[0m
[0;32mI (24463) forensics: [CALLBACK_CURVE] model=PAN fixture=1 voices=4 class=true_steady n=61 avg_us=1229.70 p95_us=1325 p99_us=1370 p995_us=1370 p999_us=1370 max_us=1368 deadline=0 overhead_avg_us=22.59[0m
[0;32mI (24473) forensics: [CALLBACK_HIST] fixture=1 class=true_steady lower_us=1170 n=1[0m
[0;32mI (24483) forensics: [CALLBACK_HIST] fixture=1 class=true_steady lower_us=1185 n=2[0m
[0;32mI (24493) forensics: [CALLBACK_HIST] fixture=1 class=true_steady lower_us=1190 n=2[0m
[0;32mI (24503) forensics: [CALLBACK_HIST] fixture=1 class=true_steady lower_us=1195 n=3[0m
[0;32mI (24513) forensics: [CALLBACK_HIST] fixture=1 class=true_steady lower_us=1200 n=3[0m
[0;32mI (24523) forensics: [CALLBACK_HIST] fixture=1 class=true_steady lower_us=1205 n=4[0m
[0;32mI (24523) forensics: [CALLBACK_HIST] fixture=1 class=true_steady lower_us=1210 n=6[0m
[0;32mI (24533) forensics: [CALLBACK_HIST] fixture=1 class=true_steady lower_us=1215 n=8[0m
[0;32mI (24543) forensics: [CALLBACK_HIST] fixture=1 class=true_steady lower_us=1220 n=6[0m
[0;32mI (24553) forensics: [CALLBACK_HIST] fixture=1 class=true_steady lower_us=1225 n=6[0m
[0;32mI (24563) forensics: [CALLBACK_HIST] fixture=1 class=true_steady lower_us=1230 n=2[0m
[0;32mI (24573) forensics: [CALLBACK_HIST] fixture=1 class=true_steady lower_us=1235 n=5[0m
[0;32mI (24573) forensics: [CALLBACK_HIST] fixture=1 class=true_steady lower_us=1240 n=2[0m
[0;32mI (24583) forensics: [CALLBACK_HIST] fixture=1 class=true_steady lower_us=1245 n=4[0m
[0;32mI (24593) forensics: [CALLBACK_HIST] fixture=1 class=true_steady lower_us=1255 n=1[0m
[0;32mI (24603) forensics: [CALLBACK_HIST] fixture=1 class=true_steady lower_us=1290 n=1[0m
[0;32mI (24613) forensics: [CALLBACK_HIST] fixture=1 class=true_steady lower_us=1315 n=1[0m
[0;32mI (24623) forensics: [CALLBACK_HIST] fixture=1 class=true_steady lower_us=1320 n=1[0m
[0;32mI (24623) forensics: [CALLBACK_HIST] fixture=1 class=true_steady lower_us=1330 n=2[0m
[0;32mI (24633) forensics: [CALLBACK_HIST] fixture=1 class=true_steady lower_us=1365 n=1[0m
[0;32mI (24643) forensics: [CURVE] model=PAN fixture=1 voices=4 class=attack_tail n=1 avg_us=1530.22 p95_us=1535 p99_us=1535 p995_us=1535 p999_us=1535 max_us=1531 deadline=0 bad_voices=0 ble_lost=0 hard=0 sat=0 bin_us=5 max_observed_voices=4[0m
[0;32mI (24663) forensics: [HIST] fixture=1 class=attack_tail lower_us=1530 n=1[0m
[0;32mI (24673) forensics: [CALLBACK_CURVE] model=PAN fixture=1 voices=4 class=attack_tail n=1 avg_us=1560.00 p95_us=1565 p99_us=1565 p995_us=1565 p999_us=1565 max_us=1560 deadline=0 overhead_avg_us=29.78[0m
[0;32mI (24693) forensics: [CALLBACK_HIST] fixture=1 class=attack_tail lower_us=1560 n=1[0m
[0;32mI (24703) forensics: [CURVE] model=PAN fixture=1 voices=4 class=event n=2 avg_us=1512.10 p95_us=1740 p99_us=1740 p995_us=1740 p999_us=1740 max_us=1737 deadline=0 bad_voices=0 ble_lost=0 hard=0 sat=0 bin_us=5 max_observed_voices=4[0m
[0;32mI (24723) forensics: [HIST] fixture=1 class=event lower_us=1285 n=1[0m
[0;32mI (24723) forensics: [HIST] fixture=1 class=event lower_us=1735 n=1[0m
[0;32mI (24733) forensics: [CALLBACK_CURVE] model=PAN fixture=1 voices=4 class=event n=2 avg_us=1581.50 p95_us=1835 p99_us=1835 p995_us=1835 p999_us=1835 max_us=1834 deadline=0 overhead_avg_us=69.40[0m
[0;32mI (24753) forensics: [CALLBACK_HIST] fixture=1 class=event lower_us=1325 n=1[0m
[0;32mI (24763) forensics: [CALLBACK_HIST] fixture=1 class=event lower_us=1830 n=1[0m
[0;32mI (24763) forensics: [CURVE] model=PAN fixture=1 voices=4 class=fixture_transition n=1 avg_us=646.79 p95_us=650 p99_us=650 p995_us=650 p999_us=650 max_us=647 deadline=0 bad_voices=0 ble_lost=0 hard=0 sat=0 bin_us=5 max_observed_voices=4[0m
[0;32mI (24793) forensics: [HIST] fixture=1 class=fixture_transition lower_us=645 n=1[0m
[0;32mI (24793) forensics: [CALLBACK_CURVE] model=PAN fixture=1 voices=4 class=fixture_transition n=1 avg_us=676.00 p95_us=680 p99_us=680 p995_us=680 p999_us=680 max_us=676 deadline=0 overhead_avg_us=29.21[0m
[0;32mI (24813) forensics: [CALLBACK_HIST] fixture=1 class=fixture_transition lower_us=675 n=1[0m
[0;32mI (24823) forensics: [CURVE] model=PAN fixture=1 voices=4 class=release_tail n=4031 avg_us=617.66 p95_us=1200 p99_us=1210 p995_us=1230 p999_us=1260 max_us=1264 deadline=0 bad_voices=0 ble_lost=0 hard=0 sat=0 bin_us=5 max_observed_voices=4[0m
[0;32mI (24843) forensics: [HIST] fixture=1 class=release_tail lower_us=505 n=2709[0m
[0;32mI (24853) forensics: [HIST] fixture=1 class=release_tail lower_us=510 n=25[0m
[0;32mI (24863) forensics: [HIST] fixture=1 class=release_tail lower_us=515 n=134[0m
[0;32mI (24863) forensics: [HIST] fixture=1 class=release_tail lower_us=520 n=53[0m
[0;32mI (24873) forensics: [HIST] fixture=1 class=release_tail lower_us=525 n=13[0m
[0;32mI (24883) forensics: [HIST] fixture=1 class=release_tail lower_us=530 n=105[0m
[0;32mI (24893) forensics: [HIST] fixture=1 class=release_tail lower_us=535 n=27[0m
[0;32mI (24903) forensics: [HIST] fixture=1 class=release_tail lower_us=540 n=162[0m
[0;32mI (24903) forensics: [HIST] fixture=1 class=release_tail lower_us=545 n=66[0m
[0;32mI (24913) forensics: [HIST] fixture=1 class=release_tail lower_us=550 n=16[0m
[0;32mI (24923) forensics: [HIST] fixture=1 class=release_tail lower_us=555 n=15[0m
[0;32mI (24933) forensics: [HIST] fixture=1 class=release_tail lower_us=560 n=9[0m
[0;32mI (24933) forensics: [HIST] fixture=1 class=release_tail lower_us=565 n=2[0m
[0;32mI (24943) forensics: [HIST] fixture=1 class=release_tail lower_us=570 n=12[0m
[0;32mI (24953) forensics: [HIST] fixture=1 class=release_tail lower_us=575 n=2[0m
[0;32mI (24963) forensics: [HIST] fixture=1 class=release_tail lower_us=580 n=7[0m
[0;32mI (24963) forensics: [HIST] fixture=1 class=release_tail lower_us=585 n=1[0m
[0;32mI (24973) forensics: [HIST] fixture=1 class=release_tail lower_us=590 n=2[0m
[0;32mI (24983) forensics: [HIST] fixture=1 class=release_tail lower_us=595 n=2[0m
[0;32mI (24993) forensics: [HIST] fixture=1 class=release_tail lower_us=600 n=2[0m
[0;32mI (24993) forensics: [HIST] fixture=1 class=release_tail lower_us=605 n=2[0m
[0;32mI (25003) forensics: [HIST] fixture=1 class=release_tail lower_us=640 n=1[0m
[0;32mI (25013) forensics: [HIST] fixture=1 class=release_tail lower_us=700 n=12[0m
[0;32mI (25023) forensics: [HIST] fixture=1 class=release_tail lower_us=705 n=4[0m
[0;32mI (25023) forensics: [HIST] fixture=1 class=release_tail lower_us=710 n=10[0m
[0;32mI (25033) forensics: [HIST] fixture=1 class=release_tail lower_us=715 n=4[0m
[0;32mI (25043) forensics: [HIST] fixture=1 class=release_tail lower_us=720 n=4[0m
[0;32mI (25053) forensics: [HIST] fixture=1 class=release_tail lower_us=745 n=1[0m
[0;32mI (25053) forensics: [HIST] fixture=1 class=release_tail lower_us=860 n=2[0m
[0;32mI (25063) forensics: [HIST] fixture=1 class=release_tail lower_us=865 n=5[0m
[0;32mI (25073) forensics: [HIST] fixture=1 class=release_tail lower_us=870 n=1[0m
[0;32mI (25083) forensics: [HIST] fixture=1 class=release_tail lower_us=875 n=1[0m
[0;32mI (25083) forensics: [HIST] fixture=1 class=release_tail lower_us=880 n=1[0m
[0;32mI (25093) forensics: [HIST] fixture=1 class=release_tail lower_us=890 n=1[0m
[0;32mI (25103) forensics: [HIST] fixture=1 class=release_tail lower_us=1020 n=1[0m
[0;32mI (25113) forensics: [HIST] fixture=1 class=release_tail lower_us=1025 n=5[0m
[0;32mI (25113) forensics: [HIST] fixture=1 class=release_tail lower_us=1030 n=6[0m
[0;32mI (25123) forensics: [HIST] fixture=1 class=release_tail lower_us=1035 n=3[0m
[0;32mI (25133) forensics: [HIST] fixture=1 class=release_tail lower_us=1040 n=2[0m
[0;32mI (25143) forensics: [HIST] fixture=1 class=release_tail lower_us=1080 n=1[0m
[0;32mI (25143) forensics: [HIST] fixture=1 class=release_tail lower_us=1175 n=2[0m
[0;32mI (25153) forensics: [HIST] fixture=1 class=release_tail lower_us=1180 n=8[0m
[0;32mI (25163) forensics: [HIST] fixture=1 class=release_tail lower_us=1185 n=35[0m
[0;32mI (25173) forensics: [HIST] fixture=1 class=release_tail lower_us=1190 n=342[0m
[0;32mI (25173) forensics: [HIST] fixture=1 class=release_tail lower_us=1195 n=131[0m
[0;32mI (25183) forensics: [HIST] fixture=1 class=release_tail lower_us=1200 n=30[0m
[0;32mI (25193) forensics: [HIST] fixture=1 class=release_tail lower_us=1205 n=21[0m
[0;32mI (25203) forensics: [HIST] fixture=1 class=release_tail lower_us=1210 n=3[0m
[0;32mI (25203) forensics: [HIST] fixture=1 class=release_tail lower_us=1215 n=3[0m
[0;32mI (25213) forensics: [HIST] fixture=1 class=release_tail lower_us=1220 n=4[0m
[0;32mI (25223) forensics: [HIST] fixture=1 class=release_tail lower_us=1225 n=2[0m
[0;32mI (25233) forensics: [HIST] fixture=1 class=release_tail lower_us=1245 n=7[0m
[0;32mI (25233) forensics: [HIST] fixture=1 class=release_tail lower_us=1250 n=7[0m
[0;32mI (25243) forensics: [HIST] fixture=1 class=release_tail lower_us=1255 n=1[0m
[0;32mI (25253) forensics: [HIST] fixture=1 class=release_tail lower_us=1260 n=4[0m
[0;32mI (25263) forensics: [CALLBACK_CURVE] model=PAN fixture=1 voices=4 class=release_tail n=4031 avg_us=633.83 p95_us=1215 p99_us=1250 p995_us=1275 p999_us=1320 max_us=1363 deadline=0 overhead_avg_us=16.17[0m
[0;32mI (25283) forensics: [CALLBACK_HIST] fixture=1 class=release_tail lower_us=385 n=1[0m
[0;32mI (25283) forensics: [CALLBACK_HIST] fixture=1 class=release_tail lower_us=510 n=2000[0m
[0;32mI (25293) forensics: [CALLBACK_HIST] fixture=1 class=release_tail lower_us=515 n=354[0m
[0;32mI (25303) forensics: [CALLBACK_HIST] fixture=1 class=release_tail lower_us=520 n=127[0m
[0;32mI (25313) forensics: [CALLBACK_HIST] fixture=1 class=release_tail lower_us=525 n=42[0m
[0;32mI (25323) forensics: [CALLBACK_HIST] fixture=1 class=release_tail lower_us=530 n=117[0m
[0;32mI (25333) forensics: [CALLBACK_HIST] fixture=1 class=release_tail lower_us=535 n=71[0m
[0;32mI (25333) forensics: [CALLBACK_HIST] fixture=1 class=release_tail lower_us=540 n=87[0m
[0;32mI (25343) forensics: [CALLBACK_HIST] fixture=1 class=release_tail lower_us=545 n=63[0m
[0;32mI (25353) forensics: [CALLBACK_HIST] fixture=1 class=release_tail lower_us=550 n=155[0m
[0;32mI (25363) forensics: [CALLBACK_HIST] fixture=1 class=release_tail lower_us=555 n=68[0m
[0;32mI (25373) forensics: [CALLBACK_HIST] fixture=1 class=release_tail lower_us=560 n=43[0m
[0;32mI (25383) forensics: [CALLBACK_HIST] fixture=1 class=release_tail lower_us=565 n=54[0m
[0;32mI (25383) forensics: [CALLBACK_HIST] fixture=1 class=release_tail lower_us=570 n=37[0m
[0;32mI (25393) forensics: [CALLBACK_HIST] fixture=1 class=release_tail lower_us=575 n=27[0m
[0;32mI (25403) forensics: [CALLBACK_HIST] fixture=1 class=release_tail lower_us=580 n=19[0m
[0;32mI (25413) forensics: [CALLBACK_HIST] fixture=1 class=release_tail lower_us=585 n=11[0m
[0;32mI (25423) forensics: [CALLBACK_HIST] fixture=1 class=release_tail lower_us=590 n=10[0m
[0;32mI (25433) forensics: [CALLBACK_HIST] fixture=1 class=release_tail lower_us=595 n=8[0m
[0;32mI (25433) forensics: [CALLBACK_HIST] fixture=1 class=release_tail lower_us=600 n=7[0m
[0;32mI (25443) forensics: [CALLBACK_HIST] fixture=1 class=release_tail lower_us=605 n=9[0m
[0;32mI (25453) forensics: [CALLBACK_HIST] fixture=1 class=release_tail lower_us=610 n=5[0m
[0;32mI (25463) forensics: [CALLBACK_HIST] fixture=1 class=release_tail lower_us=615 n=3[0m
[0;32mI (25473) forensics: [CALLBACK_HIST] fixture=1 class=release_tail lower_us=620 n=6[0m
[0;32mI (25483) forensics: [CALLBACK_HIST] fixture=1 class=release_tail lower_us=625 n=1[0m
[0;32mI (25483) forensics: [CALLBACK_HIST] fixture=1 class=release_tail lower_us=630 n=2[0m
[0;32mI (25493) forensics: [CALLBACK_HIST] fixture=1 class=release_tail lower_us=635 n=3[0m
[0;32mI (25503) forensics: [CALLBACK_HIST] fixture=1 class=release_tail lower_us=640 n=2[0m
[0;32mI (25513) forensics: [CALLBACK_HIST] fixture=1 class=release_tail lower_us=645 n=1[0m
[0;32mI (25523) forensics: [CALLBACK_HIST] fixture=1 class=release_tail lower_us=650 n=5[0m
[0;32mI (25523) forensics: [CALLBACK_HIST] fixture=1 class=release_tail lower_us=655 n=3[0m
[0;32mI (25533) forensics: [CALLBACK_HIST] fixture=1 class=release_tail lower_us=660 n=2[0m
[0;32mI (25543) forensics: [CALLBACK_HIST] fixture=1 class=release_tail lower_us=665 n=1[0m
[0;32mI (25553) forensics: [CALLBACK_HIST] fixture=1 class=release_tail lower_us=670 n=2[0m
[0;32mI (25563) forensics: [CALLBACK_HIST] fixture=1 class=release_tail lower_us=675 n=1[0m
[0;32mI (25573) forensics: [CALLBACK_HIST] fixture=1 class=release_tail lower_us=680 n=2[0m
[0;32mI (25573) forensics: [CALLBACK_HIST] fixture=1 class=release_tail lower_us=685 n=1[0m
[0;32mI (25583) forensics: [CALLBACK_HIST] fixture=1 class=release_tail lower_us=690 n=2[0m
[0;32mI (25593) forensics: [CALLBACK_HIST] fixture=1 class=release_tail lower_us=700 n=3[0m
[0;32mI (25603) forensics: [CALLBACK_HIST] fixture=1 class=release_tail lower_us=705 n=1[0m
[0;32mI (25613) forensics: [CALLBACK_HIST] fixture=1 class=release_tail lower_us=710 n=6[0m
[0;32mI (25623) forensics: [CALLBACK_HIST] fixture=1 class=release_tail lower_us=715 n=6[0m
[0;32mI (25623) forensics: [CALLBACK_HIST] fixture=1 class=release_tail lower_us=720 n=3[0m
[0;32mI (25633) forensics: [CALLBACK_HIST] fixture=1 class=release_tail lower_us=725 n=4[0m
[0;32mI (25643) forensics: [CALLBACK_HIST] fixture=1 class=release_tail lower_us=730 n=4[0m
[0;32mI (25653) forensics: [CALLBACK_HIST] fixture=1 class=release_tail lower_us=735 n=5[0m
[0;32mI (25663) forensics: [CALLBACK_HIST] fixture=1 class=release_tail lower_us=745 n=6[0m
[0;32mI (25663) forensics: [CALLBACK_HIST] fixture=1 class=release_tail lower_us=750 n=3[0m
[0;32mI (25673) forensics: [CALLBACK_HIST] fixture=1 class=release_tail lower_us=755 n=1[0m
[0;32mI (25683) forensics: [CALLBACK_HIST] fixture=1 class=release_tail lower_us=760 n=3[0m
[0;32mI (25693) forensics: [CALLBACK_HIST] fixture=1 class=release_tail lower_us=790 n=1[0m
[0;32mI (25703) forensics: [CALLBACK_HIST] fixture=1 class=release_tail lower_us=795 n=1[0m
[0;32mI (25713) forensics: [CALLBACK_HIST] fixture=1 class=release_tail lower_us=810 n=2[0m
[0;32mI (25713) forensics: [CALLBACK_HIST] fixture=1 class=release_tail lower_us=830 n=1[0m
[0;32mI (25723) forensics: [CALLBACK_HIST] fixture=1 class=release_tail lower_us=870 n=1[0m
[0;32mI (25733) forensics: [CALLBACK_HIST] fixture=1 class=release_tail lower_us=875 n=4[0m
[0;32mI (25743) forensics: [CALLBACK_HIST] fixture=1 class=release_tail lower_us=880 n=1[0m
[0;32mI (25753) forensics: [CALLBACK_HIST] fixture=1 class=release_tail lower_us=890 n=1[0m
[0;32mI (25763) forensics: [CALLBACK_HIST] fixture=1 class=release_tail lower_us=905 n=1[0m
[0;32mI (25763) forensics: [CALLBACK_HIST] fixture=1 class=release_tail lower_us=915 n=1[0m
[0;32mI (25773) forensics: [CALLBACK_HIST] fixture=1 class=release_tail lower_us=920 n=2[0m
[0;32mI (25783) forensics: [CALLBACK_HIST] fixture=1 class=release_tail lower_us=1035 n=6[0m
[0;32mI (25793) forensics: [CALLBACK_HIST] fixture=1 class=release_tail lower_us=1040 n=1[0m
[0;32mI (25803) forensics: [CALLBACK_HIST] fixture=1 class=release_tail lower_us=1045 n=3[0m
[0;32mI (25813) forensics: [CALLBACK_HIST] fixture=1 class=release_tail lower_us=1055 n=1[0m
[0;32mI (25813) forensics: [CALLBACK_HIST] fixture=1 class=release_tail lower_us=1060 n=2[0m
[0;32mI (25823) forensics: [CALLBACK_HIST] fixture=1 class=release_tail lower_us=1065 n=1[0m
[0;32mI (25833) forensics: [CALLBACK_HIST] fixture=1 class=release_tail lower_us=1075 n=1[0m
[0;32mI (25843) forensics: [CALLBACK_HIST] fixture=1 class=release_tail lower_us=1080 n=1[0m
[0;32mI (25853) forensics: [CALLBACK_HIST] fixture=1 class=release_tail lower_us=1095 n=1[0m
[0;32mI (25863) forensics: [CALLBACK_HIST] fixture=1 class=release_tail lower_us=1125 n=1[0m
[0;32mI (25863) forensics: [CALLBACK_HIST] fixture=1 class=release_tail lower_us=1185 n=2[0m
[0;32mI (25873) forensics: [CALLBACK_HIST] fixture=1 class=release_tail lower_us=1190 n=3[0m
[0;32mI (25883) forensics: [CALLBACK_HIST] fixture=1 class=release_tail lower_us=1195 n=23[0m
[0;32mI (25893) forensics: [CALLBACK_HIST] fixture=1 class=release_tail lower_us=1200 n=213[0m
[0;32mI (25903) forensics: [CALLBACK_HIST] fixture=1 class=release_tail lower_us=1205 n=145[0m
[0;32mI (25913) forensics: [CALLBACK_HIST] fixture=1 class=release_tail lower_us=1210 n=75[0m
[0;32mI (25913) forensics: [CALLBACK_HIST] fixture=1 class=release_tail lower_us=1215 n=34[0m
[0;32mI (25923) forensics: [CALLBACK_HIST] fixture=1 class=release_tail lower_us=1220 n=13[0m
[0;32mI (25933) forensics: [CALLBACK_HIST] fixture=1 class=release_tail lower_us=1225 n=16[0m
[0;32mI (25943) forensics: [CALLBACK_HIST] fixture=1 class=release_tail lower_us=1230 n=14[0m
[0;32mI (25953) forensics: [CALLBACK_HIST] fixture=1 class=release_tail lower_us=1235 n=10[0m
[0;32mI (25963) forensics: [CALLBACK_HIST] fixture=1 class=release_tail lower_us=1240 n=9[0m
[0;32mI (25963) forensics: [CALLBACK_HIST] fixture=1 class=release_tail lower_us=1245 n=6[0m
[0;32mI (25973) forensics: [CALLBACK_HIST] fixture=1 class=release_tail lower_us=1250 n=5[0m
[0;32mI (25983) forensics: [CALLBACK_HIST] fixture=1 class=release_tail lower_us=1255 n=3[0m
[0;32mI (25993) forensics: [CALLBACK_HIST] fixture=1 class=release_tail lower_us=1260 n=1[0m
[0;32mI (26003) forensics: [CALLBACK_HIST] fixture=1 class=release_tail lower_us=1265 n=1[0m
[0;32mI (26013) forensics: [CALLBACK_HIST] fixture=1 class=release_tail lower_us=1270 n=7[0m
[0;32mI (26013) forensics: [CALLBACK_HIST] fixture=1 class=release_tail lower_us=1275 n=4[0m
[0;32mI (26023) forensics: [CALLBACK_HIST] fixture=1 class=release_tail lower_us=1285 n=4[0m
[0;32mI (26033) forensics: [CALLBACK_HIST] fixture=1 class=release_tail lower_us=1290 n=5[0m
[0;32mI (26043) forensics: [CALLBACK_HIST] fixture=1 class=release_tail lower_us=1295 n=1[0m
[0;32mI (26053) forensics: [CALLBACK_HIST] fixture=1 class=release_tail lower_us=1305 n=1[0m
[0;32mI (26063) forensics: [CALLBACK_HIST] fixture=1 class=release_tail lower_us=1315 n=3[0m
[0;32mI (26063) forensics: [CALLBACK_HIST] fixture=1 class=release_tail lower_us=1330 n=1[0m
[0;32mI (26073) forensics: [CALLBACK_HIST] fixture=1 class=release_tail lower_us=1360 n=1[0m
[0;32mI (26083) forensics: [FASTPATH] fixture=1 stable8=0 attack=0 sustain=2759[0m
[0;32mI (26093) forensics: [OVERHEAD] fixture=1 blocks=4096 model_reset_avg_us=1.58 model_reset_max_us=19 queue_avg_us=1.88 queue_max_us=26 render_avg_us=633.45 telem_avg_us=3.79 telem_max_us=116 telem_publishes=512[0m
[0;32mI (26113) forensics: [PROFILE_TOTAL] fixture=1 class=true_steady cycles_per_block=300523.00 n=1[0m
[0;32mI (26123) forensics: [PHASE] fixture=1 class=true_steady phase=0 cycles_per_block=192697.00 n=1[0m
[0;32mI (26133) forensics: [PHASE] fixture=1 class=true_steady phase=1 cycles_per_block=127488.00 n=1[0m
[0;32mI (26143) forensics: [PHASE] fixture=1 class=true_steady phase=2 cycles_per_block=0.00 n=1[0m
[0;32mI (26143) forensics: [PHASE] fixture=1 class=true_steady phase=3 cycles_per_block=0.00 n=1[0m
[0;32mI (26153) forensics: [PHASE] fixture=1 class=true_steady phase=4 cycles_per_block=660.00 n=1[0m
[0;32mI (26163) forensics: [PHASE] fixture=1 class=true_steady phase=5 cycles_per_block=23558.00 n=1[0m
[0;32mI (26173) forensics: [PHASE] fixture=1 class=true_steady phase=6 cycles_per_block=33930.00 n=1[0m
[0;32mI (26183) forensics: [PHASE] fixture=1 class=true_steady phase=7 cycles_per_block=63345.00 n=1[0m
[0;32mI (26193) forensics: [PHASE] fixture=1 class=true_steady phase=8 cycles_per_block=4102.00 n=1[0m
[0;32mI (26203) forensics: [PHASE] fixture=1 class=true_steady phase=9 cycles_per_block=0.00 n=1[0m
[0;32mI (26213) forensics: [PHASE] fixture=1 class=true_steady phase=10 cycles_per_block=0.00 n=1[0m
[0;32mI (26223) forensics: [PHASE] fixture=1 class=true_steady phase=11 cycles_per_block=0.00 n=1[0m
[0;32mI (26233) forensics: [PHASE] fixture=1 class=true_steady phase=12 cycles_per_block=0.00 n=1[0m
[0;32mI (26243) forensics: [PHASE] fixture=1 class=true_steady phase=13 cycles_per_block=0.00 n=1[0m
[0;32mI (26253) forensics: [PHASE] fixture=1 class=true_steady phase=14 cycles_per_block=0.00 n=1[0m
[0;32mI (26253) forensics: [PHASE] fixture=1 class=true_steady phase=15 cycles_per_block=0.00 n=1[0m
[0;32mI (26263) forensics: [PHASE] fixture=1 class=true_steady phase=16 cycles_per_block=0.00 n=1[0m
[0;32mI (26273) forensics: [PHASE] fixture=1 class=true_steady phase=17 cycles_per_block=5889.00 n=1[0m
[0;32mI (26283) forensics: [KERNEL] fixture=1 class=true_steady kernel=0 calls=0[0m
[0;32mI (26293) forensics: [KERNEL] fixture=1 class=true_steady kernel=1 calls=0[0m
[0;32mI (26303) forensics: [KERNEL] fixture=1 class=true_steady kernel=2 calls=512[0m
[0;32mI (26303) forensics: [KERNEL] fixture=1 class=true_steady kernel=3 calls=0[0m
[0;32mI (26313) forensics: [PROFILE_MAX] fixture=1 class=true_steady phase=0 cycles=192697 total=300523[0m
[0;32mI (26323) forensics: [PROFILE_MAX] fixture=1 class=true_steady phase=1 cycles=127488 total=300523[0m
[0;32mI (26333) forensics: [PROFILE_MAX] fixture=1 class=true_steady phase=2 cycles=0 total=300523[0m
[0;32mI (26343) forensics: [PROFILE_MAX] fixture=1 class=true_steady phase=3 cycles=0 total=300523[0m
[0;32mI (26353) forensics: [PROFILE_MAX] fixture=1 class=true_steady phase=4 cycles=660 total=300523[0m
[0;32mI (26363) forensics: [PROFILE_MAX] fixture=1 class=true_steady phase=5 cycles=23558 total=300523[0m
[0;32mI (26373) forensics: [PROFILE_MAX] fixture=1 class=true_steady phase=6 cycles=33930 total=300523[0m
[0;32mI (26383) forensics: [PROFILE_MAX] fixture=1 class=true_steady phase=7 cycles=63345 total=300523[0m
[0;32mI (26393) forensics: [PROFILE_MAX] fixture=1 class=true_steady phase=8 cycles=4102 total=300523[0m
[0;32mI (26403) forensics: [PROFILE_MAX] fixture=1 class=true_steady phase=9 cycles=0 total=300523[0m
[0;32mI (26413) forensics: [PROFILE_MAX] fixture=1 class=true_steady phase=10 cycles=0 total=300523[0m
[0;32mI (26413) forensics: [PROFILE_MAX] fixture=1 class=true_steady phase=11 cycles=0 total=300523[0m
[0;32mI (26423) forensics: [PROFILE_MAX] fixture=1 class=true_steady phase=12 cycles=0 total=300523[0m
[0;32mI (26433) forensics: [PROFILE_MAX] fixture=1 class=true_steady phase=13 cycles=0 total=300523[0m
[0;32mI (26443) forensics: [PROFILE_MAX] fixture=1 class=true_steady phase=14 cycles=0 total=300523[0m
[0;32mI (26453) forensics: [PROFILE_MAX] fixture=1 class=true_steady phase=15 cycles=0 total=300523[0m
[0;32mI (26463) forensics: [PROFILE_MAX] fixture=1 class=true_steady phase=16 cycles=0 total=300523[0m
[0;32mI (26473) forensics: [PROFILE_MAX] fixture=1 class=true_steady phase=17 cycles=5889 total=300523[0m
[0;32mI (26483) forensics: [PROFILE_TOTAL] fixture=1 class=attack_tail cycles_per_block=367253.00 n=1[0m
[0;32mI (26493) forensics: [PHASE] fixture=1 class=attack_tail phase=0 cycles_per_block=266730.00 n=1[0m
[0;32mI (26503) forensics: [PHASE] fixture=1 class=attack_tail phase=1 cycles_per_block=127513.00 n=1[0m
[0;32mI (26513) forensics: [PHASE] fixture=1 class=attack_tail phase=2 cycles_per_block=46447.00 n=1[0m
[0;32mI (26523) forensics: [PHASE] fixture=1 class=attack_tail phase=3 cycles_per_block=7680.00 n=1[0m
[0;32mI (26533) forensics: [PHASE] fixture=1 class=attack_tail phase=4 cycles_per_block=660.00 n=1[0m
[0;32mI (26533) forensics: [PHASE] fixture=1 class=attack_tail phase=5 cycles_per_block=23424.00 n=1[0m
[0;32mI (26543) forensics: [PHASE] fixture=1 class=attack_tail phase=6 cycles_per_block=33792.00 n=1[0m
[0;32mI (26553) forensics: [PHASE] fixture=1 class=attack_tail phase=7 cycles_per_block=56209.00 n=1[0m
[0;32mI (26563) forensics: [PHASE] fixture=1 class=attack_tail phase=8 cycles_per_block=4096.00 n=1[0m
[0;32mI (26573) forensics: [PHASE] fixture=1 class=attack_tail phase=9 cycles_per_block=0.00 n=1[0m
[0;32mI (26583) forensics: [PHASE] fixture=1 class=attack_tail phase=10 cycles_per_block=0.00 n=1[0m
[0;32mI (26593) forensics: [PHASE] fixture=1 class=attack_tail phase=11 cycles_per_block=0.00 n=1[0m
[0;32mI (26603) forensics: [PHASE] fixture=1 class=attack_tail phase=12 cycles_per_block=0.00 n=1[0m
[0;32mI (26613) forensics: [PHASE] fixture=1 class=attack_tail phase=13 cycles_per_block=0.00 n=1[0m
[0;32mI (26623) forensics: [PHASE] fixture=1 class=attack_tail phase=14 cycles_per_block=0.00 n=1[0m
[0;32mI (26633) forensics: [PHASE] fixture=1 class=attack_tail phase=15 cycles_per_block=0.00 n=1[0m
[0;32mI (26643) forensics: [PHASE] fixture=1 class=attack_tail phase=16 cycles_per_block=0.00 n=1[0m
[0;32mI (26643) forensics: [PHASE] fixture=1 class=attack_tail phase=17 cycles_per_block=5888.00 n=1[0m
[0;32mI (26653) forensics: [KERNEL] fixture=1 class=attack_tail kernel=0 calls=0[0m
[0;32mI (26663) forensics: [KERNEL] fixture=1 class=attack_tail kernel=1 calls=0[0m
[0;32mI (26673) forensics: [KERNEL] fixture=1 class=attack_tail kernel=2 calls=512[0m
[0;32mI (26683) forensics: [KERNEL] fixture=1 class=attack_tail kernel=3 calls=0[0m
[0;32mI (26683) forensics: [PROFILE_MAX] fixture=1 class=attack_tail phase=0 cycles=266730 total=367253[0m
[0;32mI (26693) forensics: [PROFILE_MAX] fixture=1 class=attack_tail phase=1 cycles=127513 total=367253[0m
[0;32mI (26703) forensics: [PROFILE_MAX] fixture=1 class=attack_tail phase=2 cycles=46447 total=367253[0m
[0;32mI (26713) forensics: [PROFILE_MAX] fixture=1 class=attack_tail phase=3 cycles=7680 total=367253[0m
[0;32mI (26723) forensics: [PROFILE_MAX] fixture=1 class=attack_tail phase=4 cycles=660 total=367253[0m
[0;32mI (26733) forensics: [PROFILE_MAX] fixture=1 class=attack_tail phase=5 cycles=23424 total=367253[0m
[0;32mI (26743) forensics: [PROFILE_MAX] fixture=1 class=attack_tail phase=6 cycles=33792 total=367253[0m
[0;32mI (26753) forensics: [PROFILE_MAX] fixture=1 class=attack_tail phase=7 cycles=56209 total=367253[0m
[0;32mI (26763) forensics: [PROFILE_MAX] fixture=1 class=attack_tail phase=8 cycles=4096 total=367253[0m
[0;32mI (26773) forensics: [PROFILE_MAX] fixture=1 class=attack_tail phase=9 cycles=0 total=367253[0m
[0;32mI (26783) forensics: [PROFILE_MAX] fixture=1 class=attack_tail phase=10 cycles=0 total=367253[0m
[0;32mI (26793) forensics: [PROFILE_MAX] fixture=1 class=attack_tail phase=11 cycles=0 total=367253[0m
[0;32mI (26803) forensics: [PROFILE_MAX] fixture=1 class=attack_tail phase=12 cycles=0 total=367253[0m
[0;32mI (26813) forensics: [PROFILE_MAX] fixture=1 class=attack_tail phase=13 cycles=0 total=367253[0m
[0;32mI (26813) forensics: [PROFILE_MAX] fixture=1 class=attack_tail phase=14 cycles=0 total=367253[0m
[0;32mI (26823) forensics: [PROFILE_MAX] fixture=1 class=attack_tail phase=15 cycles=0 total=367253[0m
[0;32mI (26833) forensics: [PROFILE_MAX] fixture=1 class=attack_tail phase=16 cycles=0 total=367253[0m
[0;32mI (26843) forensics: [PROFILE_MAX] fixture=1 class=attack_tail phase=17 cycles=5888 total=367253[0m
[0;32mI (26853) forensics: [PROFILE_TOTAL] fixture=1 class=event cycles_per_block=362904.50 n=2[0m
[0;32mI (26863) forensics: [PHASE] fixture=1 class=event phase=0 cycles_per_block=243120.50 n=2[0m
[0;32mI (26873) forensics: [PHASE] fixture=1 class=event phase=1 cycles_per_block=128216.50 n=2[0m
[0;32mI (26883) forensics: [PHASE] fixture=1 class=event phase=2 cycles_per_block=36112.50 n=2[0m
[0;32mI (26893) forensics: [PHASE] fixture=1 class=event phase=3 cycles_per_block=3840.00 n=2[0m
[0;32mI (26903) forensics: [PHASE] fixture=1 class=event phase=4 cycles_per_block=650.00 n=2[0m
[0;32mI (26903) forensics: [PHASE] fixture=1 class=event phase=5 cycles_per_block=23424.00 n=2[0m
[0;32mI (26913) forensics: [PHASE] fixture=1 class=event phase=6 cycles_per_block=33773.50 n=2[0m
[0;32mI (26923) forensics: [PHASE] fixture=1 class=event phase=7 cycles_per_block=63706.50 n=2[0m
[0;32mI (26933) forensics: [PHASE] fixture=1 class=event phase=8 cycles_per_block=4096.00 n=2[0m
[0;32mI (26943) forensics: [PHASE] fixture=1 class=event phase=9 cycles_per_block=146.00 n=2[0m
[0;32mI (26953) forensics: [PHASE] fixture=1 class=event phase=10 cycles_per_block=194.50 n=2[0m
[0;32mI (26963) forensics: [PHASE] fixture=1 class=event phase=11 cycles_per_block=60.00 n=2[0m
[0;32mI (26973) forensics: [PHASE] fixture=1 class=event phase=12 cycles_per_block=605.00 n=2[0m
[0;32mI (26973) forensics: [PHASE] fixture=1 class=event phase=13 cycles_per_block=702.00 n=2[0m
[0;32mI (26983) forensics: [PHASE] fixture=1 class=event phase=14 cycles_per_block=2800.00 n=2[0m
[0;32mI (26993) forensics: [PHASE] fixture=1 class=event phase=15 cycles_per_block=318.00 n=2[0m
[0;32mI (27003) forensics: [PHASE] fixture=1 class=event phase=16 cycles_per_block=699.00 n=2[0m
[0;32mI (27013) forensics: [PHASE] fixture=1 class=event phase=17 cycles_per_block=5860.00 n=2[0m
[0;32mI (27023) forensics: [KERNEL] fixture=1 class=event kernel=0 calls=0[0m
[0;32mI (27023) forensics: [KERNEL] fixture=1 class=event kernel=1 calls=0[0m
[0;32mI (27033) forensics: [KERNEL] fixture=1 class=event kernel=2 calls=1024[0m
[0;32mI (27043) forensics: [KERNEL] fixture=1 class=event kernel=3 calls=0[0m
[0;32mI (27053) forensics: [PROFILE_MAX] fixture=1 class=event phase=0 cycles=293549 total=416814[0m
[0;32mI (27053) forensics: [PROFILE_MAX] fixture=1 class=event phase=1 cycles=128944 total=416814[0m
[0;32mI (27063) forensics: [PROFILE_MAX] fixture=1 class=event phase=2 cycles=72225 total=416814[0m
[0;32mI (27073) forensics: [PROFILE_MAX] fixture=1 class=event phase=3 cycles=7680 total=416814[0m
[0;32mI (27083) forensics: [PROFILE_MAX] fixture=1 class=event phase=4 cycles=640 total=416814[0m
[0;32mI (27093) forensics: [PROFILE_MAX] fixture=1 class=event phase=5 cycles=23424 total=416814[0m
[0;32mI (27103) forensics: [PROFILE_MAX] fixture=1 class=event phase=6 cycles=33755 total=416814[0m
[0;32mI (27113) forensics: [PROFILE_MAX] fixture=1 class=event phase=7 cycles=61751 total=416814[0m
[0;32mI (27123) forensics: [PROFILE_MAX] fixture=1 class=event phase=8 cycles=4096 total=416814[0m
[0;32mI (27133) forensics: [PROFILE_MAX] fixture=1 class=event phase=9 cycles=292 total=416814[0m
[0;32mI (27133) forensics: [PROFILE_MAX] fixture=1 class=event phase=10 cycles=389 total=416814[0m
[0;32mI (27143) forensics: [PROFILE_MAX] fixture=1 class=event phase=11 cycles=120 total=416814[0m
[0;32mI (27153) forensics: [PROFILE_MAX] fixture=1 class=event phase=12 cycles=1210 total=416814[0m
[0;32mI (27163) forensics: [PROFILE_MAX] fixture=1 class=event phase=13 cycles=1404 total=416814[0m
[0;32mI (27173) forensics: [PROFILE_MAX] fixture=1 class=event phase=14 cycles=5600 total=416814[0m
[0;32mI (27183) forensics: [PROFILE_MAX] fixture=1 class=event phase=15 cycles=636 total=416814[0m
[0;32mI (27193) forensics: [PROFILE_MAX] fixture=1 class=event phase=16 cycles=1398 total=416814[0m
[0;32mI (27203) forensics: [PROFILE_MAX] fixture=1 class=event phase=17 cycles=5832 total=416814[0m
[0;32mI (27213) forensics: [PROFILE_TOTAL] fixture=1 class=release_tail cycles_per_block=156687.33 n=126[0m
[0;32mI (27223) forensics: [PHASE] fixture=1 class=release_tail phase=0 cycles_per_block=55936.30 n=126[0m
[0;32mI (27233) forensics: [PHASE] fixture=1 class=release_tail phase=1 cycles_per_block=20261.65 n=126[0m
[0;32mI (27233) forensics: [PHASE] fixture=1 class=release_tail phase=2 cycles_per_block=0.00 n=126[0m
[0;32mI (27243) forensics: [PHASE] fixture=1 class=release_tail phase=3 cycles_per_block=0.00 n=126[0m
[0;32mI (27253) forensics: [PHASE] fixture=1 class=release_tail phase=4 cycles_per_block=104.77 n=126[0m
[0;32mI (27263) forensics: [PHASE] fixture=1 class=release_tail phase=5 cycles_per_block=23430.32 n=126[0m
[0;32mI (27273) forensics: [PHASE] fixture=1 class=release_tail phase=6 cycles_per_block=33581.33 n=126[0m
[0;32mI (27283) forensics: [PHASE] fixture=1 class=release_tail phase=7 cycles_per_block=56556.93 n=126[0m
[0;32mI (27293) forensics: [PHASE] fixture=1 class=release_tail phase=8 cycles_per_block=4096.25 n=126[0m
[0;32mI (27303) forensics: [PHASE] fixture=1 class=release_tail phase=9 cycles_per_block=0.00 n=126[0m
[0;32mI (27313) forensics: [PHASE] fixture=1 class=release_tail phase=10 cycles_per_block=0.00 n=126[0m
[0;32mI (27323) forensics: [PHASE] fixture=1 class=release_tail phase=11 cycles_per_block=0.00 n=126[0m
[0;32mI (27333) forensics: [PHASE] fixture=1 class=release_tail phase=12 cycles_per_block=0.00 n=126[0m
[0;32mI (27343) forensics: [PHASE] fixture=1 class=release_tail phase=13 cycles_per_block=0.00 n=126[0m
[0;32mI (27353) forensics: [PHASE] fixture=1 class=release_tail phase=14 cycles_per_block=0.00 n=126[0m
[0;32mI (27363) forensics: [PHASE] fixture=1 class=release_tail phase=15 cycles_per_block=0.00 n=126[0m
[0;32mI (27373) forensics: [PHASE] fixture=1 class=release_tail phase=16 cycles_per_block=0.00 n=126[0m
[0;32mI (27383) forensics: [PHASE] fixture=1 class=release_tail phase=17 cycles_per_block=5888.14 n=126[0m
[0;32mI (27383) forensics: [KERNEL] fixture=1 class=release_tail kernel=0 calls=0[0m
[0;32mI (27393) forensics: [KERNEL] fixture=1 class=release_tail kernel=1 calls=0[0m
[0;32mI (27403) forensics: [KERNEL] fixture=1 class=release_tail kernel=2 calls=10240[0m
[0;32mI (27413) forensics: [KERNEL] fixture=1 class=release_tail kernel=3 calls=0[0m
[0;32mI (27423) forensics: [PROFILE_MAX] fixture=1 class=release_tail phase=0 cycles=193041 total=303277[0m
[0;32mI (27433) forensics: [PROFILE_MAX] fixture=1 class=release_tail phase=1 cycles=127488 total=303277[0m
[0;32mI (27433) forensics: [PROFILE_MAX] fixture=1 class=release_tail phase=2 cycles=0 total=303277[0m
[0;32mI (27443) forensics: [PROFILE_MAX] fixture=1 class=release_tail phase=3 cycles=0 total=303277[0m
[0;32mI (27453) forensics: [PROFILE_MAX] fixture=1 class=release_tail phase=4 cycles=660 total=303277[0m
[0;32mI (27463) forensics: [PROFILE_MAX] fixture=1 class=release_tail phase=5 cycles=23426 total=303277[0m
[0;32mI (27473) forensics: [PROFILE_MAX] fixture=1 class=release_tail phase=6 cycles=33794 total=303277[0m
[0;32mI (27483) forensics: [PROFILE_MAX] fixture=1 class=release_tail phase=7 cycles=65160 total=303277[0m
[0;32mI (27493) forensics: [PROFILE_MAX] fixture=1 class=release_tail phase=8 cycles=4096 total=303277[0m
[0;32mI (27503) forensics: [PROFILE_MAX] fixture=1 class=release_tail phase=9 cycles=0 total=303277[0m
[0;32mI (27513) forensics: [PROFILE_MAX] fixture=1 class=release_tail phase=10 cycles=0 total=303277[0m
[0;32mI (27523) forensics: [PROFILE_MAX] fixture=1 class=release_tail phase=11 cycles=0 total=303277[0m
[0;32mI (27533) forensics: [PROFILE_MAX] fixture=1 class=release_tail phase=12 cycles=0 total=303277[0m
[0;32mI (27543) forensics: [PROFILE_MAX] fixture=1 class=release_tail phase=13 cycles=0 total=303277[0m
[0;32mI (27553) forensics: [PROFILE_MAX] fixture=1 class=release_tail phase=14 cycles=0 total=303277[0m
[0;32mI (27563) forensics: [PROFILE_MAX] fixture=1 class=release_tail phase=15 cycles=0 total=303277[0m
[0;32mI (27573) forensics: [PROFILE_MAX] fixture=1 class=release_tail phase=16 cycles=0 total=303277[0m
[0;32mI (27573) forensics: [PROFILE_MAX] fixture=1 class=release_tail phase=17 cycles=5888 total=303277[0m
[0;32mI (27623) pocket_pan_main: [AUDIO] model=PAN blocks=10002 avg_us=565 p99_us=0 max_us=2706 cpu_load=21.2 deadline=1 timeout=0 tx_error=0 short=0[0m
[0;32mI (27623) pocket_pan_main: [MIDI] push=1 pop=1 drop=0 hwm=1 last=(n=50 v=75 t=78 hex=90324B)[0m
[0;32mI (27633) pocket_pan_main: [BLE] state=8 interval_ms=11.25 latency=0 rssi=-76 reconnects=0 last_disconnect=0[0m
[0;32mI (27643) pocket_pan_main: [MEM] internal_free=38303 largest_internal=19456[0m
[0;32mI (27653) pocket_pan_main: [UICORR] >1733(tot=537 draw=0 lcd=0 both=0 none=537) >2000(tot=2 draw=0 lcd=0 both=0 none=2)[0m
[0;32mI (27663) pocket_pan_main: [UIMETRIC] arch=0 field_updates=34 total_transfers=20 total_pixels=169920 last_sub_us=253 last_dma_us=2774[0m
[0;32mI (27673) pocket_pan_main: [UIREDRAW] urgent=13 telemetry=69 skip=584[0m
[0;32mI (32633) pocket_pan_main: [AUDIO] model=PAN blocks=11882 avg_us=523 p99_us=1825 max_us=2706 cpu_load=19.6 deadline=1 timeout=0 tx_error=0 short=0[0m
[0;32mI (32633) pocket_pan_main: [MIDI] push=1 pop=1 drop=0 hwm=1 last=(n=50 v=75 t=78 hex=90324B)[0m
[0;32mI (32643) pocket_pan_main: [BLE] state=8 interval_ms=11.25 latency=0 rssi=-78 reconnects=0 last_disconnect=0[0m
[0;32mI (32653) pocket_pan_main: [MEM] internal_free=46943 largest_internal=31744[0m
[0;32mI (32663) pocket_pan_main: [UICORR] >1733(tot=537 draw=0 lcd=0 both=0 none=537) >2000(tot=2 draw=0 lcd=0 both=0 none=2)[0m
[0;32mI (32673) pocket_pan_main: [UIMETRIC] arch=0 field_updates=35 total_transfers=21 total_pixels=171840 last_sub_us=359 last_dma_us=1146[0m
[0;32mI (32683) pocket_pan_main: [UIREDRAW] urgent=13 telemetry=88 skip=730[0m
[0;32mI (35153) forensics: [SAFETY] fixture=2 hard=0 sat=0 nonfinite=0 ble_lost=0[0m
[0;32mI (35153) forensics: [EVENT_ONLY] fixture=2 n=2 avg_us=72.44 max_us=115[0m
[0;32mI (35153) forensics: [FIXTURE_IO] model=PAN fixture=2 avg_us=526 p99_us=1825 max_us=2706 cpu_pct=19.72 deadline=1 timeouts=0 tx_errors=0 short_writes=0[0m
[0;32mI (35173) forensics: [CURVE] model=PAN fixture=2 voices=8 class=true_steady n=61 avg_us=1741.80 p95_us=1770 p99_us=1830 p995_us=1830 p999_us=1830 max_us=1828 deadline=0 bad_voices=0 ble_lost=0 hard=0 sat=0 bin_us=5 max_observed_voices=8[0m
[0;32mI (35193) forensics: [HIST] fixture=2 class=true_steady lower_us=1695 n=1[0m
[0;32mI (35203) forensics: [HIST] fixture=2 class=true_steady lower_us=1700 n=2[0m
[0;32mI (35213) forensics: [HIST] fixture=2 class=true_steady lower_us=1710 n=3[0m
[0;32mI (35213) forensics: [HIST] fixture=2 class=true_steady lower_us=1715 n=1[0m
[0;32mI (35223) forensics: [HIST] fixture=2 class=true_steady lower_us=1720 n=2[0m
[0;32mI (35233) forensics: [HIST] fixture=2 class=true_steady lower_us=1725 n=1[0m
[0;32mI (35233) forensics: [HIST] fixture=2 class=true_steady lower_us=1730 n=9[0m
[0;32mI (35243) forensics: [HIST] fixture=2 class=true_steady lower_us=1735 n=9[0m
[0;32mI (35253) forensics: [HIST] fixture=2 class=true_steady lower_us=1740 n=7[0m
[0;32mI (35263) forensics: [HIST] fixture=2 class=true_steady lower_us=1745 n=7[0m
[0;32mI (35263) forensics: [HIST] fixture=2 class=true_steady lower_us=1750 n=3[0m
[0;32mI (35273) forensics: [HIST] fixture=2 class=true_steady lower_us=1755 n=8[0m
[0;32mI (35283) forensics: [HIST] fixture=2 class=true_steady lower_us=1760 n=4[0m
[0;32mI (35293) forensics: [HIST] fixture=2 class=true_steady lower_us=1765 n=2[0m
[0;32mI (35293) forensics: [HIST] fixture=2 class=true_steady lower_us=1780 n=1[0m
[0;32mI (35303) forensics: [HIST] fixture=2 class=true_steady lower_us=1825 n=1[0m
[0;32mI (35313) forensics: [CALLBACK_CURVE] model=PAN fixture=2 voices=8 class=true_steady n=61 avg_us=1764.72 p95_us=1830 p99_us=1915 p995_us=1915 p999_us=1915 max_us=1911 deadline=0 overhead_avg_us=22.92[0m
[0;32mI (35333) forensics: [CALLBACK_HIST] fixture=2 class=true_steady lower_us=1710 n=2[0m
[0;32mI (35343) forensics: [CALLBACK_HIST] fixture=2 class=true_steady lower_us=1720 n=3[0m
[0;32mI (35343) forensics: [CALLBACK_HIST] fixture=2 class=true_steady lower_us=1725 n=1[0m
[0;32mI (35353) forensics: [CALLBACK_HIST] fixture=2 class=true_steady lower_us=1730 n=2[0m
[0;32mI (35363) forensics: [CALLBACK_HIST] fixture=2 class=true_steady lower_us=1735 n=2[0m
[0;32mI (35373) forensics: [CALLBACK_HIST] fixture=2 class=true_steady lower_us=1740 n=4[0m
[0;32mI (35383) forensics: [CALLBACK_HIST] fixture=2 class=true_steady lower_us=1745 n=4[0m
[0;32mI (35393) forensics: [CALLBACK_HIST] fixture=2 class=true_steady lower_us=1750 n=9[0m
[0;32mI (35393) forensics: [CALLBACK_HIST] fixture=2 class=true_steady lower_us=1755 n=4[0m
[0;32mI (35403) forensics: [CALLBACK_HIST] fixture=2 class=true_steady lower_us=1760 n=6[0m
[0;32mI (35413) forensics: [CALLBACK_HIST] fixture=2 class=true_steady lower_us=1765 n=6[0m
[0;32mI (35423) forensics: [CALLBACK_HIST] fixture=2 class=true_steady lower_us=1770 n=3[0m
[0;32mI (35433) forensics: [CALLBACK_HIST] fixture=2 class=true_steady lower_us=1775 n=5[0m
[0;32mI (35443) forensics: [CALLBACK_HIST] fixture=2 class=true_steady lower_us=1780 n=1[0m
[0;32mI (35443) forensics: [CALLBACK_HIST] fixture=2 class=true_steady lower_us=1785 n=2[0m
[0;32mI (35453) forensics: [CALLBACK_HIST] fixture=2 class=true_steady lower_us=1790 n=1[0m
[0;32mI (35463) forensics: [CALLBACK_HIST] fixture=2 class=true_steady lower_us=1815 n=1[0m
[0;32mI (35473) forensics: [CALLBACK_HIST] fixture=2 class=true_steady lower_us=1820 n=1[0m
[0;32mI (35483) forensics: [CALLBACK_HIST] fixture=2 class=true_steady lower_us=1825 n=1[0m
[0;32mI (35483) forensics: [CALLBACK_HIST] fixture=2 class=true_steady lower_us=1830 n=1[0m
[0;32mI (35493) forensics: [CALLBACK_HIST] fixture=2 class=true_steady lower_us=1895 n=1[0m
[0;32mI (35503) forensics: [CALLBACK_HIST] fixture=2 class=true_steady lower_us=1910 n=1[0m
[0;32mI (35513) forensics: [CURVE] model=PAN fixture=2 voices=8 class=attack_tail n=1 avg_us=2224.08 p95_us=2230 p99_us=2230 p995_us=2230 p999_us=2230 max_us=2225 deadline=0 bad_voices=0 ble_lost=0 hard=0 sat=0 bin_us=5 max_observed_voices=8[0m
[0;32mI (35533) forensics: [HIST] fixture=2 class=attack_tail lower_us=2225 n=1[0m
[0;32mI (35543) forensics: [CALLBACK_CURVE] model=PAN fixture=2 voices=8 class=attack_tail n=1 avg_us=2250.00 p95_us=2255 p99_us=2255 p995_us=2255 p999_us=2255 max_us=2250 deadline=0 overhead_avg_us=25.92[0m
[0;32mI (35563) forensics: [CALLBACK_HIST] fixture=2 class=attack_tail lower_us=2250 n=1[0m
[0;32mI (35563) forensics: [CURVE] model=PAN fixture=2 voices=8 class=event n=2 avg_us=2235.20 p95_us=2605 p99_us=2605 p995_us=2605 p999_us=2605 max_us=2600 deadline=0 bad_voices=0 ble_lost=0 hard=0 sat=0 bin_us=5 max_observed_voices=8[0m
[0;32mI (35593) forensics: [HIST] fixture=2 class=event lower_us=1870 n=1[0m
[0;32mI (35593) forensics: [HIST] fixture=2 class=event lower_us=2600 n=1[0m
[0;32mI (35603) forensics: [CALLBACK_CURVE] model=PAN fixture=2 voices=8 class=event n=2 avg_us=2312.50 p95_us=2710 p99_us=2710 p995_us=2710 p999_us=2710 max_us=2706 deadline=1 overhead_avg_us=77.30[0m
[0;32mI (35623) forensics: [CALLBACK_HIST] fixture=2 class=event lower_us=1915 n=1[0m
[0;32mI (35633) forensics: [CALLBACK_HIST] fixture=2 class=event lower_us=2705 n=1[0m
[0;32mI (35633) forensics: [CURVE] model=PAN fixture=2 voices=8 class=fixture_transition n=1 avg_us=607.49 p95_us=610 p99_us=610 p995_us=610 p999_us=610 max_us=608 deadline=0 bad_voices=0 ble_lost=0 hard=0 sat=0 bin_us=5 max_observed_voices=8[0m
[0;32mI (35653) forensics: [HIST] fixture=2 class=fixture_transition lower_us=605 n=1[0m
[0;32mI (35663) forensics: [CALLBACK_CURVE] model=PAN fixture=2 voices=8 class=fixture_transition n=1 avg_us=639.00 p95_us=640 p99_us=640 p995_us=640 p999_us=640 max_us=639 deadline=0 overhead_avg_us=31.51[0m
[0;32mI (35683) forensics: [CALLBACK_HIST] fixture=2 class=fixture_transition lower_us=635 n=1[0m
[0;32mI (35693) forensics: [CURVE] model=PAN fixture=2 voices=8 class=release_tail n=4031 avg_us=709.54 p95_us=1730 p99_us=1740 p995_us=1765 p999_us=1820 max_us=1822 deadline=0 bad_voices=0 ble_lost=0 hard=0 sat=0 bin_us=5 max_observed_voices=8[0m
[0;32mI (35713) forensics: [HIST] fixture=2 class=release_tail lower_us=505 n=2421[0m
[0;32mI (35723) forensics: [HIST] fixture=2 class=release_tail lower_us=510 n=31[0m
[0;32mI (35733) forensics: [HIST] fixture=2 class=release_tail lower_us=515 n=105[0m
[0;32mI (35733) forensics: [HIST] fixture=2 class=release_tail lower_us=520 n=38[0m
[0;32mI (35743) forensics: [HIST] fixture=2 class=release_tail lower_us=525 n=15[0m
[0;32mI (35753) forensics: [HIST] fixture=2 class=release_tail lower_us=530 n=98[0m
[0;32mI (35763) forensics: [HIST] fixture=2 class=release_tail lower_us=535 n=64[0m
[0;32mI (35763) forensics: [HIST] fixture=2 class=release_tail lower_us=540 n=377[0m
[0;32mI (35773) forensics: [HIST] fixture=2 class=release_tail lower_us=545 n=87[0m
[0;32mI (35783) forensics: [HIST] fixture=2 class=release_tail lower_us=550 n=27[0m
[0;32mI (35793) forensics: [HIST] fixture=2 class=release_tail lower_us=555 n=29[0m
[0;32mI (35803) forensics: [HIST] fixture=2 class=release_tail lower_us=560 n=18[0m
[0;32mI (35803) forensics: [HIST] fixture=2 class=release_tail lower_us=565 n=10[0m
[0;32mI (35813) forensics: [HIST] fixture=2 class=release_tail lower_us=570 n=14[0m
[0;32mI (35823) forensics: [HIST] fixture=2 class=release_tail lower_us=575 n=7[0m
[0;32mI (35833) forensics: [HIST] fixture=2 class=release_tail lower_us=580 n=3[0m
[0;32mI (35833) forensics: [HIST] fixture=2 class=release_tail lower_us=585 n=1[0m
[0;32mI (35843) forensics: [HIST] fixture=2 class=release_tail lower_us=590 n=2[0m
[0;32mI (35853) forensics: [HIST] fixture=2 class=release_tail lower_us=595 n=2[0m
[0;32mI (35863) forensics: [HIST] fixture=2 class=release_tail lower_us=600 n=1[0m
[0;32mI (35863) forensics: [HIST] fixture=2 class=release_tail lower_us=610 n=1[0m
[0;32mI (35873) forensics: [HIST] fixture=2 class=release_tail lower_us=615 n=2[0m
[0;32mI (35883) forensics: [HIST] fixture=2 class=release_tail lower_us=645 n=1[0m
[0;32mI (35883) forensics: [HIST] fixture=2 class=release_tail lower_us=665 n=1[0m
[0;32mI (35893) forensics: [HIST] fixture=2 class=release_tail lower_us=700 n=6[0m
[0;32mI (35903) forensics: [HIST] fixture=2 class=release_tail lower_us=710 n=1[0m
[0;32mI (35913) forensics: [HIST] fixture=2 class=release_tail lower_us=715 n=3[0m
[0;32mI (35913) forensics: [HIST] fixture=2 class=release_tail lower_us=720 n=1[0m
[0;32mI (35923) forensics: [HIST] fixture=2 class=release_tail lower_us=740 n=1[0m
[0;32mI (35933) forensics: [HIST] fixture=2 class=release_tail lower_us=855 n=1[0m
[0;32mI (35943) forensics: [HIST] fixture=2 class=release_tail lower_us=860 n=3[0m
[0;32mI (35943) forensics: [HIST] fixture=2 class=release_tail lower_us=865 n=4[0m
[0;32mI (35953) forensics: [HIST] fixture=2 class=release_tail lower_us=875 n=1[0m
[0;32mI (35963) forensics: [HIST] fixture=2 class=release_tail lower_us=880 n=3[0m
[0;32mI (35973) forensics: [HIST] fixture=2 class=release_tail lower_us=1025 n=4[0m
[0;32mI (35973) forensics: [HIST] fixture=2 class=release_tail lower_us=1030 n=1[0m
[0;32mI (35983) forensics: [HIST] fixture=2 class=release_tail lower_us=1040 n=1[0m
[0;32mI (35993) forensics: [HIST] fixture=2 class=release_tail lower_us=1190 n=1[0m
[0;32mI (36003) forensics: [HIST] fixture=2 class=release_tail lower_us=1205 n=1[0m
[0;32mI (36003) forensics: [HIST] fixture=2 class=release_tail lower_us=1360 n=1[0m
[0;32mI (36013) forensics: [HIST] fixture=2 class=release_tail lower_us=1505 n=1[0m
[0;32mI (36023) forensics: [HIST] fixture=2 class=release_tail lower_us=1510 n=11[0m
[0;32mI (36033) forensics: [HIST] fixture=2 class=release_tail lower_us=1515 n=4[0m
[0;32mI (36043) forensics: [HIST] fixture=2 class=release_tail lower_us=1520 n=1[0m
[0;32mI (36043) forensics: [HIST] fixture=2 class=release_tail lower_us=1525 n=1[0m
[0;32mI (36053) forensics: [HIST] fixture=2 class=release_tail lower_us=1530 n=1[0m
[0;32mI (36063) forensics: [HIST] fixture=2 class=release_tail lower_us=1535 n=1[0m
[0;32mI (36073) forensics: [HIST] fixture=2 class=release_tail lower_us=1590 n=1[0m
[0;32mI (36073) forensics: [HIST] fixture=2 class=release_tail lower_us=1665 n=1[0m
[0;32mI (36083) forensics: [HIST] fixture=2 class=release_tail lower_us=1675 n=3[0m
[0;32mI (36093) forensics: [HIST] fixture=2 class=release_tail lower_us=1705 n=1[0m
[0;32mI (36103) forensics: [HIST] fixture=2 class=release_tail lower_us=1710 n=15[0m
[0;32mI (36103) forensics: [HIST] fixture=2 class=release_tail lower_us=1715 n=32[0m
[0;32mI (36113) forensics: [HIST] fixture=2 class=release_tail lower_us=1720 n=237[0m
[0;32mI (36123) forensics: [HIST] fixture=2 class=release_tail lower_us=1725 n=226[0m
[0;32mI (36133) forensics: [HIST] fixture=2 class=release_tail lower_us=1730 n=65[0m
[0;32mI (36133) forensics: [HIST] fixture=2 class=release_tail lower_us=1735 n=12[0m
[0;32mI (36143) forensics: [HIST] fixture=2 class=release_tail lower_us=1740 n=3[0m
[0;32mI (36153) forensics: [HIST] fixture=2 class=release_tail lower_us=1745 n=1[0m
[0;32mI (36163) forensics: [HIST] fixture=2 class=release_tail lower_us=1750 n=3[0m
[0;32mI (36163) forensics: [HIST] fixture=2 class=release_tail lower_us=1755 n=2[0m
[0;32mI (36173) forensics: [HIST] fixture=2 class=release_tail lower_us=1760 n=1[0m
[0;32mI (36183) forensics: [HIST] fixture=2 class=release_tail lower_us=1800 n=1[0m
[0;32mI (36193) forensics: [HIST] fixture=2 class=release_tail lower_us=1805 n=1[0m
[0;32mI (36193) forensics: [HIST] fixture=2 class=release_tail lower_us=1810 n=9[0m
[0;32mI (36203) forensics: [HIST] fixture=2 class=release_tail lower_us=1815 n=7[0m
[0;32mI (36213) forensics: [HIST] fixture=2 class=release_tail lower_us=1820 n=2[0m
[0;32mI (36223) forensics: [CALLBACK_CURVE] model=PAN fixture=2 voices=8 class=release_tail n=4031 avg_us=725.91 p95_us=1745 p99_us=1775 p995_us=1830 p999_us=1860 max_us=1895 deadline=0 overhead_avg_us=16.37[0m
[0;32mI (36243) forensics: [CALLBACK_HIST] fixture=2 class=release_tail lower_us=510 n=1807[0m
[0;32mI (36243) forensics: [CALLBACK_HIST] fixture=2 class=release_tail lower_us=515 n=305[0m
[0;32mI (36253) forensics: [CALLBACK_HIST] fixture=2 class=release_tail lower_us=520 n=98[0m
[0;32mI (36263) forensics: [CALLBACK_HIST] fixture=2 class=release_tail lower_us=525 n=40[0m
[0;32mI (36273) forensics: [CALLBACK_HIST] fixture=2 class=release_tail lower_us=530 n=103[0m
[0;32mI (36283) forensics: [CALLBACK_HIST] fixture=2 class=release_tail lower_us=535 n=62[0m
[0;32mI (36293) forensics: [CALLBACK_HIST] fixture=2 class=release_tail lower_us=540 n=81[0m
[0;32mI (36293) forensics: [CALLBACK_HIST] fixture=2 class=release_tail lower_us=545 n=68[0m
[0;32mI (36303) forensics: [CALLBACK_HIST] fixture=2 class=release_tail lower_us=550 n=283[0m
[0;32mI (36313) forensics: [CALLBACK_HIST] fixture=2 class=release_tail lower_us=555 n=89[0m
[0;32mI (36323) forensics: [CALLBACK_HIST] fixture=2 class=release_tail lower_us=560 n=88[0m
[0;32mI (36333) forensics: [CALLBACK_HIST] fixture=2 class=release_tail lower_us=565 n=80[0m
[0;32mI (36343) forensics: [CALLBACK_HIST] fixture=2 class=release_tail lower_us=570 n=39[0m
[0;32mI (36343) forensics: [CALLBACK_HIST] fixture=2 class=release_tail lower_us=575 n=48[0m
[0;32mI (36353) forensics: [CALLBACK_HIST] fixture=2 class=release_tail lower_us=580 n=27[0m
[0;32mI (36363) forensics: [CALLBACK_HIST] fixture=2 class=release_tail lower_us=585 n=27[0m
[0;32mI (36373) forensics: [CALLBACK_HIST] fixture=2 class=release_tail lower_us=590 n=10[0m
[0;32mI (36383) forensics: [CALLBACK_HIST] fixture=2 class=release_tail lower_us=595 n=18[0m
[0;32mI (36393) forensics: [CALLBACK_HIST] fixture=2 class=release_tail lower_us=600 n=8[0m
[0;32mI (36393) forensics: [CALLBACK_HIST] fixture=2 class=release_tail lower_us=605 n=16[0m
[0;32mI (36403) forensics: [CALLBACK_HIST] fixture=2 class=release_tail lower_us=610 n=6[0m
[0;32mI (36413) forensics: [CALLBACK_HIST] fixture=2 class=release_tail lower_us=615 n=4[0m
[0;32mI (36423) forensics: [CALLBACK_HIST] fixture=2 class=release_tail lower_us=620 n=8[0m
[0;32mI (36433) forensics: [CALLBACK_HIST] fixture=2 class=release_tail lower_us=625 n=5[0m
[0;32mI (36443) forensics: [CALLBACK_HIST] fixture=2 class=release_tail lower_us=630 n=2[0m
[0;32mI (36443) forensics: [CALLBACK_HIST] fixture=2 class=release_tail lower_us=635 n=4[0m
[0;32mI (36453) forensics: [CALLBACK_HIST] fixture=2 class=release_tail lower_us=640 n=2[0m
[0;32mI (36463) forensics: [CALLBACK_HIST] fixture=2 class=release_tail lower_us=645 n=2[0m
[0;32mI (36473) forensics: [CALLBACK_HIST] fixture=2 class=release_tail lower_us=650 n=3[0m
[0;32mI (36483) forensics: [CALLBACK_HIST] fixture=2 class=release_tail lower_us=655 n=2[0m
[0;32mI (36483) forensics: [CALLBACK_HIST] fixture=2 class=release_tail lower_us=660 n=2[0m
[0;32mI (36493) forensics: [CALLBACK_HIST] fixture=2 class=release_tail lower_us=665 n=4[0m
[0;32mI (36503) forensics: [CALLBACK_HIST] fixture=2 class=release_tail lower_us=670 n=1[0m
[0;32mI (36513) forensics: [CALLBACK_HIST] fixture=2 class=release_tail lower_us=680 n=1[0m
[0;32mI (36523) forensics: [CALLBACK_HIST] fixture=2 class=release_tail lower_us=685 n=1[0m
[0;32mI (36533) forensics: [CALLBACK_HIST] fixture=2 class=release_tail lower_us=690 n=1[0m
[0;32mI (36533) forensics: [CALLBACK_HIST] fixture=2 class=release_tail lower_us=700 n=1[0m
[0;32mI (36543) forensics: [CALLBACK_HIST] fixture=2 class=release_tail lower_us=705 n=1[0m
[0;32mI (36553) forensics: [CALLBACK_HIST] fixture=2 class=release_tail lower_us=710 n=4[0m
[0;32mI (36563) forensics: [CALLBACK_HIST] fixture=2 class=release_tail lower_us=715 n=1[0m
[0;32mI (36573) forensics: [CALLBACK_HIST] fixture=2 class=release_tail lower_us=720 n=1[0m
[0;32mI (36583) forensics: [CALLBACK_HIST] fixture=2 class=release_tail lower_us=725 n=2[0m
[0;32mI (36583) forensics: [CALLBACK_HIST] fixture=2 class=release_tail lower_us=730 n=1[0m
[0;32mI (36593) forensics: [CALLBACK_HIST] fixture=2 class=release_tail lower_us=735 n=1[0m
[0;32mI (36603) forensics: [CALLBACK_HIST] fixture=2 class=release_tail lower_us=740 n=1[0m
[0;32mI (36613) forensics: [CALLBACK_HIST] fixture=2 class=release_tail lower_us=745 n=3[0m
[0;32mI (36623) forensics: [CALLBACK_HIST] fixture=2 class=release_tail lower_us=755 n=1[0m
[0;32mI (36633) forensics: [CALLBACK_HIST] fixture=2 class=release_tail lower_us=760 n=2[0m
[0;32mI (36633) forensics: [CALLBACK_HIST] fixture=2 class=release_tail lower_us=780 n=1[0m
[0;32mI (36643) forensics: [CALLBACK_HIST] fixture=2 class=release_tail lower_us=790 n=1[0m
[0;32mI (36653) forensics: [CALLBACK_HIST] fixture=2 class=release_tail lower_us=865 n=1[0m
[0;32mI (36663) forensics: [CALLBACK_HIST] fixture=2 class=release_tail lower_us=870 n=2[0m
[0;32mI (36673) forensics: [CALLBACK_HIST] fixture=2 class=release_tail lower_us=875 n=2[0m
[0;32mI (36673) forensics: [CALLBACK_HIST] fixture=2 class=release_tail lower_us=880 n=1[0m
[0;32mI (36683) forensics: [CALLBACK_HIST] fixture=2 class=release_tail lower_us=885 n=2[0m
[0;32mI (36693) forensics: [CALLBACK_HIST] fixture=2 class=release_tail lower_us=900 n=1[0m
[0;32mI (36703) forensics: [CALLBACK_HIST] fixture=2 class=release_tail lower_us=910 n=1[0m
[0;32mI (36713) forensics: [CALLBACK_HIST] fixture=2 class=release_tail lower_us=915 n=1[0m
[0;32mI (36723) forensics: [CALLBACK_HIST] fixture=2 class=release_tail lower_us=925 n=1[0m
[0;32mI (36723) forensics: [CALLBACK_HIST] fixture=2 class=release_tail lower_us=930 n=1[0m
[0;32mI (36733) forensics: [CALLBACK_HIST] fixture=2 class=release_tail lower_us=1035 n=2[0m
[0;32mI (36743) forensics: [CALLBACK_HIST] fixture=2 class=release_tail lower_us=1045 n=1[0m
[0;32mI (36753) forensics: [CALLBACK_HIST] fixture=2 class=release_tail lower_us=1060 n=1[0m
[0;32mI (36763) forensics: [CALLBACK_HIST] fixture=2 class=release_tail lower_us=1075 n=2[0m
[0;32mI (36773) forensics: [CALLBACK_HIST] fixture=2 class=release_tail lower_us=1205 n=1[0m
[0;32mI (36773) forensics: [CALLBACK_HIST] fixture=2 class=release_tail lower_us=1230 n=1[0m
[0;32mI (36783) forensics: [CALLBACK_HIST] fixture=2 class=release_tail lower_us=1380 n=1[0m
[0;32mI (36793) forensics: [CALLBACK_HIST] fixture=2 class=release_tail lower_us=1515 n=1[0m
[0;32mI (36803) forensics: [CALLBACK_HIST] fixture=2 class=release_tail lower_us=1520 n=6[0m
[0;32mI (36813) forensics: [CALLBACK_HIST] fixture=2 class=release_tail lower_us=1525 n=5[0m
[0;32mI (36823) forensics: [CALLBACK_HIST] fixture=2 class=release_tail lower_us=1530 n=4[0m
[0;32mI (36823) forensics: [CALLBACK_HIST] fixture=2 class=release_tail lower_us=1535 n=1[0m
[0;32mI (36833) forensics: [CALLBACK_HIST] fixture=2 class=release_tail lower_us=1555 n=1[0m
[0;32mI (36843) forensics: [CALLBACK_HIST] fixture=2 class=release_tail lower_us=1575 n=1[0m
[0;32mI (36853) forensics: [CALLBACK_HIST] fixture=2 class=release_tail lower_us=1580 n=1[0m
[0;32mI (36863) forensics: [CALLBACK_HIST] fixture=2 class=release_tail lower_us=1660 n=1[0m
[0;32mI (36873) forensics: [CALLBACK_HIST] fixture=2 class=release_tail lower_us=1675 n=1[0m
[0;32mI (36873) forensics: [CALLBACK_HIST] fixture=2 class=release_tail lower_us=1685 n=1[0m
[0;32mI (36883) forensics: [CALLBACK_HIST] fixture=2 class=release_tail lower_us=1690 n=2[0m
[0;32mI (36893) forensics: [CALLBACK_HIST] fixture=2 class=release_tail lower_us=1720 n=4[0m
[0;32mI (36903) forensics: [CALLBACK_HIST] fixture=2 class=release_tail lower_us=1725 n=23[0m
[0;32mI (36913) forensics: [CALLBACK_HIST] fixture=2 class=release_tail lower_us=1730 n=132[0m
[0;32mI (36923) forensics: [CALLBACK_HIST] fixture=2 class=release_tail lower_us=1735 n=150[0m
[0;32mI (36923) forensics: [CALLBACK_HIST] fixture=2 class=release_tail lower_us=1740 n=157[0m
[0;32mI (36933) forensics: [CALLBACK_HIST] fixture=2 class=release_tail lower_us=1745 n=65[0m
[0;32mI (36943) forensics: [CALLBACK_HIST] fixture=2 class=release_tail lower_us=1750 n=28[0m
[0;32mI (36953) forensics: [CALLBACK_HIST] fixture=2 class=release_tail lower_us=1755 n=9[0m
[0;32mI (36963) forensics: [CALLBACK_HIST] fixture=2 class=release_tail lower_us=1760 n=4[0m
[0;32mI (36973) forensics: [CALLBACK_HIST] fixture=2 class=release_tail lower_us=1765 n=4[0m
[0;32mI (36973) forensics: [CALLBACK_HIST] fixture=2 class=release_tail lower_us=1770 n=5[0m
[0;32mI (36983) forensics: [CALLBACK_HIST] fixture=2 class=release_tail lower_us=1775 n=2[0m
[0;32mI (36993) forensics: [CALLBACK_HIST] fixture=2 class=release_tail lower_us=1780 n=1[0m
[0;32mI (37003) forensics: [CALLBACK_HIST] fixture=2 class=release_tail lower_us=1785 n=3[0m
[0;32mI (37013) forensics: [CALLBACK_HIST] fixture=2 class=release_tail lower_us=1790 n=2[0m
[0;32mI (37023) forensics: [CALLBACK_HIST] fixture=2 class=release_tail lower_us=1795 n=2[0m
[0;32mI (37023) forensics: [CALLBACK_HIST] fixture=2 class=release_tail lower_us=1800 n=3[0m
[0;32mI (37033) forensics: [CALLBACK_HIST] fixture=2 class=release_tail lower_us=1805 n=2[0m
[0;32mI (37043) forensics: [CALLBACK_HIST] fixture=2 class=release_tail lower_us=1820 n=1[0m
[0;32mI (37053) forensics: [CALLBACK_HIST] fixture=2 class=release_tail lower_us=1825 n=1[0m
[0;32mI (37063) forensics: [CALLBACK_HIST] fixture=2 class=release_tail lower_us=1830 n=2[0m
[0;32mI (37073) forensics: [CALLBACK_HIST] fixture=2 class=release_tail lower_us=1835 n=3[0m
[0;32mI (37073) forensics: [CALLBACK_HIST] fixture=2 class=release_tail lower_us=1840 n=3[0m
[0;32mI (37083) forensics: [CALLBACK_HIST] fixture=2 class=release_tail lower_us=1845 n=6[0m
[0;32mI (37093) forensics: [CALLBACK_HIST] fixture=2 class=release_tail lower_us=1850 n=1[0m
[0;32mI (37103) forensics: [CALLBACK_HIST] fixture=2 class=release_tail lower_us=1855 n=1[0m
[0;32mI (37113) forensics: [CALLBACK_HIST] fixture=2 class=release_tail lower_us=1870 n=1[0m
[0;32mI (37123) forensics: [CALLBACK_HIST] fixture=2 class=release_tail lower_us=1875 n=1[0m
[0;32mI (37123) forensics: [CALLBACK_HIST] fixture=2 class=release_tail lower_us=1890 n=1[0m
[0;32mI (37133) forensics: [CALLBACK_HIST] fixture=2 class=release_tail lower_us=1895 n=1[0m
[0;32mI (37143) forensics: [FASTPATH] fixture=2 stable8=680 attack=16 sustain=5661[0m
[0;32mI (37153) forensics: [OVERHEAD] fixture=2 blocks=4096 model_reset_avg_us=1.69 model_reset_max_us=23 queue_avg_us=1.92 queue_max_us=32 render_avg_us=732.47 telem_avg_us=3.71 telem_max_us=78 telem_publishes=512[0m
[0;32mI (37173) forensics: [PROFILE_TOTAL] fixture=2 class=true_steady cycles_per_block=438667.00 n=1[0m
[0;32mI (37183) forensics: [PHASE] fixture=2 class=true_steady phase=0 cycles_per_block=327380.00 n=1[0m
[0;32mI (37193) forensics: [PHASE] fixture=2 class=true_steady phase=1 cycles_per_block=254977.00 n=1[0m
[0;32mI (37203) forensics: [PHASE] fixture=2 class=true_steady phase=2 cycles_per_block=0.00 n=1[0m
[0;32mI (37213) forensics: [PHASE] fixture=2 class=true_steady phase=3 cycles_per_block=0.00 n=1[0m
[0;32mI (37213) forensics: [PHASE] fixture=2 class=true_steady phase=4 cycles_per_block=1320.00 n=1[0m
[0;32mI (37223) forensics: [PHASE] fixture=2 class=true_steady phase=5 cycles_per_block=23424.00 n=1[0m
[0;32mI (37233) forensics: [PHASE] fixture=2 class=true_steady phase=6 cycles_per_block=33792.00 n=1[0m
[0;32mI (37243) forensics: [PHASE] fixture=2 class=true_steady phase=7 cycles_per_block=66955.00 n=1[0m
[0;32mI (37253) forensics: [PHASE] fixture=2 class=true_steady phase=8 cycles_per_block=4096.00 n=1[0m
[0;32mI (37263) forensics: [PHASE] fixture=2 class=true_steady phase=9 cycles_per_block=0.00 n=1[0m
[0;32mI (37273) forensics: [PHASE] fixture=2 class=true_steady phase=10 cycles_per_block=0.00 n=1[0m
[0;32mI (37283) forensics: [PHASE] fixture=2 class=true_steady phase=11 cycles_per_block=0.00 n=1[0m
[0;32mI (37293) forensics: [PHASE] fixture=2 class=true_steady phase=12 cycles_per_block=0.00 n=1[0m
[0;32mI (37303) forensics: [PHASE] fixture=2 class=true_steady phase=13 cycles_per_block=0.00 n=1[0m
[0;32mI (37313) forensics: [PHASE] fixture=2 class=true_steady phase=14 cycles_per_block=0.00 n=1[0m
[0;32mI (37313) forensics: [PHASE] fixture=2 class=true_steady phase=15 cycles_per_block=0.00 n=1[0m
[0;32mI (37323) forensics: [PHASE] fixture=2 class=true_steady phase=16 cycles_per_block=0.00 n=1[0m
[0;32mI (37333) forensics: [PHASE] fixture=2 class=true_steady phase=17 cycles_per_block=5888.00 n=1[0m
[0;32mI (37343) forensics: [KERNEL] fixture=2 class=true_steady kernel=0 calls=0[0m
[0;32mI (37353) forensics: [KERNEL] fixture=2 class=true_steady kernel=1 calls=0[0m
[0;32mI (37363) forensics: [KERNEL] fixture=2 class=true_steady kernel=2 calls=1024[0m
[0;32mI (37363) forensics: [KERNEL] fixture=2 class=true_steady kernel=3 calls=0[0m
[0;32mI (37373) forensics: [PROFILE_MAX] fixture=2 class=true_steady phase=0 cycles=327380 total=438667[0m
[0;32mI (37383) forensics: [PROFILE_MAX] fixture=2 class=true_steady phase=1 cycles=254977 total=438667[0m
[0;32mI (37393) forensics: [PROFILE_MAX] fixture=2 class=true_steady phase=2 cycles=0 total=438667[0m
[0;32mI (37403) forensics: [PROFILE_MAX] fixture=2 class=true_steady phase=3 cycles=0 total=438667[0m
[0;32mI (37413) forensics: [PROFILE_MAX] fixture=2 class=true_steady phase=4 cycles=1320 total=438667[0m
[0;32mI (37423) forensics: [PROFILE_MAX] fixture=2 class=true_steady phase=5 cycles=23424 total=438667[0m
[0;32mI (37433) forensics: [PROFILE_MAX] fixture=2 class=true_steady phase=6 cycles=33792 total=438667[0m
[0;32mI (37443) forensics: [PROFILE_MAX] fixture=2 class=true_steady phase=7 cycles=66955 total=438667[0m
[0;32mI (37453) forensics: [PROFILE_MAX] fixture=2 class=true_steady phase=8 cycles=4096 total=438667[0m
[0;32mI (37463) forensics: [PROFILE_MAX] fixture=2 class=true_steady phase=9 cycles=0 total=438667[0m
[0;32mI (37473) forensics: [PROFILE_MAX] fixture=2 class=true_steady phase=10 cycles=0 total=438667[0m
[0;32mI (37483) forensics: [PROFILE_MAX] fixture=2 class=true_steady phase=11 cycles=0 total=438667[0m
[0;32mI (37483) forensics: [PROFILE_MAX] fixture=2 class=true_steady phase=12 cycles=0 total=438667[0m
[0;32mI (37493) forensics: [PROFILE_MAX] fixture=2 class=true_steady phase=13 cycles=0 total=438667[0m
[0;32mI (37503) forensics: [PROFILE_MAX] fixture=2 class=true_steady phase=14 cycles=0 total=438667[0m
[0;32mI (37513) forensics: [PROFILE_MAX] fixture=2 class=true_steady phase=15 cycles=0 total=438667[0m
[0;32mI (37523) forensics: [PROFILE_MAX] fixture=2 class=true_steady phase=16 cycles=0 total=438667[0m
[0;32mI (37533) forensics: [PROFILE_MAX] fixture=2 class=true_steady phase=17 cycles=5888 total=438667[0m
[0;32mI (37543) forensics: [PROFILE_TOTAL] fixture=2 class=attack_tail cycles_per_block=533779.00 n=1[0m
[0;32mI (37553) forensics: [PHASE] fixture=2 class=attack_tail phase=0 cycles_per_block=426416.00 n=1[0m
[0;32mI (37563) forensics: [PHASE] fixture=2 class=attack_tail phase=1 cycles_per_block=255023.00 n=1[0m
[0;32mI (37573) forensics: [PHASE] fixture=2 class=attack_tail phase=2 cycles_per_block=79455.00 n=1[0m
[0;32mI (37583) forensics: [PHASE] fixture=2 class=attack_tail phase=3 cycles_per_block=0.00 n=1[0m
[0;32mI (37593) forensics: [PHASE] fixture=2 class=attack_tail phase=4 cycles_per_block=1320.00 n=1[0m
[0;32mI (37603) forensics: [PHASE] fixture=2 class=attack_tail phase=5 cycles_per_block=23424.00 n=1[0m
[0;32mI (37603) forensics: [PHASE] fixture=2 class=attack_tail phase=6 cycles_per_block=33792.00 n=1[0m
[0;32mI (37613) forensics: [PHASE] fixture=2 class=attack_tail phase=7 cycles_per_block=62747.00 n=1[0m
[0;32mI (37623) forensics: [PHASE] fixture=2 class=attack_tail phase=8 cycles_per_block=4096.00 n=1[0m
[0;32mI (37633) forensics: [PHASE] fixture=2 class=attack_tail phase=9 cycles_per_block=0.00 n=1[0m
[0;32mI (37643) forensics: [PHASE] fixture=2 class=attack_tail phase=10 cycles_per_block=0.00 n=1[0m
[0;32mI (37653) forensics: [PHASE] fixture=2 class=attack_tail phase=11 cycles_per_block=0.00 n=1[0m
[0;32mI (37663) forensics: [PHASE] fixture=2 class=attack_tail phase=12 cycles_per_block=0.00 n=1[0m
[0;32mI (37673) forensics: [PHASE] fixture=2 class=attack_tail phase=13 cycles_per_block=0.00 n=1[0m
[0;32mI (37683) forensics: [PHASE] fixture=2 class=attack_tail phase=14 cycles_per_block=0.00 n=1[0m
[0;32mI (37693) forensics: [PHASE] fixture=2 class=attack_tail phase=15 cycles_per_block=0.00 n=1[0m
[0;32mI (37703) forensics: [PHASE] fixture=2 class=attack_tail phase=16 cycles_per_block=0.00 n=1[0m
[0;32mI (37703) forensics: [PHASE] fixture=2 class=attack_tail phase=17 cycles_per_block=9094.00 n=1[0m
[0;32mI (37713) forensics: [KERNEL] fixture=2 class=attack_tail kernel=0 calls=0[0m
[0;32mI (37723) forensics: [KERNEL] fixture=2 class=attack_tail kernel=1 calls=0[0m
[0;32mI (37733) forensics: [KERNEL] fixture=2 class=attack_tail kernel=2 calls=1024[0m
[0;32mI (37743) forensics: [KERNEL] fixture=2 class=attack_tail kernel=3 calls=0[0m
[0;32mI (37743) forensics: [PROFILE_MAX] fixture=2 class=attack_tail phase=0 cycles=426416 total=533779[0m
[0;32mI (37753) forensics: [PROFILE_MAX] fixture=2 class=attack_tail phase=1 cycles=255023 total=533779[0m
[0;32mI (37763) forensics: [PROFILE_MAX] fixture=2 class=attack_tail phase=2 cycles=79455 total=533779[0m
[0;32mI (37773) forensics: [PROFILE_MAX] fixture=2 class=attack_tail phase=3 cycles=0 total=533779[0m
[0;32mI (37783) forensics: [PROFILE_MAX] fixture=2 class=attack_tail phase=4 cycles=1320 total=533779[0m
[0;32mI (37793) forensics: [PROFILE_MAX] fixture=2 class=attack_tail phase=5 cycles=23424 total=533779[0m
[0;32mI (37803) forensics: [PROFILE_MAX] fixture=2 class=attack_tail phase=6 cycles=33792 total=533779[0m
[0;32mI (37813) forensics: [PROFILE_MAX] fixture=2 class=attack_tail phase=7 cycles=62747 total=533779[0m
[0;32mI (37823) forensics: [PROFILE_MAX] fixture=2 class=attack_tail phase=8 cycles=4096 total=533779[0m
[0;32mI (37833) forensics: [PROFILE_MAX] fixture=2 class=attack_tail phase=9 cycles=0 total=533779[0m
[0;32mI (37843) forensics: [PROFILE_MAX] fixture=2 class=attack_tail phase=10 cycles=0 total=533779[0m
[0;32mI (37853) forensics: [PROFILE_MAX] fixture=2 class=attack_tail phase=11 cycles=0 total=533779[0m
[0;32mI (37863) forensics: [PROFILE_MAX] fixture=2 class=attack_tail phase=12 cycles=0 total=533779[0m
[0;32mI (37873) forensics: [PROFILE_MAX] fixture=2 class=attack_tail phase=13 cycles=0 total=533779[0m
[0;32mI (37883) forensics: [PROFILE_MAX] fixture=2 class=attack_tail phase=14 cycles=0 total=533779[0m
[0;32mI (37883) forensics: [PROFILE_MAX] fixture=2 class=attack_tail phase=15 cycles=0 total=533779[0m
[0;32mI (37893) forensics: [PROFILE_MAX] fixture=2 class=attack_tail phase=16 cycles=0 total=533779[0m
[0;32mI (37903) forensics: [PROFILE_MAX] fixture=2 class=attack_tail phase=17 cycles=9094 total=533779[0m
[0;32mI (37913) forensics: [PROFILE_TOTAL] fixture=2 class=event cycles_per_block=536447.50 n=2[0m
[0;32mI (37923) forensics: [PHASE] fixture=2 class=event phase=0 cycles_per_block=408841.00 n=2[0m
[0;32mI (37933) forensics: [PHASE] fixture=2 class=event phase=1 cycles_per_block=255742.00 n=2[0m
[0;32mI (37943) forensics: [PHASE] fixture=2 class=event phase=2 cycles_per_block=70626.00 n=2[0m
[0;32mI (37953) forensics: [PHASE] fixture=2 class=event phase=3 cycles_per_block=0.00 n=2[0m
[0;32mI (37963) forensics: [PHASE] fixture=2 class=event phase=4 cycles_per_block=1300.00 n=2[0m
[0;32mI (37963) forensics: [PHASE] fixture=2 class=event phase=5 cycles_per_block=23424.00 n=2[0m
[0;32mI (37973) forensics: [PHASE] fixture=2 class=event phase=6 cycles_per_block=33773.50 n=2[0m
[0;32mI (37983) forensics: [PHASE] fixture=2 class=event phase=7 cycles_per_block=64905.50 n=2[0m
[0;32mI (37993) forensics: [PHASE] fixture=2 class=event phase=8 cycles_per_block=4096.00 n=2[0m
[0;32mI (38003) forensics: [PHASE] fixture=2 class=event phase=9 cycles_per_block=292.00 n=2[0m
[0;32mI (38013) forensics: [PHASE] fixture=2 class=event phase=10 cycles_per_block=461.50 n=2[0m
[0;32mI (38023) forensics: [PHASE] fixture=2 class=event phase=11 cycles_per_block=120.00 n=2[0m
[0;32mI (38033) forensics: [PHASE] fixture=2 class=event phase=12 cycles_per_block=1201.00 n=2[0m
[0;32mI (38033) forensics: [PHASE] fixture=2 class=event phase=13 cycles_per_block=1404.00 n=2[0m
[0;32mI (38043) forensics: [PHASE] fixture=2 class=event phase=14 cycles_per_block=4708.50 n=2[0m
[0;32mI (38053) forensics: [PHASE] fixture=2 class=event phase=15 cycles_per_block=636.00 n=2[0m
[0;32mI (38063) forensics: [PHASE] fixture=2 class=event phase=16 cycles_per_block=1389.00 n=2[0m
[0;32mI (38073) forensics: [PHASE] fixture=2 class=event phase=17 cycles_per_block=7457.00 n=2[0m
[0;32mI (38083) forensics: [KERNEL] fixture=2 class=event kernel=0 calls=0[0m
[0;32mI (38093) forensics: [KERNEL] fixture=2 class=event kernel=1 calls=0[0m
[0;32mI (38093) forensics: [KERNEL] fixture=2 class=event kernel=2 calls=2048[0m
[0;32mI (38103) forensics: [KERNEL] fixture=2 class=event kernel=3 calls=0[0m
[0;32mI (38113) forensics: [PROFILE_MAX] fixture=2 class=event phase=0 cycles=488356 total=623879[0m
[0;32mI (38123) forensics: [PROFILE_MAX] fixture=2 class=event phase=1 cycles=254976 total=623879[0m
[0;32mI (38123) forensics: [PROFILE_MAX] fixture=2 class=event phase=2 cycles=141252 total=623879[0m
[0;32mI (38133) forensics: [PROFILE_MAX] fixture=2 class=event phase=3 cycles=0 total=623879[0m
[0;32mI (38143) forensics: [PROFILE_MAX] fixture=2 class=event phase=4 cycles=1280 total=623879[0m
[0;32mI (38153) forensics: [PROFILE_MAX] fixture=2 class=event phase=5 cycles=23424 total=623879[0m
[0;32mI (38163) forensics: [PROFILE_MAX] fixture=2 class=event phase=6 cycles=33755 total=623879[0m
[0;32mI (38173) forensics: [PROFILE_MAX] fixture=2 class=event phase=7 cycles=62797 total=623879[0m
[0;32mI (38183) forensics: [PROFILE_MAX] fixture=2 class=event phase=8 cycles=4096 total=623879[0m
[0;32mI (38193) forensics: [PROFILE_MAX] fixture=2 class=event phase=9 cycles=584 total=623879[0m
[0;32mI (38203) forensics: [PROFILE_MAX] fixture=2 class=event phase=10 cycles=923 total=623879[0m
[0;32mI (38203) forensics: [PROFILE_MAX] fixture=2 class=event phase=11 cycles=240 total=623879[0m
[0;32mI (38213) forensics: [PROFILE_MAX] fixture=2 class=event phase=12 cycles=2402 total=623879[0m
[0;32mI (38223) forensics: [PROFILE_MAX] fixture=2 class=event phase=13 cycles=2808 total=623879[0m
[0;32mI (38233) forensics: [PROFILE_MAX] fixture=2 class=event phase=14 cycles=9417 total=623879[0m
[0;32mI (38243) forensics: [PROFILE_MAX] fixture=2 class=event phase=15 cycles=1272 total=623879[0m
[0;32mI (38253) forensics: [PROFILE_MAX] fixture=2 class=event phase=16 cycles=2778 total=623879[0m
[0;32mI (38263) forensics: [PROFILE_MAX] fixture=2 class=event phase=17 cycles=9026 total=623879[0m
[0;32mI (38273) forensics: [PROFILE_TOTAL] fixture=2 class=release_tail cycles_per_block=181083.75 n=126[0m
[0;32mI (38283) forensics: [PHASE] fixture=2 class=release_tail phase=0 cycles_per_block=79576.16 n=126[0m
[0;32mI (38293) forensics: [PHASE] fixture=2 class=release_tail phase=1 cycles_per_block=42258.39 n=126[0m
[0;32mI (38303) forensics: [PHASE] fixture=2 class=release_tail phase=2 cycles_per_block=0.00 n=126[0m
[0;32mI (38303) forensics: [PHASE] fixture=2 class=release_tail phase=3 cycles_per_block=0.00 n=126[0m
[0;32mI (38313) forensics: [PHASE] fixture=2 class=release_tail phase=4 cycles_per_block=218.71 n=126[0m
[0;32mI (38323) forensics: [PHASE] fixture=2 class=release_tail phase=5 cycles_per_block=23429.24 n=126[0m
[0;32mI (38333) forensics: [PHASE] fixture=2 class=release_tail phase=6 cycles_per_block=33582.11 n=126[0m
[0;32mI (38343) forensics: [PHASE] fixture=2 class=release_tail phase=7 cycles_per_block=57348.44 n=126[0m
[0;32mI (38353) forensics: [PHASE] fixture=2 class=release_tail phase=8 cycles_per_block=4096.16 n=126[0m
[0;32mI (38363) forensics: [PHASE] fixture=2 class=release_tail phase=9 cycles_per_block=0.00 n=126[0m
[0;32mI (38373) forensics: [PHASE] fixture=2 class=release_tail phase=10 cycles_per_block=0.00 n=126[0m
[0;32mI (38383) forensics: [PHASE] fixture=2 class=release_tail phase=11 cycles_per_block=0.00 n=126[0m
[0;32mI (38393) forensics: [PHASE] fixture=2 class=release_tail phase=12 cycles_per_block=0.00 n=126[0m
[0;32mI (38403) forensics: [PHASE] fixture=2 class=release_tail phase=13 cycles_per_block=0.00 n=126[0m
[0;32mI (38413) forensics: [PHASE] fixture=2 class=release_tail phase=14 cycles_per_block=0.00 n=126[0m
[0;32mI (38423) forensics: [PHASE] fixture=2 class=release_tail phase=15 cycles_per_block=0.00 n=126[0m
[0;32mI (38433) forensics: [PHASE] fixture=2 class=release_tail phase=16 cycles_per_block=0.00 n=126[0m
[0;32mI (38443) forensics: [PHASE] fixture=2 class=release_tail phase=17 cycles_per_block=5888.26 n=126[0m
[0;32mI (38453) forensics: [KERNEL] fixture=2 class=release_tail kernel=0 calls=0[0m
[0;32mI (38453) forensics: [KERNEL] fixture=2 class=release_tail kernel=1 calls=0[0m
[0;32mI (38463) forensics: [KERNEL] fixture=2 class=release_tail kernel=2 calls=21376[0m
[0;32mI (38473) forensics: [KERNEL] fixture=2 class=release_tail kernel=3 calls=0[0m
[0;32mI (38483) forensics: [PROFILE_MAX] fixture=2 class=release_tail phase=0 cycles=327452 total=437096[0m
[0;32mI (38493) forensics: [PROFILE_MAX] fixture=2 class=release_tail phase=1 cycles=255021 total=437096[0m
[0;32mI (38503) forensics: [PROFILE_MAX] fixture=2 class=release_tail phase=2 cycles=0 total=437096[0m
[0;32mI (38503) forensics: [PROFILE_MAX] fixture=2 class=release_tail phase=3 cycles=0 total=437096[0m
[0;32mI (38513) forensics: [PROFILE_MAX] fixture=2 class=release_tail phase=4 cycles=1320 total=437096[0m
[0;32mI (38523) forensics: [PROFILE_MAX] fixture=2 class=release_tail phase=5 cycles=23424 total=437096[0m
[0;32mI (38533) forensics: [PROFILE_MAX] fixture=2 class=release_tail phase=6 cycles=33792 total=437096[0m
[0;32mI (38543) forensics: [PROFILE_MAX] fixture=2 class=release_tail phase=7 cycles=65308 total=437096[0m
[0;32mI (38553) forensics: [PROFILE_MAX] fixture=2 class=release_tail phase=8 cycles=4096 total=437096[0m
[0;32mI (38563) forensics: [PROFILE_MAX] fixture=2 class=release_tail phase=9 cycles=0 total=437096[0m
[0;32mI (38573) forensics: [PROFILE_MAX] fixture=2 class=release_tail phase=10 cycles=0 total=437096[0m
[0;32mI (38583) forensics: [PROFILE_MAX] fixture=2 class=release_tail phase=11 cycles=0 total=437096[0m
[0;32mI (38593) forensics: [PROFILE_MAX] fixture=2 class=release_tail phase=12 cycles=0 total=437096[0m
[0;32mI (38603) forensics: [PROFILE_MAX] fixture=2 class=release_tail phase=13 cycles=0 total=437096[0m
[0;32mI (38613) forensics: [PROFILE_MAX] fixture=2 class=release_tail phase=14 cycles=0 total=437096[0m
[0;32mI (38623) forensics: [PROFILE_MAX] fixture=2 class=release_tail phase=15 cycles=0 total=437096[0m
[0;32mI (38633) forensics: [PROFILE_MAX] fixture=2 class=release_tail phase=16 cycles=0 total=437096[0m
[0;32mI (38643) forensics: [PROFILE_MAX] fixture=2 class=release_tail phase=17 cycles=5888 total=437096[0m
[0;32mI (38683) pocket_pan_main: [AUDIO] model=PAN blocks=14149 avg_us=10 p99_us=625 max_us=2706 cpu_load=0.4 deadline=1 timeout=0 tx_error=0 short=0[0m
[0;32mI (38683) pocket_pan_main: [MIDI] push=1 pop=1 drop=0 hwm=1 last=(n=50 v=75 t=78 hex=90324B)[0m
[0;32mI (38693) pocket_pan_main: [BLE] state=8 interval_ms=11.25 latency=0 rssi=-97 reconnects=0 last_disconnect=0[0m
[0;32mI (38703) pocket_pan_main: [MEM] internal_free=46943 largest_internal=31744[0m
[0;32mI (38713) pocket_pan_main: [UICORR] >1733(tot=537 draw=0 lcd=0 both=0 none=537) >2000(tot=2 draw=0 lcd=0 both=0 none=2)[0m
[0;32mI (38723) pocket_pan_main: [UIMETRIC] arch=0 field_updates=36 total_transfers=22 total_pixels=173760 last_sub_us=265 last_dma_us=1052[0m
[0;32mI (38733) pocket_pan_main: [UIREDRAW] urgent=13 telemetry=100 skip=801[0m
