ESP-ROM:esp32s3-20210327
Build:Mar 27 2021
rst:0x15 (USB_UART_CHIP_RESET),boot:0x8 (SPI_FAST_FLASH_BOOT)
Saved PC:0x40381eaa
SPIWP:0xee
mode:DIO, clock div:1
load:0x3fce2810,len:0x178c
load:0x403c8700,len:0x4
load:0x403c8704,len:0xcb8
load:0x403cb700,len:0x2db0
entry 0x403c8914
[0;32mI (26) boot: ESP-IDF v5.3-dirty 2nd stage bootloader[0m
[0;32mI (27) boot: compile time Sep 28 2026 15:04:12[0m
[0;32mI (27) boot: Multicore bootloader[0m
[0;32mI (30) boot: chip revision: v0.2[0m
[0;32mI (34) boot.esp32s3: Boot SPI Speed : 80MHz[0m
[0;32mI (39) boot.esp32s3: SPI Mode       : DIO[0m
[0;32mI (43) boot.esp32s3: SPI Flash Size : 4MB[0m
[0;32mI (48) boot: Enabling RNG early entropy source...[0m
[0;32mI (54) boot: Partition Table:[0m
[0;32mI (57) boot: ## Label            Usage          Type ST Offset   Length[0m
[0;32mI (64) boot:  0 nvs              WiFi data        01 02 00009000 00006000[0m
[0;32mI (72) boot:  1 phy_init         RF data          01 01 0000f000 00001000[0m
[0;32mI (79) boot:  2 factory          factory app      00 00 00010000 00100000[0m
[0;32mI (87) boot: End of partition table[0m
[0;32mI (91) esp_image: segment 0: paddr=00010020 vaddr=3c070020 size=1f0e4h (127204) map[0m
[0;32mI (122) esp_image: segment 1: paddr=0002f10c vaddr=3fc9d000 size=00f0ch (  3852) load[0m
[0;32mI (124) esp_image: segment 2: paddr=00030020 vaddr=42000020 size=62430h (402480) map[0m
[0;32mI (200) esp_image: segment 3: paddr=00092458 vaddr=3fc9df0c size=035f4h ( 13812) load[0m
[0;32mI (203) esp_image: segment 4: paddr=00095a54 vaddr=40374000 size=18f70h (102256) load[0m
[0;32mI (238) boot: Loaded app from partition at offset 0x10000[0m
[0;32mI (239) boot: Disabling RNG early entropy source...[0m
[0;32mI (250) esp_psram: Found 2MB PSRAM device[0m
[0;32mI (250) esp_psram: Speed: 40MHz[0m
[0;32mI (251) cpu_start: Multicore app[0m
[0;32mI (670) esp_psram: SPI SRAM memory test OK[0m
[0;32mI (679) cpu_start: Pro cpu start user code[0m
[0;32mI (679) cpu_start: cpu freq: 240000000 Hz[0m
[0;32mI (680) app_init: Application information:[0m
[0;32mI (682) app_init: Project name:     pocket_pan[0m
[0;32mI (687) app_init: App version:      7db4f6b-dirty[0m
[0;32mI (693) app_init: Compile time:     Sep 28 2026 15:00:42[0m
[0;32mI (699) app_init: ELF file SHA256:  b82bb6488...[0m
[0;32mI (704) app_init: ESP-IDF:          v5.3-dirty[0m
[0;32mI (709) efuse_init: Min chip rev:     v0.0[0m
[0;32mI (714) efuse_init: Max chip rev:     v0.99 [0m
[0;32mI (719) efuse_init: Chip rev:         v0.2[0m
[0;32mI (724) heap_init: Initializing. RAM available for dynamic allocation:[0m
[0;32mI (731) heap_init: At 3FCAB3A0 len 0003E370 (248 KiB): RAM[0m
[0;32mI (737) heap_init: At 3FCE9710 len 00005724 (21 KiB): RAM[0m
[0;32mI (743) heap_init: At 3FCF0000 len 00008000 (32 KiB): DRAM[0m
[0;32mI (749) heap_init: At 600FE100 len 00001EE8 (7 KiB): RTCRAM[0m
[0;32mI (756) esp_psram: Adding pool of 2048K of PSRAM memory to heap allocator[0m
[0;32mI (764) spi_flash: detected chip: generic[0m
[0;32mI (768) spi_flash: flash io: dio[0m
[0;32mI (772) sleep: Configure to isolate all GPIO pins in sleep state[0m
[0;32mI (779) sleep: Enable automatic switching of GPIO sleep configuration[0m
[0;32mI (786) coexist: coex firmware version: dab85ae96[0m
[0;32mI (791) coexist: coexist rom version e7ae62f[0m
[0;32mI (796) main_task: Started on CPU0[0m
[0;32mI (806) esp_psram: Reserving pool of 32K of internal memory for DMA/internal allocations[0m
[0;32mI (806) main_task: Calling app_main()[0m
[0;32mI (816) pocket_pan_main: ===============================================[0m
[0;32mI (816) pocket_pan_main:   Pocket Pan / Metal Modal Synthesizer v1.0.0[0m
[0;32mI (826) pocket_pan_main:   Hardware: TENSTAR TS-ESP32-S3 (Feather TFT)[0m
[0;32mI (836) pocket_pan_main: ===============================================[0m
[0;32mI (846) gpio: GPIO[10]| InputEn: 0| OutputEn: 1| OpenDrain: 0| Pullup: 0| Pulldown: 1| Intr:0 [0m
[0;32mI (856) AudioI2S: I2S TX initialized (48kHz, 32-bit slot, stereo, 6x128 frames DMA = 1024 bytes/buf)[0m
[0;32mI (866) AudioI2S: Audio task started on Core 0 at priority 12[0m
[0;32mI (866) Display: [DISP_MEM_PRE] before: int_free=276555 int_largest=180224 psram_free=2094528[0m
[0;32mI (876) Display: [DISP_MEM] framebuffer=0x3fcbcab8 (size=64800, align=8, internal=1, dma=1, psram=0)[0m
[0;32mI (886) Display: [DISP_MEM] scratch=0x3fccc7dc (size=9600, align=12, internal=1, dma=1)[0m
[0;32mI (896) Display: [DISP_MEM] before: int_free=276555 int_largest=180224 psram_free=2094528[0m
[0;32mI (906) Display: [DISP_MEM] after:  int_free=202147 int_largest=106496 psram_free=2094528[0m
[0;32mI (916) gpio: GPIO[39]| InputEn: 0| OutputEn: 1| OpenDrain: 0| Pullup: 0| Pulldown: 0| Intr:0 [0m
[0;32mI (926) gpio: GPIO[40]| InputEn: 0| OutputEn: 1| OpenDrain: 0| Pullup: 0| Pulldown: 0| Intr:0 [0m
[0;32mI (936) gpio: GPIO[21]| InputEn: 0| OutputEn: 1| OpenDrain: 0| Pullup: 0| Pulldown: 0| Intr:0 [0m
[0;32mI (1156) gpio: GPIO[45]| InputEn: 0| OutputEn: 1| OpenDrain: 0| Pullup: 0| Pulldown: 0| Intr:0 [0m
[0;32mI (1156) Display: ST7789 240x135 display initialized successfully (SPI 40MHz, GDMA callback armed)[0m
[0;32mI (1156) pocket_pan_main: [CANARY] PreparedNote canaries OK=1[0m
[0;32mI (1166) BLE_INIT: BT controller compile version [ba3b3e3][0m
[0;32mI (1176) BLE_INIT: Bluetooth MAC: b4:3a:45:ae:6f:2a[0m
[0;32mI (1176) phy_init: phy_version 680,a6008b2,Jun  4 2024,16:41:10[0m
[0;32mI (1226) BleMidi: NimBLE Host task running on Core 1[0m
[0;32mI (1226) BleMidi: NimBLE BLE MIDI Central initialized and pinned to Core 1[0m
[0;32mI (1226) pocket_pan_main: Pocket Pan initialization complete. Realtime audio active.[0m
[0;32mI (1226) NimBLE: Failed to restore IRKs from store; status=8
[0m
[0;32mI (1246) NimBLE: GAP procedure initiated: discovery; [0m
[0;32mI (1236) main_task: Returned from app_main()[0m
[0;32mI (1246) NimBLE: own_addr_type=0 filter_policy=0 passive=0 limited=0 filter_duplicates=1 [0m
[0;32mI (1266) NimBLE: duration=forever[0m
[0;32mI (1266) NimBLE: 
[0m
[0;32mI (1266) BleMidi: Scanning for BLE MIDI devices...[0m
[0;32mI (1226) gpio: GPIO[0]| InputEn: 1| OutputEn: 0| OpenDrain: 0| Pullup: 1| Pulldown: 0| Intr:0 [0m
[0;32mI (1326) BleMidi: BLE MIDI device found (59:FB:B6:B7:BF:0F); connecting[0m
[0;32mI (1336) NimBLE: GAP procedure initiated: connect; [0m
[0;32mI (1336) NimBLE: peer_addr_type=0 peer_addr=[0m
[0;32mI (1336) NimBLE: 59:fb:b6:b7:bf:0f[0m
[0;32mI (1346) NimBLE:  scan_itvl=16 scan_window=16 itvl_min=24 itvl_max=40 latency=0 supervision_timeout=256 min_ce_len=0 max_ce_len=0 own_addr_type=0[0m
[0;32mI (1356) NimBLE: 
[0m
[0;32mI (1436) BleMidi: BLE Connected! conn_handle=1[0m
[0;32mI (1436) NimBLE: GAP procedure initiated: [0m
[0;32mI (1436) NimBLE: connection parameter update; conn_handle=1 itvl_min=6 itvl_max=12 latency=0 supervision_timeout=200 min_ce_len=0 max_ce_len=0[0m
[0;32mI (1456) NimBLE: 
[0m
[0;32mI (1456) BleMidi: Requested connection params 7.5-15ms latency=0 timeout=2s rc=0[0m
[0;32mI (1466) NimBLE: GATT procedure initiated: discover all services
[0m
[0;32mI (1776) BleMidi: Negotiated params interval=50.00ms latency=0 timeout=2560ms[0m
[0;32mI (1776) NimBLE: Reattempt connection; reason = 0x3e, status = 0,reattempt count = 0 [0m
[0;31mE (1776) BleMidi: MIDI service discovery failed; disconnecting for recovery[0m
[0;32mI (1786) NimBLE: GAP procedure initiated: terminate connection; conn_handle=1 hci_reason=19
[0m
[0;32mI (1796) NimBLE: GAP procedure initiated: connect; [0m
[0;32mI (1806) NimBLE: peer_addr_type=0 peer_addr=[0m
[0;32mI (1806) NimBLE: 59:fb:b6:b7:bf:0f[0m
[0;32mI (1806) NimBLE:  scan_itvl=16 scan_window=16 itvl_min=24 itvl_max=40 latency=0 supervision_timeout=256 min_ce_len=0 max_ce_len=0 own_addr_type=0[0m
[0;32mI (1826) NimBLE: 
[0m
[0;32mI (1896) BleMidi: BLE Connected! conn_handle=1[0m
[0;32mI (1896) NimBLE: GAP procedure initiated: [0m
[0;32mI (1896) NimBLE: connection parameter update; conn_handle=1 itvl_min=6 itvl_max=12 latency=0 supervision_timeout=200 min_ce_len=0 max_ce_len=0[0m
[0;32mI (1906) NimBLE: 
[0m
[0;32mI (1916) BleMidi: Requested connection params 7.5-15ms latency=0 timeout=2s rc=0[0m
[0;32mI (1926) NimBLE: GATT procedure initiated: discover all services
[0m
[0;32mI (2226) BleMidi: Negotiated params interval=50.00ms latency=0 timeout=2560ms[0m
[0;32mI (2226) NimBLE: Reattempt connection; reason = 0x3e, status = 0,reattempt count = 0 [0m
[0;31mE (2226) BleMidi: MIDI service discovery failed; disconnecting for recovery[0m
[0;32mI (2236) NimBLE: GAP procedure initiated: terminate connection; conn_handle=1 hci_reason=19
[0m
[0;32mI (2246) NimBLE: GAP procedure initiated: connect; [0m
[0;32mI (2256) NimBLE: peer_addr_type=0 peer_addr=[0m
[0;32mI (2256) NimBLE: 59:fb:b6:b7:bf:0f[0m
[0;32mI (2256) NimBLE:  scan_itvl=16 scan_window=16 itvl_min=24 itvl_max=40 latency=0 supervision_timeout=256 min_ce_len=0 max_ce_len=0 own_addr_type=0[0m
[0;32mI (2276) NimBLE: 
[0m
[0;32mI (2346) BleMidi: BLE Connected! conn_handle=1[0m
[0;32mI (2346) NimBLE: GAP procedure initiated: [0m
[0;32mI (2346) NimBLE: connection parameter update; conn_handle=1 itvl_min=6 itvl_max=12 latency=0 supervision_timeout=200 min_ce_len=0 max_ce_len=0[0m
[0;32mI (2356) NimBLE: 
[0m
[0;32mI (2366) BleMidi: Requested connection params 7.5-15ms latency=0 timeout=2s rc=0[0m
[0;32mI (2376) NimBLE: GATT procedure initiated: discover all services
[0m
[0;32mI (2676) BleMidi: Found BLE MIDI Service! start_handle=112 end_handle=115[0m
[0;32mI (2676) NimBLE: GATT procedure initiated: discover all characteristics; [0m
[0;32mI (2676) NimBLE: start_handle=112 end_handle=115
[0m
[0;32mI (2776) BleMidi: Found BLE MIDI Characteristic! def_handle=113 val_handle=114 props=0x16[0m
[0;32mI (2776) NimBLE: GATT procedure initiated: discover all descriptors; [0m
[0;32mI (2776) NimBLE: chr_val_handle=114 end_handle=115
[0m
[0;32mI (2876) BleMidi: Discovered CCCD (0x2902) handle=115[0m
[0;32mI (2876) NimBLE: GATT procedure initiated: write; [0m
[0;32mI (2876) NimBLE: att_handle=115 len=2
[0m
[0;32mI (2926) BleMidi: Negotiated params interval=7.50ms latency=0 timeout=2000ms[0m
[0;32mI (2946) BleMidi: CCCD subscription successful; BLE MIDI ready[0m
[0;32mI (2946) NimBLE: GAP procedure initiated: [0m
[0;32mI (2946) NimBLE: connection parameter update; conn_handle=1 itvl_min=6 itvl_max=9 latency=0 supervision_timeout=100 min_ce_len=0 max_ce_len=0[0m
[0;32mI (2956) NimBLE: 
[0m
[0;32mI (3046) BleMidi: Negotiated params interval=11.25ms latency=0 timeout=1000ms[0m
[0;32mI (5796) pocket_pan_main: [AUDIO] model=PAN blocks=1849 avg_us=340 p99_us=0 max_us=1075 cpu_load=12.7 deadline=0 timeout=0 tx_error=0 short=0[0m
[0;32mI (5796) pocket_pan_main: [MIDI] push=2 pop=2 drop=0 hwm=1 last=(n=57 v=75 t=78 hex=90394B)[0m
[0;32mI (5806) pocket_pan_main: [BLE] state=8 interval_ms=11.25 latency=0 rssi=-68 reconnects=0 last_disconnect=0[0m
[0;32mI (5816) pocket_pan_main: [MEM] internal_free=143639 largest_internal=40960[0m
[0;32mI (5826) pocket_pan_main: [UIREDRAW] urgent=14 telemetry=11 skip=123[0m
[0;32mI (10816) pocket_pan_main: [AUDIO] model=PAN blocks=3732 avg_us=340 p99_us=700 max_us=1075 cpu_load=12.7 deadline=0 timeout=0 tx_error=0 short=0[0m
[0;32mI (10816) pocket_pan_main: [MIDI] push=2 pop=2 drop=0 hwm=1 last=(n=57 v=75 t=78 hex=90394B)[0m
[0;32mI (10826) pocket_pan_main: [BLE] state=8 interval_ms=11.25 latency=0 rssi=-68 reconnects=0 last_disconnect=0[0m
[0;32mI (10836) pocket_pan_main: [MEM] internal_free=143639 largest_internal=40960[0m
[0;32mI (10846) pocket_pan_main: [UIREDRAW] urgent=14 telemetry=30 skip=270[0m
[0;32mI (15836) pocket_pan_main: [AUDIO] model=PAN blocks=5613 avg_us=340 p99_us=350 max_us=1075 cpu_load=12.7 deadline=0 timeout=0 tx_error=0 short=0[0m
[0;32mI (15836) pocket_pan_main: [MIDI] push=2 pop=2 drop=0 hwm=1 last=(n=57 v=75 t=78 hex=90394B)[0m
[0;32mI (15846) pocket_pan_main: [BLE] state=8 interval_ms=11.25 latency=0 rssi=-68 reconnects=0 last_disconnect=0[0m
[0;32mI (15856) pocket_pan_main: [MEM] internal_free=143639 largest_internal=40960[0m
[0;32mI (15866) pocket_pan_main: [UIREDRAW] urgent=14 telemetry=47 skip=419[0m
[0;32mI (20856) pocket_pan_main: [AUDIO] model=PAN blocks=7495 avg_us=340 p99_us=350 max_us=1075 cpu_load=12.7 deadline=0 timeout=0 tx_error=0 short=0[0m
[0;32mI (20856) pocket_pan_main: [MIDI] push=2 pop=2 drop=0 hwm=1 last=(n=57 v=75 t=78 hex=90394B)[0m
[0;32mI (20866) pocket_pan_main: [BLE] state=8 interval_ms=11.25 latency=0 rssi=-68 reconnects=0 last_disconnect=0[0m
[0;32mI (20876) pocket_pan_main: [MEM] internal_free=143639 largest_internal=40960[0m
[0;32mI (20886) pocket_pan_main: [UIREDRAW] urgent=14 telemetry=63 skip=569[0m
[0;32mI (25866) pocket_pan_main: [AUDIO] model=PAN blocks=9375 avg_us=340 p99_us=350 max_us=1075 cpu_load=12.7 deadline=0 timeout=0 tx_error=0 short=0[0m
[0;32mI (25866) pocket_pan_main: [MIDI] push=2 pop=2 drop=0 hwm=1 last=(n=57 v=75 t=78 hex=90394B)[0m
[0;32mI (25876) pocket_pan_main: [BLE] state=8 interval_ms=11.25 latency=0 rssi=-69 reconnects=0 last_disconnect=0[0m
[0;32mI (25886) pocket_pan_main: [MEM] internal_free=143639 largest_internal=40960[0m
[0;32mI (25896) pocket_pan_main: [UIREDRAW] urgent=14 telemetry=82 skip=716[0m
[0;32mI (30886) pocket_pan_main: [AUDIO] model=PAN blocks=11258 avg_us=340 p99_us=350 max_us=1075 cpu_load=12.7 deadline=0 timeout=0 tx_error=0 short=0[0m
[0;32mI (30886) pocket_pan_main: [MIDI] push=2 pop=2 drop=0 hwm=1 last=(n=57 v=75 t=78 hex=90394B)[0m
[0;32mI (30896) pocket_pan_main: [BLE] state=8 interval_ms=11.25 latency=0 rssi=-68 reconnects=0 last_disconnect=0[0m
[0;32mI (30906) pocket_pan_main: [MEM] internal_free=143639 largest_internal=40960[0m
[0;32mI (30916) pocket_pan_main: [UIREDRAW] urgent=14 telemetry=98 skip=866[0m
[0;32mI (35906) pocket_pan_main: [AUDIO] model=PAN blocks=13140 avg_us=340 p99_us=350 max_us=1075 cpu_load=12.7 deadline=0 timeout=0 tx_error=0 short=0[0m
[0;32mI (35906) pocket_pan_main: [MIDI] push=2 pop=2 drop=0 hwm=1 last=(n=57 v=75 t=78 hex=90394B)[0m
[0;32mI (35916) pocket_pan_main: [BLE] state=8 interval_ms=11.25 latency=0 rssi=-67 reconnects=0 last_disconnect=0[0m
[0;32mI (35926) pocket_pan_main: [MEM] internal_free=143639 largest_internal=40960[0m
[0;32mI (35936) pocket_pan_main: [UIREDRAW] urgent=14 telemetry=115 skip=1015[0m
[0;32mI (40926) pocket_pan_main: [AUDIO] model=PAN blocks=15021 avg_us=340 p99_us=350 max_us=1075 cpu_load=12.7 deadline=0 timeout=0 tx_error=0 short=0[0m
[0;32mI (40926) pocket_pan_main: [MIDI] push=2 pop=2 drop=0 hwm=1 last=(n=57 v=75 t=78 hex=90394B)[0m
[0;32mI (40936) pocket_pan_main: [BLE] state=8 interval_ms=11.25 latency=0 rssi=-68 reconnects=0 last_disconnect=0[0m
[0;32mI (40946) pocket_pan_main: [MEM] internal_free=143639 largest_internal=40960[0m
[0;32mI (40956) pocket_pan_main: [UIREDRAW] urgent=14 telemetry=130 skip=1166[0m
[0;32mI (45936) pocket_pan_main: [AUDIO] model=PAN blocks=16902 avg_us=341 p99_us=375 max_us=1075 cpu_load=12.8 deadline=0 timeout=0 tx_error=0 short=0[0m
[0;32mI (45936) pocket_pan_main: [MIDI] push=2 pop=2 drop=0 hwm=1 last=(n=57 v=75 t=78 hex=90394B)[0m
[0;32mI (45946) pocket_pan_main: [BLE] state=8 interval_ms=11.25 latency=0 rssi=-68 reconnects=0 last_disconnect=0[0m
[0;32mI (45956) pocket_pan_main: [MEM] internal_free=143639 largest_internal=40960[0m
[0;32mI (45966) pocket_pan_main: [UIREDRAW] urgent=14 telemetry=149 skip=1313[0m
[0;32mI (50956) pocket_pan_main: [AUDIO] model=PAN blocks=18784 avg_us=341 p99_us=375 max_us=1075 cpu_load=12.8 deadline=0 timeout=0 tx_error=0 short=0[0m
[0;32mI (50956) pocket_pan_main: [MIDI] push=2 pop=2 drop=0 hwm=1 last=(n=57 v=75 t=78 hex=90394B)[0m
[0;32mI (50966) pocket_pan_main: [BLE] state=8 interval_ms=11.25 latency=0 rssi=-67 reconnects=0 last_disconnect=0[0m
[0;32mI (50976) pocket_pan_main: [MEM] internal_free=143639 largest_internal=40960[0m
[0;32mI (50986) pocket_pan_main: [UIREDRAW] urgent=14 telemetry=167 skip=1461[0m
[0;32mI (55976) pocket_pan_main: [AUDIO] model=PAN blocks=20666 avg_us=340 p99_us=350 max_us=1075 cpu_load=12.7 deadline=0 timeout=0 tx_error=0 short=0[0m
[0;32mI (55976) pocket_pan_main: [MIDI] push=2 pop=2 drop=0 hwm=1 last=(n=57 v=75 t=78 hex=90394B)[0m
[0;32mI (55986) pocket_pan_main: [BLE] state=8 interval_ms=11.25 latency=0 rssi=-67 reconnects=0 last_disconnect=0[0m
[0;32mI (55996) pocket_pan_main: [MEM] internal_free=143639 largest_internal=40960[0m
[0;32mI (56006) pocket_pan_main: [UIREDRAW] urgent=14 telemetry=179 skip=1615[0m
[0;32mI (60996) pocket_pan_main: [AUDIO] model=PAN blocks=22547 avg_us=341 p99_us=350 max_us=1075 cpu_load=12.8 deadline=0 timeout=0 tx_error=0 short=0[0m
[0;32mI (60996) pocket_pan_main: [MIDI] push=2 pop=2 drop=0 hwm=1 last=(n=57 v=75 t=78 hex=90394B)[0m
[0;32mI (61006) pocket_pan_main: [BLE] state=8 interval_ms=11.25 latency=0 rssi=-68 reconnects=0 last_disconnect=0[0m
[0;32mI (61016) pocket_pan_main: [MEM] internal_free=143639 largest_internal=40960[0m
[0;32mI (61026) pocket_pan_main: [UIREDRAW] urgent=14 telemetry=194 skip=1766[0m
[0;32mI (66006) pocket_pan_main: [AUDIO] model=PAN blocks=24428 avg_us=341 p99_us=350 max_us=1075 cpu_load=12.8 deadline=0 timeout=0 tx_error=0 short=0[0m
[0;32mI (66006) pocket_pan_main: [MIDI] push=2 pop=2 drop=0 hwm=1 last=(n=57 v=75 t=78 hex=90394B)[0m
[0;32mI (66016) pocket_pan_main: [BLE] state=8 interval_ms=11.25 latency=0 rssi=-69 reconnects=0 last_disconnect=0[0m
[0;32mI (66026) pocket_pan_main: [MEM] internal_free=143639 largest_internal=40960[0m
[0;32mI (66036) pocket_pan_main: [UIREDRAW] urgent=14 telemetry=205 skip=1921[0m
[0;32mI (71026) pocket_pan_main: [AUDIO] model=PAN blocks=26310 avg_us=340 p99_us=375 max_us=1075 cpu_load=12.7 deadline=0 timeout=0 tx_error=0 short=0[0m
[0;32mI (71026) pocket_pan_main: [MIDI] push=2 pop=2 drop=0 hwm=1 last=(n=57 v=75 t=78 hex=90394B)[0m
[0;32mI (71036) pocket_pan_main: [BLE] state=8 interval_ms=11.25 latency=0 rssi=-69 reconnects=0 last_disconnect=0[0m
[0;32mI (71046) pocket_pan_main: [MEM] internal_free=143639 largest_internal=40960[0m
[0;32mI (71056) pocket_pan_main: [UIREDRAW] urgent=14 telemetry=221 skip=2071[0m
[0;32mI (76046) pocket_pan_main: [AUDIO] model=PAN blocks=28192 avg_us=340 p99_us=350 max_us=1075 cpu_load=12.7 deadline=0 timeout=0 tx_error=0 short=0[0m
[0;32mI (76046) pocket_pan_main: [MIDI] push=2 pop=2 drop=0 hwm=1 last=(n=57 v=75 t=78 hex=90394B)[0m
[0;32mI (76056) pocket_pan_main: [BLE] state=8 interval_ms=11.25 latency=0 rssi=-82 reconnects=0 last_disconnect=0[0m
[0;32mI (76066) pocket_pan_main: [MEM] internal_free=143639 largest_internal=40960[0m
[0;32mI (76076) pocket_pan_main: [UIREDRAW] urgent=14 telemetry=235 skip=2223[0m
[0;32mI (81066) pocket_pan_main: [AUDIO] model=PAN blocks=30074 avg_us=340 p99_us=350 max_us=1075 cpu_load=12.7 deadline=0 timeout=0 tx_error=0 short=0[0m
[0;32mI (81066) pocket_pan_main: [MIDI] push=2 pop=2 drop=0 hwm=1 last=(n=57 v=75 t=78 hex=90394B)[0m
[0;32mI (81076) pocket_pan_main: [BLE] state=8 interval_ms=11.25 latency=0 rssi=-68 reconnects=0 last_disconnect=0[0m
[0;32mI (81086) pocket_pan_main: [MEM] internal_free=143639 largest_internal=40960[0m
[0;32mI (81096) pocket_pan_main: [UIREDRAW] urgent=14 telemetry=250 skip=2374[0m
[0;32mI (86076) pocket_pan_main: [AUDIO] model=PAN blocks=31954 avg_us=340 p99_us=350 max_us=1075 cpu_load=12.7 deadline=0 timeout=0 tx_error=0 short=0[0m
[0;32mI (86076) pocket_pan_main: [MIDI] push=2 pop=2 drop=0 hwm=1 last=(n=57 v=75 t=78 hex=90394B)[0m
[0;32mI (86086) pocket_pan_main: [BLE] state=8 interval_ms=11.25 latency=0 rssi=-68 reconnects=0 last_disconnect=0[0m
[0;32mI (86096) pocket_pan_main: [MEM] internal_free=143639 largest_internal=40960[0m
[0;32mI (86106) pocket_pan_main: [UIREDRAW] urgent=14 telemetry=265 skip=2525[0m
[0;32mI (91096) pocket_pan_main: [AUDIO] model=PAN blocks=33837 avg_us=340 p99_us=350 max_us=1075 cpu_load=12.7 deadline=0 timeout=0 tx_error=0 short=0[0m
[0;32mI (91096) pocket_pan_main: [MIDI] push=2 pop=2 drop=0 hwm=1 last=(n=57 v=75 t=78 hex=90394B)[0m
[0;32mI (91106) pocket_pan_main: [BLE] state=8 interval_ms=11.25 latency=0 rssi=-69 reconnects=0 last_disconnect=0[0m
[0;32mI (91116) pocket_pan_main: [MEM] internal_free=143639 largest_internal=40960[0m
[0;32mI (91126) pocket_pan_main: [UIREDRAW] urgent=14 telemetry=282 skip=2674[0m
[0;32mI (96116) pocket_pan_main: [AUDIO] model=PAN blocks=35718 avg_us=340 p99_us=350 max_us=1075 cpu_load=12.7 deadline=0 timeout=0 tx_error=0 short=0[0m
[0;32mI (96116) pocket_pan_main: [MIDI] push=2 pop=2 drop=0 hwm=1 last=(n=57 v=75 t=78 hex=90394B)[0m
[0;32mI (96126) pocket_pan_main: [BLE] state=8 interval_ms=11.25 latency=0 rssi=-68 reconnects=0 last_disconnect=0[0m
[0;32mI (96136) pocket_pan_main: [MEM] internal_free=143639 largest_internal=40960[0m
[0;32mI (96146) pocket_pan_main: [UIREDRAW] urgent=14 telemetry=299 skip=2823[0m
[0;32mI (101136) pocket_pan_main: [AUDIO] model=PAN blocks=37600 avg_us=340 p99_us=350 max_us=1075 cpu_load=12.7 deadline=0 timeout=0 tx_error=0 short=0[0m
[0;32mI (101136) pocket_pan_main: [MIDI] push=2 pop=2 drop=0 hwm=1 last=(n=57 v=75 t=78 hex=90394B)[0m
[0;32mI (101146) pocket_pan_main: [BLE] state=8 interval_ms=11.25 latency=0 rssi=-69 reconnects=0 last_disconnect=0[0m
[0;32mI (101156) pocket_pan_main: [MEM] internal_free=143639 largest_internal=40960[0m
[0;32mI (101166) pocket_pan_main: [UIREDRAW] urgent=14 telemetry=315 skip=2973[0m
[0;32mI (106146) pocket_pan_main: [AUDIO] model=PAN blocks=39480 avg_us=340 p99_us=375 max_us=1075 cpu_load=12.7 deadline=0 timeout=0 tx_error=0 short=0[0m
[0;32mI (106146) pocket_pan_main: [MIDI] push=2 pop=2 drop=0 hwm=1 last=(n=57 v=75 t=78 hex=90394B)[0m
[0;32mI (106156) pocket_pan_main: [BLE] state=8 interval_ms=11.25 latency=0 rssi=-68 reconnects=0 last_disconnect=0[0m
[0;32mI (106166) pocket_pan_main: [MEM] internal_free=143639 largest_internal=40960[0m
[0;32mI (106176) pocket_pan_main: [UIREDRAW] urgent=14 telemetry=333 skip=3121[0m
[0;32mI (111166) pocket_pan_main: [AUDIO] model=PAN blocks=41363 avg_us=340 p99_us=350 max_us=1075 cpu_load=12.7 deadline=0 timeout=0 tx_error=0 short=0[0m
[0;32mI (111166) pocket_pan_main: [MIDI] push=2 pop=2 drop=0 hwm=1 last=(n=57 v=75 t=78 hex=90394B)[0m
[0;32mI (111176) pocket_pan_main: [BLE] state=8 interval_ms=11.25 latency=0 rssi=-67 reconnects=0 last_disconnect=0[0m
[0;32mI (111186) pocket_pan_main: [MEM] internal_free=143639 largest_internal=40960[0m
[0;32mI (111196) pocket_pan_main: [UIREDRAW] urgent=14 telemetry=350 skip=3270[0m
[0;32mI (116186) pocket_pan_main: [AUDIO] model=PAN blocks=43245 avg_us=340 p99_us=375 max_us=1075 cpu_load=12.7 deadline=0 timeout=0 tx_error=0 short=0[0m
[0;32mI (116186) pocket_pan_main: [MIDI] push=2 pop=2 drop=0 hwm=1 last=(n=57 v=75 t=78 hex=90394B)[0m
[0;32mI (116196) pocket_pan_main: [BLE] state=8 interval_ms=11.25 latency=0 rssi=-68 reconnects=0 last_disconnect=0[0m
[0;32mI (116206) pocket_pan_main: [MEM] internal_free=143639 largest_internal=40960[0m
[0;32mI (116216) pocket_pan_main: [UIREDRAW] urgent=14 telemetry=368 skip=3418[0m
[0;32mI (121206) pocket_pan_main: [AUDIO] model=PAN blocks=45126 avg_us=340 p99_us=375 max_us=1075 cpu_load=12.7 deadline=0 timeout=0 tx_error=0 short=0[0m
[0;32mI (121206) pocket_pan_main: [MIDI] push=2 pop=2 drop=0 hwm=1 last=(n=57 v=75 t=78 hex=90394B)[0m
[0;32mI (121216) pocket_pan_main: [BLE] state=8 interval_ms=11.25 latency=0 rssi=-68 reconnects=0 last_disconnect=0[0m
[0;32mI (121226) pocket_pan_main: [MEM] internal_free=143639 largest_internal=40960[0m
[0;32mI (121236) pocket_pan_main: [UIREDRAW] urgent=14 telemetry=386 skip=3566[0m
[0;32mI (126216) pocket_pan_main: [AUDIO] model=PAN blocks=47007 avg_us=340 p99_us=375 max_us=1075 cpu_load=12.7 deadline=0 timeout=0 tx_error=0 short=0[0m
[0;32mI (126216) pocket_pan_main: [MIDI] push=2 pop=2 drop=0 hwm=1 last=(n=57 v=75 t=78 hex=90394B)[0m
[0;32mI (126226) pocket_pan_main: [BLE] state=8 interval_ms=11.25 latency=0 rssi=-68 reconnects=0 last_disconnect=0[0m
[0;32mI (126236) pocket_pan_main: [MEM] internal_free=143639 largest_internal=40960[0m
[0;32mI (126246) pocket_pan_main: [UIREDRAW] urgent=14 telemetry=403 skip=3715[0m
[0;32mI (131236) pocket_pan_main: [AUDIO] model=PAN blocks=48889 avg_us=340 p99_us=350 max_us=1075 cpu_load=12.7 deadline=0 timeout=0 tx_error=0 short=0[0m
[0;32mI (131236) pocket_pan_main: [MIDI] push=2 pop=2 drop=0 hwm=1 last=(n=57 v=75 t=78 hex=90394B)[0m
[0;32mI (131246) pocket_pan_main: [BLE] state=8 interval_ms=11.25 latency=0 rssi=-68 reconnects=0 last_disconnect=0[0m
[0;32mI (131256) pocket_pan_main: [MEM] internal_free=143639 largest_internal=40960[0m
[0;32mI (131266) pocket_pan_main: [UIREDRAW] urgent=14 telemetry=417 skip=3867[0m
[0;32mI (136256) pocket_pan_main: [AUDIO] model=PAN blocks=50771 avg_us=340 p99_us=375 max_us=1075 cpu_load=12.7 deadline=0 timeout=0 tx_error=0 short=0[0m
[0;32mI (136256) pocket_pan_main: [MIDI] push=2 pop=2 drop=0 hwm=1 last=(n=57 v=75 t=78 hex=90394B)[0m
[0;32mI (136266) pocket_pan_main: [BLE] state=8 interval_ms=11.25 latency=0 rssi=-68 reconnects=0 last_disconnect=0[0m
[0;32mI (136276) pocket_pan_main: [MEM] internal_free=143639 largest_internal=40960[0m
[0;32mI (136286) pocket_pan_main: [UIREDRAW] urgent=14 telemetry=432 skip=4018[0m
[0;32mI (141276) pocket_pan_main: [AUDIO] model=PAN blocks=52652 avg_us=340 p99_us=375 max_us=1075 cpu_load=12.7 deadline=0 timeout=0 tx_error=0 short=0[0m
[0;32mI (141276) pocket_pan_main: [MIDI] push=2 pop=2 drop=0 hwm=1 last=(n=57 v=75 t=78 hex=90394B)[0m
[0;32mI (141286) pocket_pan_main: [BLE] state=8 interval_ms=11.25 latency=0 rssi=-68 reconnects=0 last_disconnect=0[0m
[0;32mI (141296) pocket_pan_main: [MEM] internal_free=143639 largest_internal=40960[0m
[0;32mI (141306) pocket_pan_main: [UIREDRAW] urgent=14 telemetry=446 skip=4170[0m
[0;32mI (146286) pocket_pan_main: [AUDIO] model=PAN blocks=54533 avg_us=339 p99_us=350 max_us=1075 cpu_load=12.7 deadline=0 timeout=0 tx_error=0 short=0[0m
[0;32mI (146286) pocket_pan_main: [MIDI] push=2 pop=2 drop=0 hwm=1 last=(n=57 v=75 t=78 hex=90394B)[0m
[0;32mI (146296) pocket_pan_main: [BLE] state=8 interval_ms=11.25 latency=0 rssi=-68 reconnects=0 last_disconnect=0[0m
[0;32mI (146306) pocket_pan_main: [MEM] internal_free=143639 largest_internal=40960[0m
[0;32mI (146316) pocket_pan_main: [UIREDRAW] urgent=14 telemetry=464 skip=4318[0m
[0;32mI (151306) pocket_pan_main: [AUDIO] model=PAN blocks=56416 avg_us=339 p99_us=350 max_us=1075 cpu_load=12.7 deadline=0 timeout=0 tx_error=0 short=0[0m
[0;32mI (151306) pocket_pan_main: [MIDI] push=2 pop=2 drop=0 hwm=1 last=(n=57 v=75 t=78 hex=90394B)[0m
[0;32mI (151316) pocket_pan_main: [BLE] state=8 interval_ms=11.25 latency=0 rssi=-82 reconnects=0 last_disconnect=0[0m
[0;32mI (151326) pocket_pan_main: [MEM] internal_free=143639 largest_internal=40960[0m
[0;32mI (151336) pocket_pan_main: [UIREDRAW] urgent=14 telemetry=480 skip=4468[0m
[0;32mI (156326) pocket_pan_main: [AUDIO] model=PAN blocks=58297 avg_us=340 p99_us=350 max_us=1075 cpu_load=12.7 deadline=0 timeout=0 tx_error=0 short=0[0m
[0;32mI (156326) pocket_pan_main: [MIDI] push=2 pop=2 drop=0 hwm=1 last=(n=57 v=75 t=78 hex=90394B)[0m
[0;32mI (156336) pocket_pan_main: [BLE] state=8 interval_ms=11.25 latency=0 rssi=-80 reconnects=0 last_disconnect=0[0m
[0;32mI (156346) pocket_pan_main: [MEM] internal_free=143639 largest_internal=40960[0m
[0;32mI (156356) pocket_pan_main: [UIREDRAW] urgent=14 telemetry=497 skip=4617[0m
[0;32mI (161346) pocket_pan_main: [AUDIO] model=PAN blocks=60179 avg_us=340 p99_us=375 max_us=1075 cpu_load=12.7 deadline=0 timeout=0 tx_error=0 short=0[0m
[0;32mI (161346) pocket_pan_main: [MIDI] push=2 pop=2 drop=0 hwm=1 last=(n=57 v=75 t=78 hex=90394B)[0m
[0;32mI (161356) pocket_pan_main: [BLE] state=8 interval_ms=11.25 latency=0 rssi=-78 reconnects=0 last_disconnect=0[0m
[0;32mI (161366) pocket_pan_main: [MEM] internal_free=143639 largest_internal=40960[0m
[0;32mI (161376) pocket_pan_main: [UIREDRAW] urgent=14 telemetry=514 skip=4766[0m
[0;32mI (166356) pocket_pan_main: [AUDIO] model=PAN blocks=62059 avg_us=340 p99_us=350 max_us=1075 cpu_load=12.7 deadline=0 timeout=0 tx_error=0 short=0[0m
[0;32mI (166356) pocket_pan_main: [MIDI] push=2 pop=2 drop=0 hwm=1 last=(n=57 v=75 t=78 hex=90394B)[0m
[0;32mI (166366) pocket_pan_main: [BLE] state=8 interval_ms=11.25 latency=0 rssi=-75 reconnects=0 last_disconnect=0[0m
[0;32mI (166376) pocket_pan_main: [MEM] internal_free=143639 largest_internal=40960[0m
[0;32mI (166386) pocket_pan_main: [UIREDRAW] urgent=14 telemetry=532 skip=4914[0m
[0;32mI (171376) pocket_pan_main: [AUDIO] model=PAN blocks=63942 avg_us=340 p99_us=350 max_us=1075 cpu_load=12.7 deadline=0 timeout=0 tx_error=0 short=0[0m
[0;32mI (171376) pocket_pan_main: [MIDI] push=2 pop=2 drop=0 hwm=1 last=(n=57 v=75 t=78 hex=90394B)[0m
[0;32mI (171386) pocket_pan_main: [BLE] state=8 interval_ms=11.25 latency=0 rssi=-74 reconnects=0 last_disconnect=0[0m
[0;32mI (171396) pocket_pan_main: [MEM] internal_free=143639 largest_internal=40960[0m
[0;32mI (171406) pocket_pan_main: [UIREDRAW] urgent=14 telemetry=549 skip=5063[0m
[0;32mI (176396) pocket_pan_main: [AUDIO] model=PAN blocks=65823 avg_us=340 p99_us=350 max_us=1075 cpu_load=12.7 deadline=0 timeout=0 tx_error=0 short=0[0m
[0;32mI (176396) pocket_pan_main: [MIDI] push=2 pop=2 drop=0 hwm=1 last=(n=57 v=75 t=78 hex=90394B)[0m
[0;32mI (176406) pocket_pan_main: [BLE] state=8 interval_ms=11.25 latency=0 rssi=-74 reconnects=0 last_disconnect=0[0m
[0;32mI (176416) pocket_pan_main: [MEM] internal_free=143639 largest_internal=40960[0m
[0;32mI (176426) pocket_pan_main: [UIREDRAW] urgent=14 telemetry=566 skip=5212[0m
[0;32mI (181416) pocket_pan_main: [AUDIO] model=PAN blocks=67705 avg_us=340 p99_us=350 max_us=1075 cpu_load=12.7 deadline=0 timeout=0 tx_error=0 short=0[0m
[0;32mI (181416) pocket_pan_main: [MIDI] push=2 pop=2 drop=0 hwm=1 last=(n=57 v=75 t=78 hex=90394B)[0m
[0;32mI (181426) pocket_pan_main: [BLE] state=8 interval_ms=11.25 latency=0 rssi=-68 reconnects=0 last_disconnect=0[0m
[0;32mI (181436) pocket_pan_main: [MEM] internal_free=143639 largest_internal=40960[0m
[0;32mI (181446) pocket_pan_main: [UIREDRAW] urgent=14 telemetry=583 skip=5361[0m
[0;32mI (186426) pocket_pan_main: [AUDIO] model=PAN blocks=69585 avg_us=340 p99_us=350 max_us=1075 cpu_load=12.7 deadline=0 timeout=0 tx_error=0 short=0[0m
[0;32mI (186426) pocket_pan_main: [MIDI] push=2 pop=2 drop=0 hwm=1 last=(n=57 v=75 t=78 hex=90394B)[0m
[0;32mI (186436) pocket_pan_main: [BLE] state=8 interval_ms=11.25 latency=0 rssi=-68 reconnects=0 last_disconnect=0[0m
[0;32mI (186446) pocket_pan_main: [MEM] internal_free=143639 largest_internal=40960[0m
[0;32mI (186456) pocket_pan_main: [UIREDRAW] urgent=14 telemetry=596 skip=5514[0m
[0;32mI (191446) pocket_pan_main: [AUDIO] model=PAN blocks=71468 avg_us=341 p99_us=375 max_us=1075 cpu_load=12.8 deadline=0 timeout=0 tx_error=0 short=0[0m
[0;32mI (191446) pocket_pan_main: [MIDI] push=2 pop=2 drop=0 hwm=1 last=(n=57 v=75 t=78 hex=90394B)[0m
[0;32mI (191456) pocket_pan_main: [BLE] state=8 interval_ms=11.25 latency=0 rssi=-68 reconnects=0 last_disconnect=0[0m
[0;32mI (191466) pocket_pan_main: [MEM] internal_free=143639 largest_internal=40960[0m
[0;32mI (191476) pocket_pan_main: [UIREDRAW] urgent=14 telemetry=614 skip=5662[0m
[0;32mI (196466) pocket_pan_main: [AUDIO] model=PAN blocks=73350 avg_us=342 p99_us=375 max_us=1075 cpu_load=12.8 deadline=0 timeout=0 tx_error=0 short=0[0m
[0;32mI (196466) pocket_pan_main: [MIDI] push=2 pop=2 drop=0 hwm=1 last=(n=57 v=75 t=78 hex=90394B)[0m
[0;32mI (196476) pocket_pan_main: [BLE] state=8 interval_ms=11.25 latency=0 rssi=-68 reconnects=0 last_disconnect=0[0m
[0;32mI (196486) pocket_pan_main: [MEM] internal_free=143639 largest_internal=40960[0m
[0;32mI (196496) pocket_pan_main: [UIREDRAW] urgent=14 telemetry=632 skip=5810[0m
[0;32mI (201486) pocket_pan_main: [AUDIO] model=PAN blocks=75231 avg_us=341 p99_us=350 max_us=1075 cpu_load=12.8 deadline=0 timeout=0 tx_error=0 short=0[0m
[0;32mI (201486) pocket_pan_main: [MIDI] push=2 pop=2 drop=0 hwm=1 last=(n=57 v=75 t=78 hex=90394B)[0m
[0;32mI (201496) pocket_pan_main: [BLE] state=8 interval_ms=11.25 latency=0 rssi=-66 reconnects=0 last_disconnect=0[0m
[0;32mI (201506) pocket_pan_main: [MEM] internal_free=143639 largest_internal=40960[0m
[0;32mI (201516) pocket_pan_main: [UIREDRAW] urgent=14 telemetry=651 skip=5957[0m
[0;32mI (206496) pocket_pan_main: [AUDIO] model=PAN blocks=77112 avg_us=341 p99_us=375 max_us=1075 cpu_load=12.8 deadline=0 timeout=0 tx_error=0 short=0[0m
[0;32mI (206496) pocket_pan_main: [MIDI] push=2 pop=2 drop=0 hwm=1 last=(n=57 v=75 t=78 hex=90394B)[0m
[0;32mI (206506) pocket_pan_main: [BLE] state=8 interval_ms=11.25 latency=0 rssi=-68 reconnects=0 last_disconnect=0[0m
[0;32mI (206516) pocket_pan_main: [MEM] internal_free=143639 largest_internal=40960[0m
[0;32mI (206526) pocket_pan_main: [UIREDRAW] urgent=14 telemetry=669 skip=6105[0m
[0;32mI (211516) pocket_pan_main: [AUDIO] model=PAN blocks=78994 avg_us=340 p99_us=350 max_us=1075 cpu_load=12.7 deadline=0 timeout=0 tx_error=0 short=0[0m
[0;32mI (211516) pocket_pan_main: [MIDI] push=2 pop=2 drop=0 hwm=1 last=(n=57 v=75 t=78 hex=90394B)[0m
[0;32mI (211526) pocket_pan_main: [BLE] state=8 interval_ms=11.25 latency=0 rssi=-68 reconnects=0 last_disconnect=0[0m
[0;32mI (211536) pocket_pan_main: [MEM] internal_free=143639 largest_internal=40960[0m
[0;32mI (211546) pocket_pan_main: [UIREDRAW] urgent=14 telemetry=683 skip=6257[0m
[0;32mI (216536) pocket_pan_main: [AUDIO] model=PAN blocks=80876 avg_us=339 p99_us=350 max_us=1075 cpu_load=12.7 deadline=0 timeout=0 tx_error=0 short=0[0m
[0;32mI (216536) pocket_pan_main: [MIDI] push=2 pop=2 drop=0 hwm=1 last=(n=57 v=75 t=78 hex=90394B)[0m
[0;32mI (216546) pocket_pan_main: [BLE] state=8 interval_ms=11.25 latency=0 rssi=-67 reconnects=0 last_disconnect=0[0m
[0;32mI (216556) pocket_pan_main: [MEM] internal_free=143639 largest_internal=40960[0m
[0;32mI (216566) pocket_pan_main: [UIREDRAW] urgent=14 telemetry=700 skip=6406[0m
[0;32mI (221556) pocket_pan_main: [AUDIO] model=PAN blocks=82757 avg_us=339 p99_us=375 max_us=1075 cpu_load=12.7 deadline=0 timeout=0 tx_error=0 short=0[0m
[0;32mI (221556) pocket_pan_main: [MIDI] push=2 pop=2 drop=0 hwm=1 last=(n=57 v=75 t=78 hex=90394B)[0m
[0;32mI (221566) pocket_pan_main: [BLE] state=8 interval_ms=11.25 latency=0 rssi=-67 reconnects=0 last_disconnect=0[0m
[0;32mI (221576) pocket_pan_main: [MEM] internal_free=143639 largest_internal=40960[0m
[0;32mI (221586) pocket_pan_main: [UIREDRAW] urgent=14 telemetry=718 skip=6554[0m
[0;32mI (226566) pocket_pan_main: [AUDIO] model=PAN blocks=84638 avg_us=339 p99_us=350 max_us=1075 cpu_load=12.7 deadline=0 timeout=0 tx_error=0 short=0[0m
[0;32mI (226566) pocket_pan_main: [MIDI] push=2 pop=2 drop=0 hwm=1 last=(n=57 v=75 t=78 hex=90394B)[0m
[0;32mI (226576) pocket_pan_main: [BLE] state=8 interval_ms=11.25 latency=0 rssi=-67 reconnects=0 last_disconnect=0[0m
[0;32mI (226586) pocket_pan_main: [MEM] internal_free=143639 largest_internal=40960[0m
[0;32mI (226596) pocket_pan_main: [UIREDRAW] urgent=14 telemetry=737 skip=6701[0m
[0;32mI (231586) pocket_pan_main: [AUDIO] model=PAN blocks=86520 avg_us=340 p99_us=350 max_us=1075 cpu_load=12.7 deadline=0 timeout=0 tx_error=0 short=0[0m
[0;32mI (231586) pocket_pan_main: [MIDI] push=2 pop=2 drop=0 hwm=1 last=(n=57 v=75 t=78 hex=90394B)[0m
[0;32mI (231596) pocket_pan_main: [BLE] state=8 interval_ms=11.25 latency=0 rssi=-67 reconnects=0 last_disconnect=0[0m
[0;32mI (231606) pocket_pan_main: [MEM] internal_free=143639 largest_internal=40960[0m
[0;32mI (231616) pocket_pan_main: [UIREDRAW] urgent=14 telemetry=753 skip=6851[0m
[0;32mI (236606) pocket_pan_main: [AUDIO] model=PAN blocks=88402 avg_us=340 p99_us=350 max_us=1075 cpu_load=12.7 deadline=0 timeout=0 tx_error=0 short=0[0m
[0;32mI (236606) pocket_pan_main: [MIDI] push=2 pop=2 drop=0 hwm=1 last=(n=57 v=75 t=78 hex=90394B)[0m
[0;32mI (236616) pocket_pan_main: [BLE] state=8 interval_ms=11.25 latency=0 rssi=-67 reconnects=0 last_disconnect=0[0m
[0;32mI (236626) pocket_pan_main: [MEM] internal_free=143639 largest_internal=40960[0m
[0;32mI (236636) pocket_pan_main: [UIREDRAW] urgent=14 telemetry=768 skip=7002[0m
[0;32mI (241626) pocket_pan_main: [AUDIO] model=PAN blocks=90284 avg_us=341 p99_us=375 max_us=1075 cpu_load=12.8 deadline=0 timeout=0 tx_error=0 short=0[0m
[0;32mI (241626) pocket_pan_main: [MIDI] push=2 pop=2 drop=0 hwm=1 last=(n=57 v=75 t=78 hex=90394B)[0m
[0;32mI (241636) pocket_pan_main: [BLE] state=8 interval_ms=11.25 latency=0 rssi=-67 reconnects=0 last_disconnect=0[0m
[0;32mI (241646) pocket_pan_main: [MEM] internal_free=143639 largest_internal=40960[0m
[0;32mI (241656) pocket_pan_main: [UIREDRAW] urgent=14 telemetry=783 skip=7153[0m
[0;32mI (246636) pocket_pan_main: [AUDIO] model=PAN blocks=92164 avg_us=340 p99_us=375 max_us=1075 cpu_load=12.7 deadline=0 timeout=0 tx_error=0 short=0[0m
[0;32mI (246636) pocket_pan_main: [MIDI] push=2 pop=2 drop=0 hwm=1 last=(n=57 v=75 t=78 hex=90394B)[0m
[0;32mI (246646) pocket_pan_main: [BLE] state=8 interval_ms=11.25 latency=0 rssi=-67 reconnects=0 last_disconnect=0[0m
[0;32mI (246656) pocket_pan_main: [MEM] internal_free=143639 largest_internal=40960[0m
[0;32mI (246666) pocket_pan_main: [UIREDRAW] urgent=14 telemetry=799 skip=7303[0m
[0;32mI (251656) pocket_pan_main: [AUDIO] model=PAN blocks=94047 avg_us=340 p99_us=350 max_us=1075 cpu_load=12.7 deadline=0 timeout=0 tx_error=0 short=0[0m
[0;32mI (251656) pocket_pan_main: [MIDI] push=2 pop=2 drop=0 hwm=1 last=(n=57 v=75 t=78 hex=90394B)[0m
[0;32mI (251666) pocket_pan_main: [BLE] state=8 interval_ms=11.25 latency=0 rssi=-67 reconnects=0 last_disconnect=0[0m
[0;32mI (251676) pocket_pan_main: [MEM] internal_free=143639 largest_internal=40960[0m
[0;32mI (251686) pocket_pan_main: [UIREDRAW] urgent=14 telemetry=817 skip=7451[0m
[0;32mI (256676) pocket_pan_main: [AUDIO] model=PAN blocks=95928 avg_us=340 p99_us=375 max_us=1075 cpu_load=12.7 deadline=0 timeout=0 tx_error=0 short=0[0m
[0;32mI (256676) pocket_pan_main: [MIDI] push=2 pop=2 drop=0 hwm=1 last=(n=57 v=75 t=78 hex=90394B)[0m
[0;32mI (256686) pocket_pan_main: [BLE] state=8 interval_ms=11.25 latency=0 rssi=-68 reconnects=0 last_disconnect=0[0m
[0;32mI (256696) pocket_pan_main: [MEM] internal_free=143639 largest_internal=40960[0m
[0;32mI (256706) pocket_pan_main: [UIREDRAW] urgent=14 telemetry=836 skip=7598[0m
[0;32mI (261696) pocket_pan_main: [AUDIO] model=PAN blocks=97810 avg_us=340 p99_us=350 max_us=1075 cpu_load=12.7 deadline=0 timeout=0 tx_error=0 short=0[0m
[0;32mI (261696) pocket_pan_main: [MIDI] push=2 pop=2 drop=0 hwm=1 last=(n=57 v=75 t=78 hex=90394B)[0m
[0;32mI (261706) pocket_pan_main: [BLE] state=8 interval_ms=11.25 latency=0 rssi=-67 reconnects=0 last_disconnect=0[0m
[0;32mI (261716) pocket_pan_main: [MEM] internal_free=143639 largest_internal=40960[0m
[0;32mI (261726) pocket_pan_main: [UIREDRAW] urgent=14 telemetry=852 skip=7748[0m
[0;32mI (266706) pocket_pan_main: [AUDIO] model=PAN blocks=99690 avg_us=342 p99_us=350 max_us=1075 cpu_load=12.8 deadline=0 timeout=0 tx_error=0 short=0[0m
[0;32mI (266706) pocket_pan_main: [MIDI] push=2 pop=2 drop=0 hwm=1 last=(n=57 v=75 t=78 hex=90394B)[0m
[0;32mI (266716) pocket_pan_main: [BLE] state=8 interval_ms=11.25 latency=0 rssi=-97 reconnects=0 last_disconnect=0[0m
[0;32mI (266726) pocket_pan_main: [MEM] internal_free=143639 largest_internal=40960[0m
[0;32mI (266736) pocket_pan_main: [UIREDRAW] urgent=14 telemetry=868 skip=7898[0m
[0;32mI (271726) pocket_pan_main: [AUDIO] model=PAN blocks=101573 avg_us=340 p99_us=375 max_us=1075 cpu_load=12.7 deadline=0 timeout=0 tx_error=0 short=0[0m
[0;32mI (271726) pocket_pan_main: [MIDI] push=2 pop=2 drop=0 hwm=1 last=(n=57 v=75 t=78 hex=90394B)[0m
[0;32mI (271736) pocket_pan_main: [BLE] state=8 interval_ms=11.25 latency=0 rssi=-67 reconnects=0 last_disconnect=0[0m
[0;32mI (271746) pocket_pan_main: [MEM] internal_free=143639 largest_internal=40960[0m
[0;32mI (271756) pocket_pan_main: [UIREDRAW] urgent=14 telemetry=881 skip=8051[0m
[0;32mI (276746) pocket_pan_main: [AUDIO] model=PAN blocks=103455 avg_us=340 p99_us=350 max_us=1075 cpu_load=12.7 deadline=0 timeout=0 tx_error=0 short=0[0m
[0;32mI (276746) pocket_pan_main: [MIDI] push=2 pop=2 drop=0 hwm=1 last=(n=57 v=75 t=78 hex=90394B)[0m
[0;32mI (276756) pocket_pan_main: [BLE] state=8 interval_ms=11.25 latency=0 rssi=-69 reconnects=0 last_disconnect=0[0m
[0;32mI (276766) pocket_pan_main: [MEM] internal_free=143639 largest_internal=40960[0m
[0;32mI (276776) pocket_pan_main: [UIREDRAW] urgent=14 telemetry=896 skip=8202[0m
[0;32mI (281766) pocket_pan_main: [AUDIO] model=PAN blocks=105336 avg_us=340 p99_us=350 max_us=1075 cpu_load=12.7 deadline=0 timeout=0 tx_error=0 short=0[0m
[0;32mI (281766) pocket_pan_main: [MIDI] push=2 pop=2 drop=0 hwm=1 last=(n=57 v=75 t=78 hex=90394B)[0m
[0;32mI (281776) pocket_pan_main: [BLE] state=8 interval_ms=11.25 latency=0 rssi=-67 reconnects=0 last_disconnect=0[0m
[0;32mI (281786) pocket_pan_main: [MEM] internal_free=143639 largest_internal=40960[0m
[0;32mI (281796) pocket_pan_main: [UIREDRAW] urgent=14 telemetry=911 skip=8353[0m
[0;32mI (286776) pocket_pan_main: [AUDIO] model=PAN blocks=107217 avg_us=341 p99_us=350 max_us=1075 cpu_load=12.8 deadline=0 timeout=0 tx_error=0 short=0[0m
[0;32mI (286776) pocket_pan_main: [MIDI] push=2 pop=2 drop=0 hwm=1 last=(n=57 v=75 t=78 hex=90394B)[0m
[0;32mI (286786) pocket_pan_main: [BLE] state=8 interval_ms=11.25 latency=0 rssi=-68 reconnects=0 last_disconnect=0[0m
[0;32mI (286796) pocket_pan_main: [MEM] internal_free=143639 largest_internal=40960[0m
[0;32mI (286806) pocket_pan_main: [UIREDRAW] urgent=14 telemetry=928 skip=8502[0m
[0;32mI (291796) pocket_pan_main: [AUDIO] model=PAN blocks=109099 avg_us=340 p99_us=350 max_us=1075 cpu_load=12.7 deadline=0 timeout=0 tx_error=0 short=0[0m
[0;32mI (291796) pocket_pan_main: [MIDI] push=2 pop=2 drop=0 hwm=1 last=(n=57 v=75 t=78 hex=90394B)[0m
[0;32mI (291806) pocket_pan_main: [BLE] state=8 interval_ms=11.25 latency=0 rssi=-67 reconnects=0 last_disconnect=0[0m
[0;32mI (291816) pocket_pan_main: [MEM] internal_free=143639 largest_internal=40960[0m
[0;32mI (291826) pocket_pan_main: [UIREDRAW] urgent=14 telemetry=942 skip=8654[0m
[0;32mI (296816) pocket_pan_main: [AUDIO] model=PAN blocks=110981 avg_us=339 p99_us=350 max_us=1075 cpu_load=12.7 deadline=0 timeout=0 tx_error=0 short=0[0m
[0;32mI (296816) pocket_pan_main: [MIDI] push=2 pop=2 drop=0 hwm=1 last=(n=57 v=75 t=78 hex=90394B)[0m
[0;32mI (296826) pocket_pan_main: [BLE] state=8 interval_ms=11.25 latency=0 rssi=-67 reconnects=0 last_disconnect=0[0m
[0;32mI (296836) pocket_pan_main: [MEM] internal_free=143639 largest_internal=40960[0m
[0;32mI (296846) pocket_pan_main: [UIREDRAW] urgent=14 telemetry=957 skip=8805[0m
[0;32mI (301836) pocket_pan_main: [AUDIO] model=PAN blocks=112862 avg_us=340 p99_us=375 max_us=1075 cpu_load=12.7 deadline=0 timeout=0 tx_error=0 short=0[0m
[0;32mI (301836) pocket_pan_main: [MIDI] push=2 pop=2 drop=0 hwm=1 last=(n=57 v=75 t=78 hex=90394B)[0m
[0;32mI (301846) pocket_pan_main: [BLE] state=8 interval_ms=11.25 latency=0 rssi=-67 reconnects=0 last_disconnect=0[0m
[0;32mI (301856) pocket_pan_main: [MEM] internal_free=143639 largest_internal=40960[0m
[0;32mI (301866) pocket_pan_main: [UIREDRAW] urgent=14 telemetry=976 skip=8952[0m
[0;32mI (306846) pocket_pan_main: [AUDIO] model=PAN blocks=114743 avg_us=340 p99_us=375 max_us=1075 cpu_load=12.7 deadline=0 timeout=0 tx_error=0 short=0[0m
[0;32mI (306846) pocket_pan_main: [MIDI] push=2 pop=2 drop=0 hwm=1 last=(n=57 v=75 t=78 hex=90394B)[0m
[0;32mI (306856) pocket_pan_main: [BLE] state=8 interval_ms=11.25 latency=0 rssi=-68 reconnects=0 last_disconnect=0[0m
[0;32mI (306866) pocket_pan_main: [MEM] internal_free=143639 largest_internal=40960[0m
[0;32mI (306876) pocket_pan_main: [UIREDRAW] urgent=14 telemetry=991 skip=9103[0m
[0;32mI (311866) pocket_pan_main: [AUDIO] model=PAN blocks=116625 avg_us=340 p99_us=375 max_us=1075 cpu_load=12.7 deadline=0 timeout=0 tx_error=0 short=0[0m
[0;32mI (311866) pocket_pan_main: [MIDI] push=2 pop=2 drop=0 hwm=1 last=(n=57 v=75 t=78 hex=90394B)[0m
[0;32mI (311876) pocket_pan_main: [BLE] state=8 interval_ms=11.25 latency=0 rssi=-67 reconnects=0 last_disconnect=0[0m
[0;32mI (311886) pocket_pan_main: [MEM] internal_free=143639 largest_internal=40960[0m
[0;32mI (311896) pocket_pan_main: [UIREDRAW] urgent=14 telemetry=1008 skip=9252[0m
[0;32mI (316886) pocket_pan_main: [AUDIO] model=PAN blocks=118507 avg_us=340 p99_us=350 max_us=1075 cpu_load=12.7 deadline=0 timeout=0 tx_error=0 short=0[0m
[0;32mI (316886) pocket_pan_main: [MIDI] push=2 pop=2 drop=0 hwm=1 last=(n=57 v=75 t=78 hex=90394B)[0m
[0;32mI (316896) pocket_pan_main: [BLE] state=8 interval_ms=11.25 latency=0 rssi=-68 reconnects=0 last_disconnect=0[0m
[0;32mI (316906) pocket_pan_main: [MEM] internal_free=143639 largest_internal=40960[0m
[0;32mI (316916) pocket_pan_main: [UIREDRAW] urgent=14 telemetry=1024 skip=9402[0m
[0;32mI (321906) pocket_pan_main: [AUDIO] model=PAN blocks=120389 avg_us=340 p99_us=350 max_us=1075 cpu_load=12.7 deadline=0 timeout=0 tx_error=0 short=0[0m
[0;32mI (321906) pocket_pan_main: [MIDI] push=2 pop=2 drop=0 hwm=1 last=(n=57 v=75 t=78 hex=90394B)[0m
[0;32mI (321916) pocket_pan_main: [BLE] state=8 interval_ms=11.25 latency=0 rssi=-67 reconnects=0 last_disconnect=0[0m
[0;32mI (321926) pocket_pan_main: [MEM] internal_free=143639 largest_internal=40960[0m
[0;32mI (321936) pocket_pan_main: [UIREDRAW] urgent=14 telemetry=1042 skip=9550[0m
[0;32mI (326916) pocket_pan_main: [AUDIO] model=PAN blocks=122269 avg_us=340 p99_us=350 max_us=1075 cpu_load=12.7 deadline=0 timeout=0 tx_error=0 short=0[0m
[0;32mI (326916) pocket_pan_main: [MIDI] push=2 pop=2 drop=0 hwm=1 last=(n=57 v=75 t=78 hex=90394B)[0m
[0;32mI (326926) pocket_pan_main: [BLE] state=8 interval_ms=11.25 latency=0 rssi=-68 reconnects=0 last_disconnect=0[0m
[0;32mI (326936) pocket_pan_main: [MEM] internal_free=143639 largest_internal=40960[0m
[0;32mI (326946) pocket_pan_main: [UIREDRAW] urgent=14 telemetry=1060 skip=9698[0m
[0;32mI (331936) pocket_pan_main: [AUDIO] model=PAN blocks=124152 avg_us=339 p99_us=375 max_us=1075 cpu_load=12.7 deadline=0 timeout=0 tx_error=0 short=0[0m
[0;32mI (331936) pocket_pan_main: [MIDI] push=2 pop=2 drop=0 hwm=1 last=(n=57 v=75 t=78 hex=90394B)[0m
[0;32mI (331946) pocket_pan_main: [BLE] state=8 interval_ms=11.25 latency=0 rssi=-67 reconnects=0 last_disconnect=0[0m
[0;32mI (331956) pocket_pan_main: [MEM] internal_free=143639 largest_internal=40960[0m
[0;32mI (331966) pocket_pan_main: [UIREDRAW] urgent=14 telemetry=1073 skip=9851[0m
[0;32mI (336956) pocket_pan_main: [AUDIO] model=PAN blocks=126033 avg_us=340 p99_us=350 max_us=1075 cpu_load=12.7 deadline=0 timeout=0 tx_error=0 short=0[0m
[0;32mI (336956) pocket_pan_main: [MIDI] push=2 pop=2 drop=0 hwm=1 last=(n=57 v=75 t=78 hex=90394B)[0m
[0;32mI (336966) pocket_pan_main: [BLE] state=8 interval_ms=11.25 latency=0 rssi=-67 reconnects=0 last_disconnect=0[0m
[0;32mI (336976) pocket_pan_main: [MEM] internal_free=143639 largest_internal=40960[0m
[0;32mI (336986) pocket_pan_main: [UIREDRAW] urgent=14 telemetry=1091 skip=9999[0m
[0;32mI (341976) pocket_pan_main: [AUDIO] model=PAN blocks=127915 avg_us=340 p99_us=350 max_us=1075 cpu_load=12.7 deadline=0 timeout=0 tx_error=0 short=0[0m
[0;32mI (341976) pocket_pan_main: [MIDI] push=2 pop=2 drop=0 hwm=1 last=(n=57 v=75 t=78 hex=90394B)[0m
[0;32mI (341986) pocket_pan_main: [BLE] state=8 interval_ms=11.25 latency=0 rssi=-67 reconnects=0 last_disconnect=0[0m
[0;32mI (341996) pocket_pan_main: [MEM] internal_free=143639 largest_internal=40960[0m
[0;32mI (342006) pocket_pan_main: [UIREDRAW] urgent=14 telemetry=1107 skip=10149[0m
[0;32mI (346986) pocket_pan_main: [AUDIO] model=PAN blocks=129795 avg_us=340 p99_us=375 max_us=1075 cpu_load=12.7 deadline=0 timeout=0 tx_error=0 short=0[0m
[0;32mI (346986) pocket_pan_main: [MIDI] push=2 pop=2 drop=0 hwm=1 last=(n=57 v=75 t=78 hex=90394B)[0m
[0;32mI (346996) pocket_pan_main: [BLE] state=8 interval_ms=11.25 latency=0 rssi=-67 reconnects=0 last_disconnect=0[0m
[0;32mI (347006) pocket_pan_main: [MEM] internal_free=143639 largest_internal=40960[0m
[0;32mI (347016) pocket_pan_main: [UIREDRAW] urgent=14 telemetry=1121 skip=10301[0m
[0;32mI (352006) pocket_pan_main: [AUDIO] model=PAN blocks=131678 avg_us=340 p99_us=350 max_us=1075 cpu_load=12.7 deadline=0 timeout=0 tx_error=0 short=0[0m
[0;32mI (352006) pocket_pan_main: [MIDI] push=2 pop=2 drop=0 hwm=1 last=(n=57 v=75 t=78 hex=90394B)[0m
[0;32mI (352016) pocket_pan_main: [BLE] state=8 interval_ms=11.25 latency=0 rssi=-67 reconnects=0 last_disconnect=0[0m
[0;32mI (352026) pocket_pan_main: [MEM] internal_free=143639 largest_internal=40960[0m
[0;32mI (352036) pocket_pan_main: [UIREDRAW] urgent=14 telemetry=1134 skip=10454[0m
[0;32mI (357026) pocket_pan_main: [AUDIO] model=PAN blocks=133560 avg_us=340 p99_us=375 max_us=1075 cpu_load=12.7 deadline=0 timeout=0 tx_error=0 short=0[0m
[0;32mI (357026) pocket_pan_main: [MIDI] push=2 pop=2 drop=0 hwm=1 last=(n=57 v=75 t=78 hex=90394B)[0m
[0;32mI (357036) pocket_pan_main: [BLE] state=8 interval_ms=11.25 latency=0 rssi=-67 reconnects=0 last_disconnect=0[0m
[0;32mI (357046) pocket_pan_main: [MEM] internal_free=143639 largest_internal=40960[0m
[0;32mI (357056) pocket_pan_main: [UIREDRAW] urgent=14 telemetry=1148 skip=10606[0m
[0;32mI (362046) pocket_pan_main: [AUDIO] model=PAN blocks=135441 avg_us=340 p99_us=350 max_us=1075 cpu_load=12.7 deadline=0 timeout=0 tx_error=0 short=0[0m
[0;32mI (362046) pocket_pan_main: [MIDI] push=2 pop=2 drop=0 hwm=1 last=(n=57 v=75 t=78 hex=90394B)[0m
[0;32mI (362056) pocket_pan_main: [BLE] state=8 interval_ms=11.25 latency=0 rssi=-67 reconnects=0 last_disconnect=0[0m
[0;32mI (362066) pocket_pan_main: [MEM] internal_free=143639 largest_internal=40960[0m
[0;32mI (362076) pocket_pan_main: [UIREDRAW] urgent=14 telemetry=1161 skip=10759[0m
[0;32mI (367056) pocket_pan_main: [AUDIO] model=PAN blocks=137322 avg_us=341 p99_us=350 max_us=1075 cpu_load=12.8 deadline=0 timeout=0 tx_error=0 short=0[0m
[0;32mI (367056) pocket_pan_main: [MIDI] push=2 pop=2 drop=0 hwm=1 last=(n=57 v=75 t=78 hex=90394B)[0m
[0;32mI (367066) pocket_pan_main: [BLE] state=8 interval_ms=11.25 latency=0 rssi=-67 reconnects=0 last_disconnect=0[0m
[0;32mI (367076) pocket_pan_main: [MEM] internal_free=143639 largest_internal=40960[0m
[0;32mI (367086) pocket_pan_main: [UIREDRAW] urgent=14 telemetry=1174 skip=10912[0m
[0;32mI (372076) pocket_pan_main: [AUDIO] model=PAN blocks=139204 avg_us=340 p99_us=350 max_us=1075 cpu_load=12.7 deadline=0 timeout=0 tx_error=0 short=0[0m
[0;32mI (372076) pocket_pan_main: [MIDI] push=2 pop=2 drop=0 hwm=1 last=(n=57 v=75 t=78 hex=90394B)[0m
[0;32mI (372086) pocket_pan_main: [BLE] state=8 interval_ms=11.25 latency=0 rssi=-67 reconnects=0 last_disconnect=0[0m
[0;32mI (372096) pocket_pan_main: [MEM] internal_free=143639 largest_internal=40960[0m
[0;32mI (372106) pocket_pan_main: [UIREDRAW] urgent=14 telemetry=1189 skip=11063[0m
[0;32mI (377096) pocket_pan_main: [AUDIO] model=PAN blocks=141086 avg_us=340 p99_us=375 max_us=1075 cpu_load=12.7 deadline=0 timeout=0 tx_error=0 short=0[0m
[0;32mI (377096) pocket_pan_main: [MIDI] push=2 pop=2 drop=0 hwm=1 last=(n=57 v=75 t=78 hex=90394B)[0m
[0;32mI (377106) pocket_pan_main: [BLE] state=8 interval_ms=11.25 latency=0 rssi=-69 reconnects=0 last_disconnect=0[0m
[0;32mI (377116) pocket_pan_main: [MEM] internal_free=143639 largest_internal=40960[0m
[0;32mI (377126) pocket_pan_main: [UIREDRAW] urgent=14 telemetry=1204 skip=11214[0m
[0;32mI (382116) pocket_pan_main: [AUDIO] model=PAN blocks=142967 avg_us=340 p99_us=375 max_us=1075 cpu_load=12.7 deadline=0 timeout=0 tx_error=0 short=0[0m
[0;32mI (382116) pocket_pan_main: [MIDI] push=2 pop=2 drop=0 hwm=1 last=(n=57 v=75 t=78 hex=90394B)[0m
[0;32mI (382126) pocket_pan_main: [BLE] state=8 interval_ms=11.25 latency=0 rssi=-68 reconnects=0 last_disconnect=0[0m
[0;32mI (382136) pocket_pan_main: [MEM] internal_free=143639 largest_internal=40960[0m
[0;32mI (382146) pocket_pan_main: [UIREDRAW] urgent=14 telemetry=1219 skip=11365[0m
[0;32mI (387126) pocket_pan_main: [AUDIO] model=PAN blocks=144848 avg_us=340 p99_us=350 max_us=1075 cpu_load=12.7 deadline=0 timeout=0 tx_error=0 short=0[0m
[0;32mI (387126) pocket_pan_main: [MIDI] push=2 pop=2 drop=0 hwm=1 last=(n=57 v=75 t=78 hex=90394B)[0m
[0;32mI (387136) pocket_pan_main: [BLE] state=8 interval_ms=11.25 latency=0 rssi=-67 reconnects=0 last_disconnect=0[0m
[0;32mI (387146) pocket_pan_main: [MEM] internal_free=143639 largest_internal=40960[0m
[0;32mI (387156) pocket_pan_main: [UIREDRAW] urgent=14 telemetry=1236 skip=11514[0m
[0;32mI (392146) pocket_pan_main: [AUDIO] model=PAN blocks=146730 avg_us=340 p99_us=350 max_us=1075 cpu_load=12.7 deadline=0 timeout=0 tx_error=0 short=0[0m
[0;32mI (392146) pocket_pan_main: [MIDI] push=2 pop=2 drop=0 hwm=1 last=(n=57 v=75 t=78 hex=90394B)[0m
[0;32mI (392156) pocket_pan_main: [BLE] state=8 interval_ms=11.25 latency=0 rssi=-68 reconnects=0 last_disconnect=0[0m
[0;32mI (392166) pocket_pan_main: [MEM] internal_free=143639 largest_internal=40960[0m
[0;32mI (392176) pocket_pan_main: [UIREDRAW] urgent=14 telemetry=1249 skip=11667[0m
[0;32mI (397166) pocket_pan_main: [AUDIO] model=PAN blocks=148612 avg_us=340 p99_us=375 max_us=1075 cpu_load=12.7 deadline=0 timeout=0 tx_error=0 short=0[0m
[0;32mI (397166) pocket_pan_main: [MIDI] push=2 pop=2 drop=0 hwm=1 last=(n=57 v=75 t=78 hex=90394B)[0m
[0;32mI (397176) pocket_pan_main: [BLE] state=8 interval_ms=11.25 latency=0 rssi=-68 reconnects=0 last_disconnect=0[0m
[0;32mI (397186) pocket_pan_main: [MEM] internal_free=143639 largest_internal=40960[0m
[0;32mI (397196) pocket_pan_main: [UIREDRAW] urgent=14 telemetry=1268 skip=11814[0m
[0;32mI (402186) pocket_pan_main: [AUDIO] model=PAN blocks=150494 avg_us=340 p99_us=350 max_us=1075 cpu_load=12.7 deadline=0 timeout=0 tx_error=0 short=0[0m
[0;32mI (402186) pocket_pan_main: [MIDI] push=2 pop=2 drop=0 hwm=1 last=(n=57 v=75 t=78 hex=90394B)[0m
[0;32mI (402196) pocket_pan_main: [BLE] state=8 interval_ms=11.25 latency=0 rssi=-69 reconnects=0 last_disconnect=0[0m
[0;32mI (402206) pocket_pan_main: [MEM] internal_free=143639 largest_internal=40960[0m
[0;32mI (402216) pocket_pan_main: [UIREDRAW] urgent=14 telemetry=1285 skip=11963[0m
[0;32mI (407196) pocket_pan_main: [AUDIO] model=PAN blocks=152374 avg_us=340 p99_us=375 max_us=1075 cpu_load=12.7 deadline=0 timeout=0 tx_error=0 short=0[0m
[0;32mI (407196) pocket_pan_main: [MIDI] push=2 pop=2 drop=0 hwm=1 last=(n=57 v=75 t=78 hex=90394B)[0m
[0;32mI (407206) pocket_pan_main: [BLE] state=8 interval_ms=11.25 latency=0 rssi=-67 reconnects=0 last_disconnect=0[0m
[0;32mI (407216) pocket_pan_main: [MEM] internal_free=143639 largest_internal=40960[0m
[0;32mI (407226) pocket_pan_main: [UIREDRAW] urgent=14 telemetry=1302 skip=12112[0m
[0;32mI (412216) pocket_pan_main: [AUDIO] model=PAN blocks=154257 avg_us=339 p99_us=375 max_us=1075 cpu_load=12.7 deadline=0 timeout=0 tx_error=0 short=0[0m
[0;32mI (412216) pocket_pan_main: [MIDI] push=2 pop=2 drop=0 hwm=1 last=(n=57 v=75 t=78 hex=90394B)[0m
[0;32mI (412226) pocket_pan_main: [BLE] state=8 interval_ms=11.25 latency=0 rssi=-67 reconnects=0 last_disconnect=0[0m
[0;32mI (412236) pocket_pan_main: [MEM] internal_free=143639 largest_internal=40960[0m
[0;32mI (412246) pocket_pan_main: [UIREDRAW] urgent=14 telemetry=1317 skip=12263[0m
[0;32mI (417236) pocket_pan_main: [AUDIO] model=PAN blocks=156138 avg_us=339 p99_us=375 max_us=1075 cpu_load=12.7 deadline=0 timeout=0 tx_error=0 short=0[0m
[0;32mI (417236) pocket_pan_main: [MIDI] push=2 pop=2 drop=0 hwm=1 last=(n=57 v=75 t=78 hex=90394B)[0m
[0;32mI (417246) pocket_pan_main: [BLE] state=8 interval_ms=11.25 latency=0 rssi=-68 reconnects=0 last_disconnect=0[0m
[0;32mI (417256) pocket_pan_main: [MEM] internal_free=143639 largest_internal=40960[0m
[0;32mI (417266) pocket_pan_main: [UIREDRAW] urgent=14 telemetry=1334 skip=12412[0m
[0;32mI (422256) pocket_pan_main: [AUDIO] model=PAN blocks=158020 avg_us=340 p99_us=350 max_us=1075 cpu_load=12.7 deadline=0 timeout=0 tx_error=0 short=0[0m
[0;32mI (422256) pocket_pan_main: [MIDI] push=2 pop=2 drop=0 hwm=1 last=(n=57 v=75 t=78 hex=90394B)[0m
[0;32mI (422266) pocket_pan_main: [BLE] state=8 interval_ms=11.25 latency=0 rssi=-66 reconnects=0 last_disconnect=0[0m
[0;32mI (422276) pocket_pan_main: [MEM] internal_free=143639 largest_internal=40960[0m
[0;32mI (422286) pocket_pan_main: [UIREDRAW] urgent=14 telemetry=1349 skip=12563[0m
[0;32mI (427266) pocket_pan_main: [AUDIO] model=PAN blocks=159900 avg_us=340 p99_us=350 max_us=1075 cpu_load=12.7 deadline=0 timeout=0 tx_error=0 short=0[0m
[0;32mI (427266) pocket_pan_main: [MIDI] push=2 pop=2 drop=0 hwm=1 last=(n=57 v=75 t=78 hex=90394B)[0m
[0;32mI (427276) pocket_pan_main: [BLE] state=8 interval_ms=11.25 latency=0 rssi=-67 reconnects=0 last_disconnect=0[0m
[0;32mI (427286) pocket_pan_main: [MEM] internal_free=143639 largest_internal=40960[0m
[0;32mI (427296) pocket_pan_main: [UIREDRAW] urgent=14 telemetry=1363 skip=12715[0m
[0;32mI (432286) pocket_pan_main: [AUDIO] model=PAN blocks=161783 avg_us=339 p99_us=350 max_us=1075 cpu_load=12.7 deadline=0 timeout=0 tx_error=0 short=0[0m
[0;32mI (432286) pocket_pan_main: [MIDI] push=2 pop=2 drop=0 hwm=1 last=(n=57 v=75 t=78 hex=90394B)[0m
[0;32mI (432296) pocket_pan_main: [BLE] state=8 interval_ms=11.25 latency=0 rssi=-93 reconnects=0 last_disconnect=0[0m
[0;32mI (432306) pocket_pan_main: [MEM] internal_free=143639 largest_internal=40960[0m
[0;32mI (432316) pocket_pan_main: [UIREDRAW] urgent=14 telemetry=1379 skip=12865[0m
[0;32mI (437306) pocket_pan_main: [AUDIO] model=PAN blocks=163665 avg_us=339 p99_us=375 max_us=1075 cpu_load=12.7 deadline=0 timeout=0 tx_error=0 short=0[0m
[0;32mI (437306) pocket_pan_main: [MIDI] push=2 pop=2 drop=0 hwm=1 last=(n=57 v=75 t=78 hex=90394B)[0m
[0;32mI (437316) pocket_pan_main: [BLE] state=8 interval_ms=11.25 latency=0 rssi=-68 reconnects=0 last_disconnect=0[0m
[0;32mI (437326) pocket_pan_main: [MEM] internal_free=143639 largest_internal=40960[0m
[0;32mI (437336) pocket_pan_main: [UIREDRAW] urgent=14 telemetry=1396 skip=13014[0m
[0;32mI (442326) pocket_pan_main: [AUDIO] model=PAN blocks=165546 avg_us=340 p99_us=350 max_us=1075 cpu_load=12.7 deadline=0 timeout=0 tx_error=0 short=0[0m
[0;32mI (442326) pocket_pan_main: [MIDI] push=2 pop=2 drop=0 hwm=1 last=(n=57 v=75 t=78 hex=90394B)[0m
[0;32mI (442336) pocket_pan_main: [BLE] state=8 interval_ms=11.25 latency=0 rssi=-68 reconnects=0 last_disconnect=0[0m
[0;32mI (442346) pocket_pan_main: [MEM] internal_free=143639 largest_internal=40960[0m
[0;32mI (442356) pocket_pan_main: [UIREDRAW] urgent=14 telemetry=1409 skip=13167[0m
[0;32mI (447336) pocket_pan_main: [AUDIO] model=PAN blocks=167427 avg_us=339 p99_us=350 max_us=1075 cpu_load=12.7 deadline=0 timeout=0 tx_error=0 short=0[0m
[0;32mI (447336) pocket_pan_main: [MIDI] push=2 pop=2 drop=0 hwm=1 last=(n=57 v=75 t=78 hex=90394B)[0m
[0;32mI (447346) pocket_pan_main: [BLE] state=8 interval_ms=11.25 latency=0 rssi=-68 reconnects=0 last_disconnect=0[0m
[0;32mI (447356) pocket_pan_main: [MEM] internal_free=143639 largest_internal=40960[0m
[0;32mI (447366) pocket_pan_main: [UIREDRAW] urgent=14 telemetry=1425 skip=13317[0m
[0;32mI (452356) pocket_pan_main: [AUDIO] model=PAN blocks=169309 avg_us=340 p99_us=350 max_us=1075 cpu_load=12.7 deadline=0 timeout=0 tx_error=0 short=0[0m
[0;32mI (452356) pocket_pan_main: [MIDI] push=2 pop=2 drop=0 hwm=1 last=(n=57 v=75 t=78 hex=90394B)[0m
[0;32mI (452366) pocket_pan_main: [BLE] state=8 interval_ms=11.25 latency=0 rssi=-68 reconnects=0 last_disconnect=0[0m
[0;32mI (452376) pocket_pan_main: [MEM] internal_free=143639 largest_internal=40960[0m
[0;32mI (452386) pocket_pan_main: [UIREDRAW] urgent=14 telemetry=1438 skip=13470[0m
[0;32mI (457376) pocket_pan_main: [AUDIO] model=PAN blocks=171191 avg_us=340 p99_us=350 max_us=1075 cpu_load=12.7 deadline=0 timeout=0 tx_error=0 short=0[0m
[0;32mI (457376) pocket_pan_main: [MIDI] push=2 pop=2 drop=0 hwm=1 last=(n=57 v=75 t=78 hex=90394B)[0m
[0;32mI (457386) pocket_pan_main: [BLE] state=8 interval_ms=11.25 latency=0 rssi=-69 reconnects=0 last_disconnect=0[0m
[0;32mI (457396) pocket_pan_main: [MEM] internal_free=143639 largest_internal=40960[0m
[0;32mI (457406) pocket_pan_main: [UIREDRAW] urgent=14 telemetry=1455 skip=13619[0m
[0;32mI (462396) pocket_pan_main: [AUDIO] model=PAN blocks=173072 avg_us=340 p99_us=375 max_us=1075 cpu_load=12.7 deadline=0 timeout=0 tx_error=0 short=0[0m
[0;32mI (462396) pocket_pan_main: [MIDI] push=2 pop=2 drop=0 hwm=1 last=(n=57 v=75 t=78 hex=90394B)[0m
[0;32mI (462406) pocket_pan_main: [BLE] state=8 interval_ms=11.25 latency=0 rssi=-68 reconnects=0 last_disconnect=0[0m
[0;32mI (462416) pocket_pan_main: [MEM] internal_free=143639 largest_internal=40960[0m
[0;32mI (462426) pocket_pan_main: [UIREDRAW] urgent=14 telemetry=1473 skip=13767[0m
[0;32mI (467406) pocket_pan_main: [AUDIO] model=PAN blocks=174953 avg_us=340 p99_us=350 max_us=1075 cpu_load=12.7 deadline=0 timeout=0 tx_error=0 short=0[0m
[0;32mI (467406) pocket_pan_main: [MIDI] push=2 pop=2 drop=0 hwm=1 last=(n=57 v=75 t=78 hex=90394B)[0m
[0;32mI (467416) pocket_pan_main: [BLE] state=8 interval_ms=11.25 latency=0 rssi=-68 reconnects=0 last_disconnect=0[0m
[0;32mI (467426) pocket_pan_main: [MEM] internal_free=143639 largest_internal=40960[0m
[0;32mI (467436) pocket_pan_main: [UIREDRAW] urgent=14 telemetry=1489 skip=13917[0m
[0;32mI (472426) pocket_pan_main: [AUDIO] model=PAN blocks=176835 avg_us=340 p99_us=350 max_us=1075 cpu_load=12.7 deadline=0 timeout=0 tx_error=0 short=0[0m
[0;32mI (472426) pocket_pan_main: [MIDI] push=2 pop=2 drop=0 hwm=1 last=(n=57 v=75 t=78 hex=90394B)[0m
[0;32mI (472436) pocket_pan_main: [BLE] state=8 interval_ms=11.25 latency=0 rssi=-67 reconnects=0 last_disconnect=0[0m
[0;32mI (472446) pocket_pan_main: [MEM] internal_free=143639 largest_internal=40960[0m
[0;32mI (472456) pocket_pan_main: [UIREDRAW] urgent=14 telemetry=1507 skip=14065[0m
[0;32mI (477446) pocket_pan_main: [AUDIO] model=PAN blocks=178717 avg_us=340 p99_us=375 max_us=1075 cpu_load=12.7 deadline=0 timeout=0 tx_error=0 short=0[0m
[0;32mI (477446) pocket_pan_main: [MIDI] push=2 pop=2 drop=0 hwm=1 last=(n=57 v=75 t=78 hex=90394B)[0m
[0;32mI (477456) pocket_pan_main: [BLE] state=8 interval_ms=11.25 latency=0 rssi=-70 reconnects=0 last_disconnect=0[0m
[0;32mI (477466) pocket_pan_main: [MEM] internal_free=143639 largest_internal=40960[0m
[0;32mI (477476) pocket_pan_main: [UIREDRAW] urgent=14 telemetry=1526 skip=14212[0m
[0;32mI (482466) pocket_pan_main: [AUDIO] model=PAN blocks=180599 avg_us=341 p99_us=375 max_us=1075 cpu_load=12.8 deadline=0 timeout=0 tx_error=0 short=0[0m
[0;32mI (482466) pocket_pan_main: [MIDI] push=2 pop=2 drop=0 hwm=1 last=(n=57 v=75 t=78 hex=90394B)[0m
[0;32mI (482476) pocket_pan_main: [BLE] state=8 interval_ms=11.25 latency=0 rssi=-68 reconnects=0 last_disconnect=0[0m
[0;32mI (482486) pocket_pan_main: [MEM] internal_free=143639 largest_internal=40960[0m
[0;32mI (482496) pocket_pan_main: [UIREDRAW] urgent=14 telemetry=1544 skip=14360[0m
[0;32mI (487476) pocket_pan_main: [AUDIO] model=PAN blocks=182479 avg_us=341 p99_us=375 max_us=1075 cpu_load=12.8 deadline=0 timeout=0 tx_error=0 short=0[0m
[0;32mI (487476) pocket_pan_main: [MIDI] push=2 pop=2 drop=0 hwm=1 last=(n=57 v=75 t=78 hex=90394B)[0m
[0;32mI (487486) pocket_pan_main: [BLE] state=8 interval_ms=11.25 latency=0 rssi=-68 reconnects=0 last_disconnect=0[0m
[0;32mI (487496) pocket_pan_main: [MEM] internal_free=143639 largest_internal=40960[0m
[0;32mI (487506) pocket_pan_main: [UIREDRAW] urgent=14 telemetry=1561 skip=14509[0m
[0;32mI (492496) pocket_pan_main: [AUDIO] model=PAN blocks=184362 avg_us=341 p99_us=375 max_us=1075 cpu_load=12.8 deadline=0 timeout=0 tx_error=0 short=0[0m
[0;32mI (492496) pocket_pan_main: [MIDI] push=2 pop=2 drop=0 hwm=1 last=(n=57 v=75 t=78 hex=90394B)[0m
[0;32mI (492506) pocket_pan_main: [BLE] state=8 interval_ms=11.25 latency=0 rssi=-67 reconnects=0 last_disconnect=0[0m
[0;32mI (492516) pocket_pan_main: [MEM] internal_free=143639 largest_internal=40960[0m
[0;32mI (492526) pocket_pan_main: [UIREDRAW] urgent=14 telemetry=1578 skip=14658[0m
[0;32mI (497516) pocket_pan_main: [AUDIO] model=PAN blocks=186243 avg_us=342 p99_us=375 max_us=1075 cpu_load=12.8 deadline=0 timeout=0 tx_error=0 short=0[0m
[0;32mI (497516) pocket_pan_main: [MIDI] push=2 pop=2 drop=0 hwm=1 last=(n=57 v=75 t=78 hex=90394B)[0m
[0;32mI (497526) pocket_pan_main: [BLE] state=8 interval_ms=11.25 latency=0 rssi=-70 reconnects=0 last_disconnect=0[0m
[0;32mI (497536) pocket_pan_main: [MEM] internal_free=143639 largest_internal=40960[0m
[0;32mI (497546) pocket_pan_main: [UIREDRAW] urgent=14 telemetry=1594 skip=14808[0m
[0;32mI (502536) pocket_pan_main: [AUDIO] model=PAN blocks=188125 avg_us=342 p99_us=375 max_us=1075 cpu_load=12.8 deadline=0 timeout=0 tx_error=0 short=0[0m
[0;32mI (502536) pocket_pan_main: [MIDI] push=2 pop=2 drop=0 hwm=1 last=(n=57 v=75 t=78 hex=90394B)[0m
[0;32mI (502546) pocket_pan_main: [BLE] state=8 interval_ms=11.25 latency=0 rssi=-67 reconnects=0 last_disconnect=0[0m
[0;32mI (502556) pocket_pan_main: [MEM] internal_free=143639 largest_internal=40960[0m
[0;32mI (502566) pocket_pan_main: [UIREDRAW] urgent=14 telemetry=1612 skip=14956[0m
[0;32mI (507546) pocket_pan_main: [AUDIO] model=PAN blocks=190005 avg_us=339 p99_us=350 max_us=1075 cpu_load=12.7 deadline=0 timeout=0 tx_error=0 short=0[0m
[0;32mI (507546) pocket_pan_main: [MIDI] push=2 pop=2 drop=0 hwm=1 last=(n=57 v=75 t=78 hex=90394B)[0m
[0;32mI (507556) pocket_pan_main: [BLE] state=8 interval_ms=11.25 latency=0 rssi=-68 reconnects=0 last_disconnect=0[0m
[0;32mI (507566) pocket_pan_main: [MEM] internal_free=143639 largest_internal=40960[0m
[0;32mI (507576) pocket_pan_main: [UIREDRAW] urgent=14 telemetry=1628 skip=15106[0m
[0;32mI (512566) pocket_pan_main: [AUDIO] model=PAN blocks=191888 avg_us=340 p99_us=350 max_us=1075 cpu_load=12.7 deadline=0 timeout=0 tx_error=0 short=0[0m
[0;32mI (512566) pocket_pan_main: [MIDI] push=2 pop=2 drop=0 hwm=1 last=(n=57 v=75 t=78 hex=90394B)[0m
[0;32mI (512576) pocket_pan_main: [BLE] state=8 interval_ms=11.25 latency=0 rssi=-67 reconnects=0 last_disconnect=0[0m
[0;32mI (512586) pocket_pan_main: [MEM] internal_free=143639 largest_internal=40960[0m
[0;32mI (512596) pocket_pan_main: [UIREDRAW] urgent=14 telemetry=1645 skip=15255[0m
[0;32mI (517586) pocket_pan_main: [AUDIO] model=PAN blocks=193770 avg_us=340 p99_us=350 max_us=1075 cpu_load=12.7 deadline=0 timeout=0 tx_error=0 short=0[0m
[0;32mI (517586) pocket_pan_main: [MIDI] push=2 pop=2 drop=0 hwm=1 last=(n=57 v=75 t=78 hex=90394B)[0m
[0;32mI (517596) pocket_pan_main: [BLE] state=8 interval_ms=11.25 latency=0 rssi=-68 reconnects=0 last_disconnect=0[0m
[0;32mI (517606) pocket_pan_main: [MEM] internal_free=143639 largest_internal=40960[0m
[0;32mI (517616) pocket_pan_main: [UIREDRAW] urgent=14 telemetry=1659 skip=15407[0m
[0;32mI (522606) pocket_pan_main: [AUDIO] model=PAN blocks=195651 avg_us=339 p99_us=350 max_us=1075 cpu_load=12.7 deadline=0 timeout=0 tx_error=0 short=0[0m
[0;32mI (522606) pocket_pan_main: [MIDI] push=2 pop=2 drop=0 hwm=1 last=(n=57 v=75 t=78 hex=90394B)[0m
[0;32mI (522616) pocket_pan_main: [BLE] state=8 interval_ms=11.25 latency=0 rssi=-69 reconnects=0 last_disconnect=0[0m
[0;32mI (522626) pocket_pan_main: [MEM] internal_free=143639 largest_internal=40960[0m
[0;32mI (522636) pocket_pan_main: [UIREDRAW] urgent=14 telemetry=1675 skip=15557[0m
[0;32mI (527616) pocket_pan_main: [AUDIO] model=PAN blocks=197532 avg_us=340 p99_us=350 max_us=1075 cpu_load=12.7 deadline=0 timeout=0 tx_error=0 short=0[0m
[0;32mI (527616) pocket_pan_main: [MIDI] push=2 pop=2 drop=0 hwm=1 last=(n=57 v=75 t=78 hex=90394B)[0m
[0;32mI (527626) pocket_pan_main: [BLE] state=8 interval_ms=11.25 latency=0 rssi=-70 reconnects=0 last_disconnect=0[0m
[0;32mI (527636) pocket_pan_main: [MEM] internal_free=143639 largest_internal=40960[0m
[0;32mI (527646) pocket_pan_main: [UIREDRAW] urgent=14 telemetry=1690 skip=15708[0m
[0;32mI (532636) pocket_pan_main: [AUDIO] model=PAN blocks=199414 avg_us=340 p99_us=350 max_us=1075 cpu_load=12.7 deadline=0 timeout=0 tx_error=0 short=0[0m
[0;32mI (532636) pocket_pan_main: [MIDI] push=2 pop=2 drop=0 hwm=1 last=(n=57 v=75 t=78 hex=90394B)[0m
[0;32mI (532646) pocket_pan_main: [BLE] state=8 interval_ms=11.25 latency=0 rssi=-79 reconnects=0 last_disconnect=0[0m
[0;32mI (532656) pocket_pan_main: [MEM] internal_free=143639 largest_internal=40960[0m
[0;32mI (532666) pocket_pan_main: [UIREDRAW] urgent=14 telemetry=1705 skip=15859[0m
[0;32mI (537656) pocket_pan_main: [AUDIO] model=PAN blocks=201296 avg_us=339 p99_us=350 max_us=1075 cpu_load=12.7 deadline=0 timeout=0 tx_error=0 short=0[0m
[0;32mI (537656) pocket_pan_main: [MIDI] push=2 pop=2 drop=0 hwm=1 last=(n=57 v=75 t=78 hex=90394B)[0m
[0;32mI (537666) pocket_pan_main: [BLE] state=8 interval_ms=11.25 latency=0 rssi=-67 reconnects=0 last_disconnect=0[0m
[0;32mI (537676) pocket_pan_main: [MEM] internal_free=143639 largest_internal=40960[0m
[0;32mI (537686) pocket_pan_main: [UIREDRAW] urgent=14 telemetry=1719 skip=16011[0m
[0;32mI (542676) pocket_pan_main: [AUDIO] model=PAN blocks=203177 avg_us=339 p99_us=375 max_us=1075 cpu_load=12.7 deadline=0 timeout=0 tx_error=0 short=0[0m
[0;32mI (542676) pocket_pan_main: [MIDI] push=2 pop=2 drop=0 hwm=1 last=(n=57 v=75 t=78 hex=90394B)[0m
[0;32mI (542686) pocket_pan_main: [BLE] state=8 interval_ms=11.25 latency=0 rssi=-69 reconnects=0 last_disconnect=0[0m
[0;32mI (542696) pocket_pan_main: [MEM] internal_free=143639 largest_internal=40960[0m
[0;32mI (542706) pocket_pan_main: [UIREDRAW] urgent=14 telemetry=1736 skip=16160[0m
[0;32mI (547686) pocket_pan_main: [AUDIO] model=PAN blocks=205058 avg_us=340 p99_us=350 max_us=1075 cpu_load=12.7 deadline=0 timeout=0 tx_error=0 short=0[0m
[0;32mI (547686) pocket_pan_main: [MIDI] push=2 pop=2 drop=0 hwm=1 last=(n=57 v=75 t=78 hex=90394B)[0m
[0;32mI (547696) pocket_pan_main: [BLE] state=8 interval_ms=11.25 latency=0 rssi=-68 reconnects=0 last_disconnect=0[0m
[0;32mI (547706) pocket_pan_main: [MEM] internal_free=143639 largest_internal=40960[0m
[0;32mI (547716) pocket_pan_main: [UIREDRAW] urgent=14 telemetry=1750 skip=16312[0m
[0;32mI (552706) pocket_pan_main: [AUDIO] model=PAN blocks=206940 avg_us=340 p99_us=375 max_us=1075 cpu_load=12.7 deadline=0 timeout=0 tx_error=0 short=0[0m
[0;32mI (552706) pocket_pan_main: [MIDI] push=2 pop=2 drop=0 hwm=1 last=(n=57 v=75 t=78 hex=90394B)[0m
[0;32mI (552716) pocket_pan_main: [BLE] state=8 interval_ms=11.25 latency=0 rssi=-69 reconnects=0 last_disconnect=0[0m
[0;32mI (552726) pocket_pan_main: [MEM] internal_free=143639 largest_internal=40960[0m
[0;32mI (552736) pocket_pan_main: [UIREDRAW] urgent=14 telemetry=1768 skip=16460[0m
[0;32mI (557726) pocket_pan_main: [AUDIO] model=PAN blocks=208822 avg_us=340 p99_us=375 max_us=1075 cpu_load=12.7 deadline=0 timeout=0 tx_error=0 short=0[0m
[0;32mI (557726) pocket_pan_main: [MIDI] push=2 pop=2 drop=0 hwm=1 last=(n=57 v=75 t=78 hex=90394B)[0m
[0;32mI (557736) pocket_pan_main: [BLE] state=8 interval_ms=11.25 latency=0 rssi=-67 reconnects=0 last_disconnect=0[0m
[0;32mI (557746) pocket_pan_main: [MEM] internal_free=143639 largest_internal=40960[0m
[0;32mI (557756) pocket_pan_main: [UIREDRAW] urgent=14 telemetry=1784 skip=16610[0m
[0;32mI (562746) pocket_pan_main: [AUDIO] model=PAN blocks=210704 avg_us=340 p99_us=350 max_us=1075 cpu_load=12.7 deadline=0 timeout=0 tx_error=0 short=0[0m
[0;32mI (562746) pocket_pan_main: [MIDI] push=2 pop=2 drop=0 hwm=1 last=(n=57 v=75 t=78 hex=90394B)[0m
[0;32mI (562756) pocket_pan_main: [BLE] state=8 interval_ms=11.25 latency=0 rssi=-69 reconnects=0 last_disconnect=0[0m
[0;32mI (562766) pocket_pan_main: [MEM] internal_free=143639 largest_internal=40960[0m
[0;32mI (562776) pocket_pan_main: [UIREDRAW] urgent=14 telemetry=1801 skip=16759[0m
[0;32mI (567756) pocket_pan_main: [AUDIO] model=PAN blocks=212584 avg_us=340 p99_us=375 max_us=1075 cpu_load=12.7 deadline=0 timeout=0 tx_error=0 short=0[0m
[0;32mI (567756) pocket_pan_main: [MIDI] push=2 pop=2 drop=0 hwm=1 last=(n=57 v=75 t=78 hex=90394B)[0m
[0;32mI (567766) pocket_pan_main: [BLE] state=8 interval_ms=11.25 latency=0 rssi=-68 reconnects=0 last_disconnect=0[0m
[0;32mI (567776) pocket_pan_main: [MEM] internal_free=143639 largest_internal=40960[0m
[0;32mI (567786) pocket_pan_main: [UIREDRAW] urgent=14 telemetry=1815 skip=16911[0m
[0;32mI (572776) pocket_pan_main: [AUDIO] model=PAN blocks=214467 avg_us=341 p99_us=350 max_us=1075 cpu_load=12.8 deadline=0 timeout=0 tx_error=0 short=0[0m
[0;32mI (572776) pocket_pan_main: [MIDI] push=2 pop=2 drop=0 hwm=1 last=(n=57 v=75 t=78 hex=90394B)[0m
[0;32mI (572786) pocket_pan_main: [BLE] state=8 interval_ms=11.25 latency=0 rssi=-67 reconnects=0 last_disconnect=0[0m
[0;32mI (572796) pocket_pan_main: [MEM] internal_free=143639 largest_internal=40960[0m
[0;32mI (572806) pocket_pan_main: [UIREDRAW] urgent=14 telemetry=1829 skip=17063[0m
[0;32mI (577796) pocket_pan_main: [AUDIO] model=PAN blocks=216348 avg_us=340 p99_us=375 max_us=1075 cpu_load=12.7 deadline=0 timeout=0 tx_error=0 short=0[0m
[0;32mI (577796) pocket_pan_main: [MIDI] push=2 pop=2 drop=0 hwm=1 last=(n=57 v=75 t=78 hex=90394B)[0m
[0;32mI (577806) pocket_pan_main: [BLE] state=8 interval_ms=11.25 latency=0 rssi=-67 reconnects=0 last_disconnect=0[0m
[0;32mI (577816) pocket_pan_main: [MEM] internal_free=143639 largest_internal=40960[0m
[0;32mI (577826) pocket_pan_main: [UIREDRAW] urgent=14 telemetry=1843 skip=17215[0m
[0;32mI (582816) pocket_pan_main: [AUDIO] model=PAN blocks=218230 avg_us=340 p99_us=350 max_us=1075 cpu_load=12.7 deadline=0 timeout=0 tx_error=0 short=0[0m
[0;32mI (582816) pocket_pan_main: [MIDI] push=2 pop=2 drop=0 hwm=1 last=(n=57 v=75 t=78 hex=90394B)[0m
[0;32mI (582826) pocket_pan_main: [BLE] state=8 interval_ms=11.25 latency=0 rssi=-68 reconnects=0 last_disconnect=0[0m
[0;32mI (582836) pocket_pan_main: [MEM] internal_free=143639 largest_internal=40960[0m
[0;32mI (582846) pocket_pan_main: [UIREDRAW] urgent=14 telemetry=1858 skip=17366[0m
[0;32mI (587826) pocket_pan_main: [AUDIO] model=PAN blocks=220110 avg_us=341 p99_us=350 max_us=1075 cpu_load=12.8 deadline=0 timeout=0 tx_error=0 short=0[0m
[0;32mI (587826) pocket_pan_main: [MIDI] push=2 pop=2 drop=0 hwm=1 last=(n=57 v=75 t=78 hex=90394B)[0m
[0;32mI (587836) pocket_pan_main: [BLE] state=8 interval_ms=11.25 latency=0 rssi=-88 reconnects=0 last_disconnect=0[0m
[0;32mI (587846) pocket_pan_main: [MEM] internal_free=143639 largest_internal=40960[0m
[0;32mI (587856) pocket_pan_main: [UIREDRAW] urgent=14 telemetry=1871 skip=17519[0m
[0;32mI (592846) pocket_pan_main: [AUDIO] model=PAN blocks=221993 avg_us=340 p99_us=350 max_us=1075 cpu_load=12.7 deadline=0 timeout=0 tx_error=0 short=0[0m
[0;32mI (592846) pocket_pan_main: [MIDI] push=2 pop=2 drop=0 hwm=1 last=(n=57 v=75 t=78 hex=90394B)[0m
[0;32mI (592856) pocket_pan_main: [BLE] state=8 interval_ms=11.25 latency=0 rssi=-68 reconnects=0 last_disconnect=0[0m
[0;32mI (592866) pocket_pan_main: [MEM] internal_free=143639 largest_internal=40960[0m
[0;32mI (592876) pocket_pan_main: [UIREDRAW] urgent=14 telemetry=1887 skip=17669[0m
[0;32mI (597866) pocket_pan_main: [AUDIO] model=PAN blocks=223875 avg_us=340 p99_us=375 max_us=1075 cpu_load=12.7 deadline=0 timeout=0 tx_error=0 short=0[0m
[0;32mI (597866) pocket_pan_main: [MIDI] push=2 pop=2 drop=0 hwm=1 last=(n=57 v=75 t=78 hex=90394B)[0m
[0;32mI (597876) pocket_pan_main: [BLE] state=8 interval_ms=11.25 latency=0 rssi=-67 reconnects=0 last_disconnect=0[0m
[0;32mI (597886) pocket_pan_main: [MEM] internal_free=143639 largest_internal=40960[0m
[0;32mI (597896) pocket_pan_main: [UIREDRAW] urgent=14 telemetry=1903 skip=17819[0m
[0;32mI (602886) pocket_pan_main: [AUDIO] model=PAN blocks=225756 avg_us=339 p99_us=375 max_us=1075 cpu_load=12.7 deadline=0 timeout=0 tx_error=0 short=0[0m
[0;32mI (602886) pocket_pan_main: [MIDI] push=2 pop=2 drop=0 hwm=1 last=(n=57 v=75 t=78 hex=90394B)[0m
[0;32mI (602896) pocket_pan_main: [BLE] state=8 interval_ms=11.25 latency=0 rssi=-67 reconnects=0 last_disconnect=0[0m
[0;32mI (602906) pocket_pan_main: [MEM] internal_free=143639 largest_internal=40960[0m
[0;32mI (602916) pocket_pan_main: [UIREDRAW] urgent=14 telemetry=1916 skip=17972[0m
[0;32mI (607896) pocket_pan_main: [AUDIO] model=PAN blocks=227637 avg_us=340 p99_us=350 max_us=1075 cpu_load=12.7 deadline=0 timeout=0 tx_error=0 short=0[0m
[0;32mI (607896) pocket_pan_main: [MIDI] push=2 pop=2 drop=0 hwm=1 last=(n=57 v=75 t=78 hex=90394B)[0m
[0;32mI (607906) pocket_pan_main: [BLE] state=8 interval_ms=11.25 latency=0 rssi=-68 reconnects=0 last_disconnect=0[0m
[0;32mI (607916) pocket_pan_main: [MEM] internal_free=143639 largest_internal=40960[0m
[0;32mI (607926) pocket_pan_main: [UIREDRAW] urgent=14 telemetry=1931 skip=18123[0m
[0;32mI (612916) pocket_pan_main: [AUDIO] model=PAN blocks=229519 avg_us=340 p99_us=350 max_us=1075 cpu_load=12.7 deadline=0 timeout=0 tx_error=0 short=0[0m
[0;32mI (612916) pocket_pan_main: [MIDI] push=2 pop=2 drop=0 hwm=1 last=(n=57 v=75 t=78 hex=90394B)[0m
[0;32mI (612926) pocket_pan_main: [BLE] state=8 interval_ms=11.25 latency=0 rssi=-67 reconnects=0 last_disconnect=0[0m
[0;32mI (612936) pocket_pan_main: [MEM] internal_free=143639 largest_internal=40960[0m
[0;32mI (612946) pocket_pan_main: [UIREDRAW] urgent=14 telemetry=1947 skip=18273[0m
[0;32mI (617936) pocket_pan_main: [AUDIO] model=PAN blocks=231401 avg_us=340 p99_us=350 max_us=1075 cpu_load=12.7 deadline=0 timeout=0 tx_error=0 short=0[0m
[0;32mI (617936) pocket_pan_main: [MIDI] push=2 pop=2 drop=0 hwm=1 last=(n=57 v=75 t=78 hex=90394B)[0m
[0;32mI (617946) pocket_pan_main: [BLE] state=8 interval_ms=11.25 latency=0 rssi=-66 reconnects=0 last_disconnect=0[0m
[0;32mI (617956) pocket_pan_main: [MEM] internal_free=143639 largest_internal=40960[0m
[0;32mI (617966) pocket_pan_main: [UIREDRAW] urgent=14 telemetry=1964 skip=18422[0m
[0;32mI (622956) pocket_pan_main: [AUDIO] model=PAN blocks=233282 avg_us=340 p99_us=350 max_us=1075 cpu_load=12.7 deadline=0 timeout=0 tx_error=0 short=0[0m
[0;32mI (622956) pocket_pan_main: [MIDI] push=2 pop=2 drop=0 hwm=1 last=(n=57 v=75 t=78 hex=90394B)[0m
[0;32mI (622966) pocket_pan_main: [BLE] state=8 interval_ms=11.25 latency=0 rssi=-67 reconnects=0 last_disconnect=0[0m
[0;32mI (622976) pocket_pan_main: [MEM] internal_free=143639 largest_internal=40960[0m
[0;32mI (622986) pocket_pan_main: [UIREDRAW] urgent=14 telemetry=1979 skip=18573[0m
[0;32mI (627966) pocket_pan_main: [AUDIO] model=PAN blocks=235163 avg_us=340 p99_us=350 max_us=1075 cpu_load=12.7 deadline=0 timeout=0 tx_error=0 short=0[0m
[0;32mI (627966) pocket_pan_main: [MIDI] push=2 pop=2 drop=0 hwm=1 last=(n=57 v=75 t=78 hex=90394B)[0m
[0;32mI (627976) pocket_pan_main: [BLE] state=8 interval_ms=11.25 latency=0 rssi=-68 reconnects=0 last_disconnect=0[0m
[0;32mI (627986) pocket_pan_main: [MEM] internal_free=143639 largest_internal=40960[0m
[0;32mI (627996) pocket_pan_main: [UIREDRAW] urgent=14 telemetry=1995 skip=18723[0m
[0;32mI (632986) pocket_pan_main: [AUDIO] model=PAN blocks=237045 avg_us=340 p99_us=350 max_us=1075 cpu_load=12.7 deadline=0 timeout=0 tx_error=0 short=0[0m
[0;32mI (632986) pocket_pan_main: [MIDI] push=2 pop=2 drop=0 hwm=1 last=(n=57 v=75 t=78 hex=90394B)[0m
[0;32mI (632996) pocket_pan_main: [BLE] state=8 interval_ms=11.25 latency=0 rssi=-67 reconnects=0 last_disconnect=0[0m
[0;32mI (633006) pocket_pan_main: [MEM] internal_free=143639 largest_internal=40960[0m
[0;32mI (633016) pocket_pan_main: [UIREDRAW] urgent=14 telemetry=2012 skip=18872[0m
[0;32mI (638006) pocket_pan_main: [AUDIO] model=PAN blocks=238927 avg_us=340 p99_us=350 max_us=1075 cpu_load=12.7 deadline=0 timeout=0 tx_error=0 short=0[0m
[0;32mI (638006) pocket_pan_main: [MIDI] push=2 pop=2 drop=0 hwm=1 last=(n=57 v=75 t=78 hex=90394B)[0m
[0;32mI (638016) pocket_pan_main: [BLE] state=8 interval_ms=11.25 latency=0 rssi=-66 reconnects=0 last_disconnect=0[0m
[0;32mI (638026) pocket_pan_main: [MEM] internal_free=143639 largest_internal=40960[0m
[0;32mI (638036) pocket_pan_main: [UIREDRAW] urgent=14 telemetry=2028 skip=19022[0m
[0;32mI (643026) pocket_pan_main: [AUDIO] model=PAN blocks=240809 avg_us=339 p99_us=375 max_us=1075 cpu_load=12.7 deadline=0 timeout=0 tx_error=0 short=0[0m
[0;32mI (643026) pocket_pan_main: [MIDI] push=2 pop=2 drop=0 hwm=1 last=(n=57 v=75 t=78 hex=90394B)[0m
[0;32mI (643036) pocket_pan_main: [BLE] state=8 interval_ms=11.25 latency=0 rssi=-67 reconnects=0 last_disconnect=0[0m
[0;32mI (643046) pocket_pan_main: [MEM] internal_free=143639 largest_internal=40960[0m
[0;32mI (643056) pocket_pan_main: [UIREDRAW] urgent=14 telemetry=2044 skip=19172[0m
[0;32mI (648036) pocket_pan_main: [AUDIO] model=PAN blocks=242689 avg_us=341 p99_us=350 max_us=1075 cpu_load=12.8 deadline=0 timeout=0 tx_error=0 short=0[0m
[0;32mI (648036) pocket_pan_main: [MIDI] push=2 pop=2 drop=0 hwm=1 last=(n=57 v=75 t=78 hex=90394B)[0m
[0;32mI (648046) pocket_pan_main: [BLE] state=8 interval_ms=11.25 latency=0 rssi=-67 reconnects=0 last_disconnect=0[0m
[0;32mI (648056) pocket_pan_main: [MEM] internal_free=143639 largest_internal=40960[0m
[0;32mI (648066) pocket_pan_main: [UIREDRAW] urgent=14 telemetry=2059 skip=19323[0m
[0;32mI (653056) pocket_pan_main: [AUDIO] model=PAN blocks=244572 avg_us=339 p99_us=375 max_us=1075 cpu_load=12.7 deadline=0 timeout=0 tx_error=0 short=0[0m
[0;32mI (653056) pocket_pan_main: [MIDI] push=2 pop=2 drop=0 hwm=1 last=(n=57 v=75 t=78 hex=90394B)[0m
[0;32mI (653066) pocket_pan_main: [BLE] state=8 interval_ms=11.25 latency=0 rssi=-68 reconnects=0 last_disconnect=0[0m
[0;32mI (653076) pocket_pan_main: [MEM] internal_free=143639 largest_internal=40960[0m
[0;32mI (653086) pocket_pan_main: [UIREDRAW] urgent=14 telemetry=2072 skip=19476[0m
[0;32mI (658076) pocket_pan_main: [AUDIO] model=PAN blocks=246453 avg_us=339 p99_us=350 max_us=1075 cpu_load=12.7 deadline=0 timeout=0 tx_error=0 short=0[0m
[0;32mI (658076) pocket_pan_main: [MIDI] push=2 pop=2 drop=0 hwm=1 last=(n=57 v=75 t=78 hex=90394B)[0m
[0;32mI (658086) pocket_pan_main: [BLE] state=8 interval_ms=11.25 latency=0 rssi=-67 reconnects=0 last_disconnect=0[0m
[0;32mI (658096) pocket_pan_main: [MEM] internal_free=143639 largest_internal=40960[0m
[0;32mI (658106) pocket_pan_main: [UIREDRAW] urgent=14 telemetry=2090 skip=19624[0m
[0;32mI (663096) pocket_pan_main: [AUDIO] model=PAN blocks=248335 avg_us=339 p99_us=350 max_us=1075 cpu_load=12.7 deadline=0 timeout=0 tx_error=0 short=0[0m
[0;32mI (663096) pocket_pan_main: [MIDI] push=2 pop=2 drop=0 hwm=1 last=(n=57 v=75 t=78 hex=90394B)[0m
[0;32mI (663106) pocket_pan_main: [BLE] state=8 interval_ms=11.25 latency=0 rssi=-67 reconnects=0 last_disconnect=0[0m
[0;32mI (663116) pocket_pan_main: [MEM] internal_free=143639 largest_internal=40960[0m
[0;32mI (663126) pocket_pan_main: [UIREDRAW] urgent=14 telemetry=2107 skip=19773[0m
[0;32mI (668106) pocket_pan_main: [AUDIO] model=PAN blocks=250215 avg_us=339 p99_us=350 max_us=1075 cpu_load=12.7 deadline=0 timeout=0 tx_error=0 short=0[0m
[0;32mI (668106) pocket_pan_main: [MIDI] push=2 pop=2 drop=0 hwm=1 last=(n=57 v=75 t=78 hex=90394B)[0m
[0;32mI (668116) pocket_pan_main: [BLE] state=8 interval_ms=11.25 latency=0 rssi=-67 reconnects=0 last_disconnect=0[0m
[0;32mI (668126) pocket_pan_main: [MEM] internal_free=143639 largest_internal=40960[0m
[0;32mI (668136) pocket_pan_main: [UIREDRAW] urgent=14 telemetry=2120 skip=19926[0m
[0;32mI (673126) pocket_pan_main: [AUDIO] model=PAN blocks=252098 avg_us=340 p99_us=375 max_us=1075 cpu_load=12.7 deadline=0 timeout=0 tx_error=0 short=0[0m
[0;32mI (673126) pocket_pan_main: [MIDI] push=2 pop=2 drop=0 hwm=1 last=(n=57 v=75 t=78 hex=90394B)[0m
[0;32mI (673136) pocket_pan_main: [BLE] state=8 interval_ms=11.25 latency=0 rssi=-67 reconnects=0 last_disconnect=0[0m
[0;32mI (673146) pocket_pan_main: [MEM] internal_free=143639 largest_internal=40960[0m
[0;32mI (673156) pocket_pan_main: [UIREDRAW] urgent=14 telemetry=2135 skip=20077[0m
[0;32mI (678146) pocket_pan_main: [AUDIO] model=PAN blocks=253980 avg_us=340 p99_us=350 max_us=1075 cpu_load=12.7 deadline=0 timeout=0 tx_error=0 short=0[0m
[0;32mI (678146) pocket_pan_main: [MIDI] push=2 pop=2 drop=0 hwm=1 last=(n=57 v=75 t=78 hex=90394B)[0m
[0;32mI (678156) pocket_pan_main: [BLE] state=8 interval_ms=11.25 latency=0 rssi=-67 reconnects=0 last_disconnect=0[0m
[0;32mI (678166) pocket_pan_main: [MEM] internal_free=143639 largest_internal=40960[0m
[0;32mI (678176) pocket_pan_main: [UIREDRAW] urgent=14 telemetry=2153 skip=20225[0m
[0;32mI (683166) pocket_pan_main: [AUDIO] model=PAN blocks=255861 avg_us=340 p99_us=350 max_us=1075 cpu_load=12.7 deadline=0 timeout=0 tx_error=0 short=0[0m
[0;32mI (683166) pocket_pan_main: [MIDI] push=2 pop=2 drop=0 hwm=1 last=(n=57 v=75 t=78 hex=90394B)[0m
[0;32mI (683176) pocket_pan_main: [BLE] state=8 interval_ms=11.25 latency=0 rssi=-68 reconnects=0 last_disconnect=0[0m
[0;32mI (683186) pocket_pan_main: [MEM] internal_free=143639 largest_internal=40960[0m
[0;32mI (683196) pocket_pan_main: [UIREDRAW] urgent=14 telemetry=2167 skip=20377[0m
[0;32mI (688176) pocket_pan_main: [AUDIO] model=PAN blocks=257742 avg_us=340 p99_us=350 max_us=1075 cpu_load=12.7 deadline=0 timeout=0 tx_error=0 short=0[0m
[0;32mI (688176) pocket_pan_main: [MIDI] push=2 pop=2 drop=0 hwm=1 last=(n=57 v=75 t=78 hex=90394B)[0m
[0;32mI (688186) pocket_pan_main: [BLE] state=8 interval_ms=11.25 latency=0 rssi=-67 reconnects=0 last_disconnect=0[0m
[0;32mI (688196) pocket_pan_main: [MEM] internal_free=143639 largest_internal=40960[0m
[0;32mI (688206) pocket_pan_main: [UIREDRAW] urgent=14 telemetry=2182 skip=20528[0m
[0;32mI (693196) pocket_pan_main: [AUDIO] model=PAN blocks=259624 avg_us=340 p99_us=350 max_us=1075 cpu_load=12.7 deadline=0 timeout=0 tx_error=0 short=0[0m
[0;32mI (693196) pocket_pan_main: [MIDI] push=2 pop=2 drop=0 hwm=1 last=(n=57 v=75 t=78 hex=90394B)[0m
[0;32mI (693206) pocket_pan_main: [BLE] state=8 interval_ms=11.25 latency=0 rssi=-67 reconnects=0 last_disconnect=0[0m
[0;32mI (693216) pocket_pan_main: [MEM] internal_free=143639 largest_internal=40960[0m
[0;32mI (693226) pocket_pan_main: [UIREDRAW] urgent=14 telemetry=2199 skip=20677[0m
[0;32mI (698216) pocket_pan_main: [AUDIO] model=PAN blocks=261506 avg_us=340 p99_us=350 max_us=1075 cpu_load=12.7 deadline=0 timeout=0 tx_error=0 short=0[0m
[0;32mI (698216) pocket_pan_main: [MIDI] push=2 pop=2 drop=0 hwm=1 last=(n=57 v=75 t=78 hex=90394B)[0m
[0;32mI (698226) pocket_pan_main: [BLE] state=8 interval_ms=11.25 latency=0 rssi=-67 reconnects=0 last_disconnect=0[0m
[0;32mI (698236) pocket_pan_main: [MEM] internal_free=143639 largest_internal=40960[0m
[0;32mI (698246) pocket_pan_main: [UIREDRAW] urgent=14 telemetry=2219 skip=20823[0m
[0;32mI (703236) pocket_pan_main: [AUDIO] model=PAN blocks=263387 avg_us=340 p99_us=375 max_us=1075 cpu_load=12.7 deadline=0 timeout=0 tx_error=0 short=0[0m
[0;32mI (703236) pocket_pan_main: [MIDI] push=2 pop=2 drop=0 hwm=1 last=(n=57 v=75 t=78 hex=90394B)[0m
[0;32mI (703246) pocket_pan_main: [BLE] state=8 interval_ms=11.25 latency=0 rssi=-69 reconnects=0 last_disconnect=0[0m
[0;32mI (703256) pocket_pan_main: [MEM] internal_free=143639 largest_internal=40960[0m
[0;32mI (703266) pocket_pan_main: [UIREDRAW] urgent=14 telemetry=2236 skip=20972[0m
[0;32mI (708246) pocket_pan_main: [AUDIO] model=PAN blocks=265268 avg_us=340 p99_us=375 max_us=1075 cpu_load=12.7 deadline=0 timeout=0 tx_error=0 short=0[0m
[0;32mI (708246) pocket_pan_main: [MIDI] push=2 pop=2 drop=0 hwm=1 last=(n=57 v=75 t=78 hex=90394B)[0m
[0;32mI (708256) pocket_pan_main: [BLE] state=8 interval_ms=11.25 latency=0 rssi=-67 reconnects=0 last_disconnect=0[0m
[0;32mI (708266) pocket_pan_main: [MEM] internal_free=143639 largest_internal=40960[0m
[0;32mI (708276) pocket_pan_main: [UIREDRAW] urgent=14 telemetry=2253 skip=21121[0m
[0;32mI (713266) pocket_pan_main: [AUDIO] model=PAN blocks=267150 avg_us=340 p99_us=350 max_us=1075 cpu_load=12.7 deadline=0 timeout=0 tx_error=0 short=0[0m
[0;32mI (713266) pocket_pan_main: [MIDI] push=2 pop=2 drop=0 hwm=1 last=(n=57 v=75 t=78 hex=90394B)[0m
[0;32mI (713276) pocket_pan_main: [BLE] state=8 interval_ms=11.25 latency=0 rssi=-68 reconnects=0 last_disconnect=0[0m
[0;32mI (713286) pocket_pan_main: [MEM] internal_free=143639 largest_internal=40960[0m
[0;32mI (713296) pocket_pan_main: [UIREDRAW] urgent=14 telemetry=2269 skip=21271[0m
[0;32mI (718286) pocket_pan_main: [AUDIO] model=PAN blocks=269032 avg_us=341 p99_us=350 max_us=1075 cpu_load=12.8 deadline=0 timeout=0 tx_error=0 short=0[0m
[0;32mI (718286) pocket_pan_main: [MIDI] push=2 pop=2 drop=0 hwm=1 last=(n=57 v=75 t=78 hex=90394B)[0m
[0;32mI (718296) pocket_pan_main: [BLE] state=8 interval_ms=11.25 latency=0 rssi=-66 reconnects=0 last_disconnect=0[0m
[0;32mI (718306) pocket_pan_main: [MEM] internal_free=143639 largest_internal=40960[0m
[0;32mI (718316) pocket_pan_main: [UIREDRAW] urgent=14 telemetry=2284 skip=21422[0m
[0;32mI (723306) pocket_pan_main: [AUDIO] model=PAN blocks=270914 avg_us=340 p99_us=350 max_us=1075 cpu_load=12.7 deadline=0 timeout=0 tx_error=0 short=0[0m
[0;32mI (723306) pocket_pan_main: [MIDI] push=2 pop=2 drop=0 hwm=1 last=(n=57 v=75 t=78 hex=90394B)[0m
[0;32mI (723316) pocket_pan_main: [BLE] state=8 interval_ms=11.25 latency=0 rssi=-68 reconnects=0 last_disconnect=0[0m
[0;32mI (723326) pocket_pan_main: [MEM] internal_free=143639 largest_internal=40960[0m
[0;32mI (723336) pocket_pan_main: [UIREDRAW] urgent=14 telemetry=2299 skip=21573[0m
[0;32mI (728316) pocket_pan_main: [AUDIO] model=PAN blocks=272794 avg_us=340 p99_us=350 max_us=1075 cpu_load=12.7 deadline=0 timeout=0 tx_error=0 short=0[0m
[0;32mI (728316) pocket_pan_main: [MIDI] push=2 pop=2 drop=0 hwm=1 last=(n=57 v=75 t=78 hex=90394B)[0m
[0;32mI (728326) pocket_pan_main: [BLE] state=8 interval_ms=11.25 latency=0 rssi=-67 reconnects=0 last_disconnect=0[0m
[0;32mI (728336) pocket_pan_main: [MEM] internal_free=143639 largest_internal=40960[0m
[0;32mI (728346) pocket_pan_main: [UIREDRAW] urgent=14 telemetry=2313 skip=21725[0m
[0;32mI (733336) pocket_pan_main: [AUDIO] model=PAN blocks=274677 avg_us=339 p99_us=350 max_us=1075 cpu_load=12.7 deadline=0 timeout=0 tx_error=0 short=0[0m
[0;32mI (733336) pocket_pan_main: [MIDI] push=2 pop=2 drop=0 hwm=1 last=(n=57 v=75 t=78 hex=90394B)[0m
[0;32mI (733346) pocket_pan_main: [BLE] state=8 interval_ms=11.25 latency=0 rssi=-81 reconnects=0 last_disconnect=0[0m
[0;32mI (733356) pocket_pan_main: [MEM] internal_free=143639 largest_internal=40960[0m
[0;32mI (733366) pocket_pan_main: [UIREDRAW] urgent=14 telemetry=2329 skip=21875[0m
[0;32mI (738356) pocket_pan_main: [AUDIO] model=PAN blocks=276558 avg_us=339 p99_us=350 max_us=1075 cpu_load=12.7 deadline=0 timeout=0 tx_error=0 short=0[0m
[0;32mI (738356) pocket_pan_main: [MIDI] push=2 pop=2 drop=0 hwm=1 last=(n=57 v=75 t=78 hex=90394B)[0m
[0;32mI (738366) pocket_pan_main: [BLE] state=8 interval_ms=11.25 latency=0 rssi=-67 reconnects=0 last_disconnect=0[0m
[0;32mI (738376) pocket_pan_main: [MEM] internal_free=143639 largest_internal=40960[0m
[0;32mI (738386) pocket_pan_main: [UIREDRAW] urgent=14 telemetry=2347 skip=22023[0m
[0;32mI (743376) pocket_pan_main: [AUDIO] model=PAN blocks=278440 avg_us=339 p99_us=350 max_us=1075 cpu_load=12.7 deadline=0 timeout=0 tx_error=0 short=0[0m
[0;32mI (743376) pocket_pan_main: [MIDI] push=2 pop=2 drop=0 hwm=1 last=(n=57 v=75 t=78 hex=90394B)[0m
[0;32mI (743386) pocket_pan_main: [BLE] state=8 interval_ms=11.25 latency=0 rssi=-68 reconnects=0 last_disconnect=0[0m
[0;32mI (743396) pocket_pan_main: [MEM] internal_free=143639 largest_internal=40960[0m
[0;32mI (743406) pocket_pan_main: [UIREDRAW] urgent=14 telemetry=2364 skip=22172[0m
[0;32mI (748386) pocket_pan_main: [AUDIO] model=PAN blocks=280320 avg_us=340 p99_us=375 max_us=1075 cpu_load=12.7 deadline=0 timeout=0 tx_error=0 short=0[0m
[0;32mI (748386) pocket_pan_main: [MIDI] push=2 pop=2 drop=0 hwm=1 last=(n=57 v=75 t=78 hex=90394B)[0m
[0;32mI (748396) pocket_pan_main: [BLE] state=8 interval_ms=11.25 latency=0 rssi=-67 reconnects=0 last_disconnect=0[0m
[0;32mI (748406) pocket_pan_main: [MEM] internal_free=143639 largest_internal=40960[0m
[0;32mI (748416) pocket_pan_main: [UIREDRAW] urgent=14 telemetry=2377 skip=22325[0m
[0;32mI (753406) pocket_pan_main: [AUDIO] model=PAN blocks=282203 avg_us=340 p99_us=350 max_us=1075 cpu_load=12.7 deadline=0 timeout=0 tx_error=0 short=0[0m
[0;32mI (753406) pocket_pan_main: [MIDI] push=2 pop=2 drop=0 hwm=1 last=(n=57 v=75 t=78 hex=90394B)[0m
[0;32mI (753416) pocket_pan_main: [BLE] state=8 interval_ms=11.25 latency=0 rssi=-68 reconnects=0 last_disconnect=0[0m
[0;32mI (753426) pocket_pan_main: [MEM] internal_free=143639 largest_internal=40960[0m
[0;32mI (753436) pocket_pan_main: [UIREDRAW] urgent=14 telemetry=2392 skip=22476[0m
[0;32mI (758426) pocket_pan_main: [AUDIO] model=PAN blocks=284085 avg_us=340 p99_us=350 max_us=1075 cpu_load=12.7 deadline=0 timeout=0 tx_error=0 short=0[0m
[0;32mI (758426) pocket_pan_main: [MIDI] push=2 pop=2 drop=0 hwm=1 last=(n=57 v=75 t=78 hex=90394B)[0m
[0;32mI (758436) pocket_pan_main: [BLE] state=8 interval_ms=11.25 latency=0 rssi=-68 reconnects=0 last_disconnect=0[0m
[0;32mI (758446) pocket_pan_main: [MEM] internal_free=143639 largest_internal=40960[0m
[0;32mI (758456) pocket_pan_main: [UIREDRAW] urgent=14 telemetry=2406 skip=22628[0m
[0;32mI (763446) pocket_pan_main: [AUDIO] model=PAN blocks=285966 avg_us=340 p99_us=375 max_us=1075 cpu_load=12.7 deadline=0 timeout=0 tx_error=0 short=0[0m
[0;32mI (763446) pocket_pan_main: [MIDI] push=2 pop=2 drop=0 hwm=1 last=(n=57 v=75 t=78 hex=90394B)[0m
[0;32mI (763456) pocket_pan_main: [BLE] state=8 interval_ms=11.25 latency=0 rssi=-68 reconnects=0 last_disconnect=0[0m
[0;32mI (763466) pocket_pan_main: [MEM] internal_free=143639 largest_internal=40960[0m
[0;32mI (763476) pocket_pan_main: [UIREDRAW] urgent=14 telemetry=2423 skip=22777[0m
[0;32mI (768456) pocket_pan_main: [AUDIO] model=PAN blocks=287847 avg_us=340 p99_us=375 max_us=1075 cpu_load=12.7 deadline=0 timeout=0 tx_error=0 short=0[0m
[0;32mI (768456) pocket_pan_main: [MIDI] push=2 pop=2 drop=0 hwm=1 last=(n=57 v=75 t=78 hex=90394B)[0m
[0;32mI (768466) pocket_pan_main: [BLE] state=8 interval_ms=11.25 latency=0 rssi=-67 reconnects=0 last_disconnect=0[0m
[0;32mI (768476) pocket_pan_main: [MEM] internal_free=143639 largest_internal=40960[0m
[0;32mI (768486) pocket_pan_main: [UIREDRAW] urgent=14 telemetry=2441 skip=22925[0m
[0;32mI (773476) pocket_pan_main: [AUDIO] model=PAN blocks=289729 avg_us=339 p99_us=375 max_us=1075 cpu_load=12.7 deadline=0 timeout=0 tx_error=0 short=0[0m
[0;32mI (773476) pocket_pan_main: [MIDI] push=2 pop=2 drop=0 hwm=1 last=(n=57 v=75 t=78 hex=90394B)[0m
[0;32mI (773486) pocket_pan_main: [BLE] state=8 interval_ms=11.25 latency=0 rssi=-68 reconnects=0 last_disconnect=0[0m
[0;32mI (773496) pocket_pan_main: [MEM] internal_free=143639 largest_internal=40960[0m
[0;32mI (773506) pocket_pan_main: [UIREDRAW] urgent=14 telemetry=2452 skip=23080[0m
[0;32mI (778496) pocket_pan_main: [AUDIO] model=PAN blocks=291611 avg_us=340 p99_us=350 max_us=1075 cpu_load=12.7 deadline=0 timeout=0 tx_error=0 short=0[0m
[0;32mI (778496) pocket_pan_main: [MIDI] push=2 pop=2 drop=0 hwm=1 last=(n=57 v=75 t=78 hex=90394B)[0m
[0;32mI (778506) pocket_pan_main: [BLE] state=8 interval_ms=11.25 latency=0 rssi=-69 reconnects=0 last_disconnect=0[0m
[0;32mI (778516) pocket_pan_main: [MEM] internal_free=143639 largest_internal=40960[0m
[0;32mI (778526) pocket_pan_main: [UIREDRAW] urgent=14 telemetry=2468 skip=23230[0m
[0;32mI (783516) pocket_pan_main: [AUDIO] model=PAN blocks=293492 avg_us=341 p99_us=375 max_us=1075 cpu_load=12.8 deadline=0 timeout=0 tx_error=0 short=0[0m
[0;32mI (783516) pocket_pan_main: [MIDI] push=2 pop=2 drop=0 hwm=1 last=(n=57 v=75 t=78 hex=90394B)[0m
[0;32mI (783526) pocket_pan_main: [BLE] state=8 interval_ms=11.25 latency=0 rssi=-68 reconnects=0 last_disconnect=0[0m
[0;32mI (783536) pocket_pan_main: [MEM] internal_free=143639 largest_internal=40960[0m
[0;32mI (783546) pocket_pan_main: [UIREDRAW] urgent=14 telemetry=2485 skip=23379[0m
[0;32mI (788526) pocket_pan_main: [AUDIO] model=PAN blocks=295373 avg_us=340 p99_us=375 max_us=1075 cpu_load=12.7 deadline=0 timeout=0 tx_error=0 short=0[0m
[0;32mI (788526) pocket_pan_main: [MIDI] push=2 pop=2 drop=0 hwm=1 last=(n=57 v=75 t=78 hex=90394B)[0m
[0;32mI (788536) pocket_pan_main: [BLE] state=8 interval_ms=11.25 latency=0 rssi=-67 reconnects=0 last_disconnect=0[0m
[0;32mI (788546) pocket_pan_main: [MEM] internal_free=143639 largest_internal=40960[0m
[0;32mI (788556) pocket_pan_main: [UIREDRAW] urgent=14 telemetry=2498 skip=23532[0m
[0;32mI (793546) pocket_pan_main: [AUDIO] model=PAN blocks=297255 avg_us=341 p99_us=350 max_us=1075 cpu_load=12.8 deadline=0 timeout=0 tx_error=0 short=0[0m
[0;32mI (793546) pocket_pan_main: [MIDI] push=2 pop=2 drop=0 hwm=1 last=(n=57 v=75 t=78 hex=90394B)[0m
[0;32mI (793556) pocket_pan_main: [BLE] state=8 interval_ms=11.25 latency=0 rssi=-69 reconnects=0 last_disconnect=0[0m
[0;32mI (793566) pocket_pan_main: [MEM] internal_free=143639 largest_internal=40960[0m
[0;32mI (793576) pocket_pan_main: [UIREDRAW] urgent=14 telemetry=2515 skip=23681[0m
[0;32mI (798566) pocket_pan_main: [AUDIO] model=PAN blocks=299137 avg_us=340 p99_us=350 max_us=1075 cpu_load=12.7 deadline=0 timeout=0 tx_error=0 short=0[0m
[0;32mI (798566) pocket_pan_main: [MIDI] push=2 pop=2 drop=0 hwm=1 last=(n=57 v=75 t=78 hex=90394B)[0m
[0;32mI (798576) pocket_pan_main: [BLE] state=8 interval_ms=11.25 latency=0 rssi=-68 reconnects=0 last_disconnect=0[0m
[0;32mI (798586) pocket_pan_main: [MEM] internal_free=143639 largest_internal=40960[0m
[0;32mI (798596) pocket_pan_main: [UIREDRAW] urgent=14 telemetry=2527 skip=23835[0m
[0;32mI (803586) pocket_pan_main: [AUDIO] model=PAN blocks=301019 avg_us=341 p99_us=350 max_us=1075 cpu_load=12.8 deadline=0 timeout=0 tx_error=0 short=0[0m
[0;32mI (803586) pocket_pan_main: [MIDI] push=2 pop=2 drop=0 hwm=1 last=(n=57 v=75 t=78 hex=90394B)[0m
[0;32mI (803596) pocket_pan_main: [BLE] state=8 interval_ms=11.25 latency=0 rssi=-68 reconnects=0 last_disconnect=0[0m
[0;32mI (803606) pocket_pan_main: [MEM] internal_free=143639 largest_internal=40960[0m
[0;32mI (803616) pocket_pan_main: [UIREDRAW] urgent=14 telemetry=2544 skip=23984[0m
[0;32mI (808596) pocket_pan_main: [AUDIO] model=PAN blocks=302899 avg_us=339 p99_us=375 max_us=1075 cpu_load=12.7 deadline=0 timeout=0 tx_error=0 short=0[0m
[0;32mI (808596) pocket_pan_main: [MIDI] push=2 pop=2 drop=0 hwm=1 last=(n=57 v=75 t=78 hex=90394B)[0m
[0;32mI (808606) pocket_pan_main: [BLE] state=8 interval_ms=11.25 latency=0 rssi=-67 reconnects=0 last_disconnect=0[0m
[0;32mI (808616) pocket_pan_main: [MEM] internal_free=143639 largest_internal=40960[0m
[0;32mI (808626) pocket_pan_main: [UIREDRAW] urgent=14 telemetry=2557 skip=24137[0m
[0;32mI (813616) pocket_pan_main: [AUDIO] model=PAN blocks=304782 avg_us=339 p99_us=375 max_us=1075 cpu_load=12.7 deadline=0 timeout=0 tx_error=0 short=0[0m
[0;32mI (813616) pocket_pan_main: [MIDI] push=2 pop=2 drop=0 hwm=1 last=(n=57 v=75 t=78 hex=90394B)[0m
[0;32mI (813626) pocket_pan_main: [BLE] state=8 interval_ms=11.25 latency=0 rssi=-69 reconnects=0 last_disconnect=0[0m
[0;32mI (813636) pocket_pan_main: [MEM] internal_free=143639 largest_internal=40960[0m
[0;32mI (813646) pocket_pan_main: [UIREDRAW] urgent=14 telemetry=2570 skip=24290[0m
[0;32mI (818636) pocket_pan_main: [AUDIO] model=PAN blocks=306663 avg_us=340 p99_us=350 max_us=1075 cpu_load=12.7 deadline=0 timeout=0 tx_error=0 short=0[0m
[0;32mI (818636) pocket_pan_main: [MIDI] push=2 pop=2 drop=0 hwm=1 last=(n=57 v=75 t=78 hex=90394B)[0m
[0;32mI (818646) pocket_pan_main: [BLE] state=8 interval_ms=11.25 latency=0 rssi=-68 reconnects=0 last_disconnect=0[0m
[0;32mI (818656) pocket_pan_main: [MEM] internal_free=143639 largest_internal=40960[0m
[0;32mI (818666) pocket_pan_main: [UIREDRAW] urgent=14 telemetry=2585 skip=24441[0m
[0;32mI (823656) pocket_pan_main: [AUDIO] model=PAN blocks=308545 avg_us=340 p99_us=375 max_us=1075 cpu_load=12.7 deadline=0 timeout=0 tx_error=0 short=0[0m
[0;32mI (823656) pocket_pan_main: [MIDI] push=2 pop=2 drop=0 hwm=1 last=(n=57 v=75 t=78 hex=90394B)[0m
[0;32mI (823666) pocket_pan_main: [BLE] state=8 interval_ms=11.25 latency=0 rssi=-58 reconnects=0 last_disconnect=0[0m
[0;32mI (823676) pocket_pan_main: [MEM] internal_free=143639 largest_internal=40960[0m
[0;32mI (823686) pocket_pan_main: [UIREDRAW] urgent=14 telemetry=2600 skip=24592[0m
[0;32mI (828666) pocket_pan_main: [AUDIO] model=PAN blocks=310425 avg_us=340 p99_us=350 max_us=1075 cpu_load=12.7 deadline=0 timeout=0 tx_error=0 short=0[0m
[0;32mI (828666) pocket_pan_main: [MIDI] push=2 pop=2 drop=0 hwm=1 last=(n=57 v=75 t=78 hex=90394B)[0m
[0;32mI (828676) pocket_pan_main: [BLE] state=8 interval_ms=11.25 latency=0 rssi=-67 reconnects=0 last_disconnect=0[0m
[0;32mI (828686) pocket_pan_main: [MEM] internal_free=143639 largest_internal=40960[0m
[0;32mI (828696) pocket_pan_main: [UIREDRAW] urgent=14 telemetry=2614 skip=24744[0m
[0;32mI (833686) pocket_pan_main: [AUDIO] model=PAN blocks=312308 avg_us=340 p99_us=350 max_us=1075 cpu_load=12.7 deadline=0 timeout=0 tx_error=0 short=0[0m
[0;32mI (833686) pocket_pan_main: [MIDI] push=2 pop=2 drop=0 hwm=1 last=(n=57 v=75 t=78 hex=90394B)[0m
[0;32mI (833696) pocket_pan_main: [BLE] state=8 interval_ms=11.25 latency=0 rssi=-67 reconnects=0 last_disconnect=0[0m
[0;32mI (833706) pocket_pan_main: [MEM] internal_free=143639 largest_internal=40960[0m
[0;32mI (833716) pocket_pan_main: [UIREDRAW] urgent=14 telemetry=2632 skip=24892[0m
[0;32mI (838706) pocket_pan_main: [AUDIO] model=PAN blocks=314190 avg_us=339 p99_us=375 max_us=1075 cpu_load=12.7 deadline=0 timeout=0 tx_error=0 short=0[0m
[0;32mI (838706) pocket_pan_main: [MIDI] push=2 pop=2 drop=0 hwm=1 last=(n=57 v=75 t=78 hex=90394B)[0m
[0;32mI (838716) pocket_pan_main: [BLE] state=8 interval_ms=11.25 latency=0 rssi=-67 reconnects=0 last_disconnect=0[0m
[0;32mI (838726) pocket_pan_main: [MEM] internal_free=143639 largest_internal=40960[0m
[0;32mI (838736) pocket_pan_main: [UIREDRAW] urgent=14 telemetry=2645 skip=25045[0m
[0;32mI (843726) pocket_pan_main: [AUDIO] model=PAN blocks=316071 avg_us=340 p99_us=375 max_us=1075 cpu_load=12.7 deadline=0 timeout=0 tx_error=0 short=0[0m
[0;32mI (843726) pocket_pan_main: [MIDI] push=2 pop=2 drop=0 hwm=1 last=(n=57 v=75 t=78 hex=90394B)[0m
[0;32mI (843736) pocket_pan_main: [BLE] state=8 interval_ms=11.25 latency=0 rssi=-68 reconnects=0 last_disconnect=0[0m
[0;32mI (843746) pocket_pan_main: [MEM] internal_free=143639 largest_internal=40960[0m
[0;32mI (843756) pocket_pan_main: [UIREDRAW] urgent=14 telemetry=2664 skip=25192[0m
[0;32mI (848736) pocket_pan_main: [AUDIO] model=PAN blocks=317952 avg_us=340 p99_us=375 max_us=1075 cpu_load=12.7 deadline=0 timeout=0 tx_error=0 short=0[0m
[0;32mI (848736) pocket_pan_main: [MIDI] push=2 pop=2 drop=0 hwm=1 last=(n=57 v=75 t=78 hex=90394B)[0m
[0;32mI (848746) pocket_pan_main: [BLE] state=8 interval_ms=11.25 latency=0 rssi=-68 reconnects=0 last_disconnect=0[0m
[0;32mI (848756) pocket_pan_main: [MEM] internal_free=143639 largest_internal=40960[0m
[0;32mI (848766) pocket_pan_main: [UIREDRAW] urgent=14 telemetry=2679 skip=25343[0m
[0;32mI (853756) pocket_pan_main: [AUDIO] model=PAN blocks=319834 avg_us=340 p99_us=350 max_us=1075 cpu_load=12.7 deadline=0 timeout=0 tx_error=0 short=0[0m
[0;32mI (853756) pocket_pan_main: [MIDI] push=2 pop=2 drop=0 hwm=1 last=(n=57 v=75 t=78 hex=90394B)[0m
[0;32mI (853766) pocket_pan_main: [BLE] state=8 interval_ms=11.25 latency=0 rssi=-68 reconnects=0 last_disconnect=0[0m
[0;32mI (853776) pocket_pan_main: [MEM] internal_free=143639 largest_internal=40960[0m
[0;32mI (853786) pocket_pan_main: [UIREDRAW] urgent=14 telemetry=2697 skip=25491[0m
[0;32mI (858776) pocket_pan_main: [AUDIO] model=PAN blocks=321716 avg_us=340 p99_us=375 max_us=1075 cpu_load=12.7 deadline=0 timeout=0 tx_error=0 short=0[0m
[0;32mI (858776) pocket_pan_main: [MIDI] push=2 pop=2 drop=0 hwm=1 last=(n=57 v=75 t=78 hex=90394B)[0m
[0;32mI (858786) pocket_pan_main: [BLE] state=8 interval_ms=11.25 latency=0 rssi=-68 reconnects=0 last_disconnect=0[0m
[0;32mI (858796) pocket_pan_main: [MEM] internal_free=143639 largest_internal=40960[0m
[0;32mI (858806) pocket_pan_main: [UIREDRAW] urgent=14 telemetry=2715 skip=25639[0m
[0;32mI (863796) pocket_pan_main: [AUDIO] model=PAN blocks=323597 avg_us=341 p99_us=350 max_us=1075 cpu_load=12.8 deadline=0 timeout=0 tx_error=0 short=0[0m
[0;32mI (863796) pocket_pan_main: [MIDI] push=2 pop=2 drop=0 hwm=1 last=(n=57 v=75 t=78 hex=90394B)[0m
[0;32mI (863806) pocket_pan_main: [BLE] state=8 interval_ms=11.25 latency=0 rssi=-67 reconnects=0 last_disconnect=0[0m
[0;32mI (863816) pocket_pan_main: [MEM] internal_free=143639 largest_internal=40960[0m
[0;32mI (863826) pocket_pan_main: [UIREDRAW] urgent=14 telemetry=2730 skip=25790[0m
[0;32mI (868806) pocket_pan_main: [AUDIO] model=PAN blocks=325478 avg_us=340 p99_us=350 max_us=1075 cpu_load=12.7 deadline=0 timeout=0 tx_error=0 short=0[0m
[0;32mI (868806) pocket_pan_main: [MIDI] push=2 pop=2 drop=0 hwm=1 last=(n=57 v=75 t=78 hex=90394B)[0m
[0;32mI (868816) pocket_pan_main: [BLE] state=8 interval_ms=11.25 latency=0 rssi=-69 reconnects=0 last_disconnect=0[0m
[0;32mI (868826) pocket_pan_main: [MEM] internal_free=143639 largest_internal=40960[0m
[0;32mI (868836) pocket_pan_main: [UIREDRAW] urgent=14 telemetry=2746 skip=25940[0m
[0;32mI (873826) pocket_pan_main: [AUDIO] model=PAN blocks=327360 avg_us=341 p99_us=375 max_us=1075 cpu_load=12.8 deadline=0 timeout=0 tx_error=0 short=0[0m
[0;32mI (873826) pocket_pan_main: [MIDI] push=2 pop=2 drop=0 hwm=1 last=(n=57 v=75 t=78 hex=90394B)[0m
[0;32mI (873836) pocket_pan_main: [BLE] state=8 interval_ms=11.25 latency=0 rssi=-68 reconnects=0 last_disconnect=0[0m
[0;32mI (873846) pocket_pan_main: [MEM] internal_free=143639 largest_internal=40960[0m
[0;32mI (873856) pocket_pan_main: [UIREDRAW] urgent=14 telemetry=2763 skip=26089[0m
[0;32mI (878846) pocket_pan_main: [AUDIO] model=PAN blocks=329242 avg_us=340 p99_us=375 max_us=1075 cpu_load=12.7 deadline=0 timeout=0 tx_error=0 short=0[0m
[0;32mI (878846) pocket_pan_main: [MIDI] push=2 pop=2 drop=0 hwm=1 last=(n=57 v=75 t=78 hex=90394B)[0m
[0;32mI (878856) pocket_pan_main: [BLE] state=8 interval_ms=11.25 latency=0 rssi=-67 reconnects=0 last_disconnect=0[0m
[0;32mI (878866) pocket_pan_main: [MEM] internal_free=143639 largest_internal=40960[0m
[0;32mI (878876) pocket_pan_main: [UIREDRAW] urgent=14 telemetry=2780 skip=26238[0m
[0;32mI (883866) pocket_pan_main: [AUDIO] model=PAN blocks=331124 avg_us=339 p99_us=375 max_us=1075 cpu_load=12.7 deadline=0 timeout=0 tx_error=0 short=0[0m
[0;32mI (883866) pocket_pan_main: [MIDI] push=2 pop=2 drop=0 hwm=1 last=(n=57 v=75 t=78 hex=90394B)[0m
[0;32mI (883876) pocket_pan_main: [BLE] state=8 interval_ms=11.25 latency=0 rssi=-68 reconnects=0 last_disconnect=0[0m
[0;32mI (883886) pocket_pan_main: [MEM] internal_free=143639 largest_internal=40960[0m
[0;32mI (883896) pocket_pan_main: [UIREDRAW] urgent=14 telemetry=2798 skip=26386[0m
[0;32mI (888876) pocket_pan_main: [AUDIO] model=PAN blocks=333004 avg_us=340 p99_us=375 max_us=1075 cpu_load=12.7 deadline=0 timeout=0 tx_error=0 short=0[0m
[0;32mI (888876) pocket_pan_main: [MIDI] push=2 pop=2 drop=0 hwm=1 last=(n=57 v=75 t=78 hex=90394B)[0m
[0;32mI (888886) pocket_pan_main: [BLE] state=8 interval_ms=11.25 latency=0 rssi=-69 reconnects=0 last_disconnect=0[0m
[0;32mI (888896) pocket_pan_main: [MEM] internal_free=143639 largest_internal=40960[0m
[0;32mI (888906) pocket_pan_main: [UIREDRAW] urgent=14 telemetry=2810 skip=26540[0m
[0;32mI (893896) pocket_pan_main: [AUDIO] model=PAN blocks=334887 avg_us=340 p99_us=350 max_us=1075 cpu_load=12.7 deadline=0 timeout=0 tx_error=0 short=0[0m
[0;32mI (893896) pocket_pan_main: [MIDI] push=2 pop=2 drop=0 hwm=1 last=(n=57 v=75 t=78 hex=90394B)[0m
[0;32mI (893906) pocket_pan_main: [BLE] state=8 interval_ms=11.25 latency=0 rssi=-100 reconnects=0 last_disconnect=0[0m
[0;32mI (893916) pocket_pan_main: [MEM] internal_free=143639 largest_internal=40960[0m
[0;32mI (893926) pocket_pan_main: [UIREDRAW] urgent=14 telemetry=2827 skip=26689[0m
[0;32mI (898916) pocket_pan_main: [AUDIO] model=PAN blocks=336768 avg_us=340 p99_us=375 max_us=1075 cpu_load=12.7 deadline=0 timeout=0 tx_error=0 short=0[0m
[0;32mI (898916) pocket_pan_main: [MIDI] push=2 pop=2 drop=0 hwm=1 last=(n=57 v=75 t=78 hex=90394B)[0m
[0;32mI (898926) pocket_pan_main: [BLE] state=8 interval_ms=11.25 latency=0 rssi=-67 reconnects=0 last_disconnect=0[0m
[0;32mI (898936) pocket_pan_main: [MEM] internal_free=143639 largest_internal=40960[0m
[0;32mI (898946) pocket_pan_main: [UIREDRAW] urgent=14 telemetry=2843 skip=26839[0m
[0;32mI (903936) pocket_pan_main: [AUDIO] model=PAN blocks=338650 avg_us=340 p99_us=350 max_us=1075 cpu_load=12.7 deadline=0 timeout=0 tx_error=0 short=0[0m
[0;32mI (903936) pocket_pan_main: [MIDI] push=2 pop=2 drop=0 hwm=1 last=(n=57 v=75 t=78 hex=90394B)[0m
[0;32mI (903946) pocket_pan_main: [BLE] state=8 interval_ms=11.25 latency=0 rssi=-67 reconnects=0 last_disconnect=0[0m
[0;32mI (903956) pocket_pan_main: [MEM] internal_free=143639 largest_internal=40960[0m
[0;32mI (903966) pocket_pan_main: [UIREDRAW] urgent=14 telemetry=2860 skip=26988[0m
[0;32mI (908946) pocket_pan_main: [AUDIO] model=PAN blocks=340530 avg_us=340 p99_us=350 max_us=1075 cpu_load=12.7 deadline=0 timeout=0 tx_error=0 short=0[0m
[0;32mI (908946) pocket_pan_main: [MIDI] push=2 pop=2 drop=0 hwm=1 last=(n=57 v=75 t=78 hex=90394B)[0m
[0;32mI (908956) pocket_pan_main: [BLE] state=8 interval_ms=11.25 latency=0 rssi=-68 reconnects=0 last_disconnect=0[0m
[0;32mI (908966) pocket_pan_main: [MEM] internal_free=143639 largest_internal=40960[0m
[0;32mI (908976) pocket_pan_main: [UIREDRAW] urgent=14 telemetry=2879 skip=27135[0m
[0;32mI (913966) pocket_pan_main: [AUDIO] model=PAN blocks=342413 avg_us=340 p99_us=350 max_us=1075 cpu_load=12.7 deadline=0 timeout=0 tx_error=0 short=0[0m
[0;32mI (913966) pocket_pan_main: [MIDI] push=2 pop=2 drop=0 hwm=1 last=(n=57 v=75 t=78 hex=90394B)[0m
[0;32mI (913976) pocket_pan_main: [BLE] state=8 interval_ms=11.25 latency=0 rssi=-67 reconnects=0 last_disconnect=0[0m
[0;32mI (913986) pocket_pan_main: [MEM] internal_free=143639 largest_internal=40960[0m
[0;32mI (913996) pocket_pan_main: [UIREDRAW] urgent=14 telemetry=2897 skip=27283[0m
[0;32mI (918986) pocket_pan_main: [AUDIO] model=PAN blocks=344295 avg_us=340 p99_us=350 max_us=1075 cpu_load=12.7 deadline=0 timeout=0 tx_error=0 short=0[0m
[0;32mI (918986) pocket_pan_main: [MIDI] push=2 pop=2 drop=0 hwm=1 last=(n=57 v=75 t=78 hex=90394B)[0m
[0;32mI (918996) pocket_pan_main: [BLE] state=8 interval_ms=11.25 latency=0 rssi=-68 reconnects=0 last_disconnect=0[0m
[0;32mI (919006) pocket_pan_main: [MEM] internal_free=143639 largest_internal=40960[0m
[0;32mI (919016) pocket_pan_main: [UIREDRAW] urgent=14 telemetry=2911 skip=27435[0m
[0;32mI (924006) pocket_pan_main: [AUDIO] model=PAN blocks=346176 avg_us=340 p99_us=350 max_us=1075 cpu_load=12.7 deadline=0 timeout=0 tx_error=0 short=0[0m
[0;32mI (924006) pocket_pan_main: [MIDI] push=2 pop=2 drop=0 hwm=1 last=(n=57 v=75 t=78 hex=90394B)[0m
[0;32mI (924016) pocket_pan_main: [BLE] state=8 interval_ms=11.25 latency=0 rssi=-67 reconnects=0 last_disconnect=0[0m
[0;32mI (924026) pocket_pan_main: [MEM] internal_free=143639 largest_internal=40960[0m
[0;32mI (924036) pocket_pan_main: [UIREDRAW] urgent=14 telemetry=2928 skip=27584[0m
[0;32mI (929016) pocket_pan_main: [AUDIO] model=PAN blocks=348057 avg_us=341 p99_us=350 max_us=1075 cpu_load=12.8 deadline=0 timeout=0 tx_error=0 short=0[0m
[0;32mI (929016) pocket_pan_main: [MIDI] push=2 pop=2 drop=0 hwm=1 last=(n=57 v=75 t=78 hex=90394B)[0m
[0;32mI (929026) pocket_pan_main: [BLE] state=8 interval_ms=11.25 latency=0 rssi=-69 reconnects=0 last_disconnect=0[0m
[0;32mI (929036) pocket_pan_main: [MEM] internal_free=143639 largest_internal=40960[0m
[0;32mI (929046) pocket_pan_main: [UIREDRAW] urgent=14 telemetry=2941 skip=27737[0m
[0;32mI (934036) pocket_pan_main: [AUDIO] model=PAN blocks=349939 avg_us=341 p99_us=350 max_us=1075 cpu_load=12.8 deadline=0 timeout=0 tx_error=0 short=0[0m
[0;32mI (934036) pocket_pan_main: [MIDI] push=2 pop=2 drop=0 hwm=1 last=(n=57 v=75 t=78 hex=90394B)[0m
[0;32mI (934046) pocket_pan_main: [BLE] state=8 interval_ms=11.25 latency=0 rssi=-67 reconnects=0 last_disconnect=0[0m
[0;32mI (934056) pocket_pan_main: [MEM] internal_free=143639 largest_internal=40960[0m
[0;32mI (934066) pocket_pan_main: [UIREDRAW] urgent=14 telemetry=2957 skip=27887[0m
[0;32mI (939056) pocket_pan_main: [AUDIO] model=PAN blocks=351821 avg_us=340 p99_us=375 max_us=1075 cpu_load=12.7 deadline=0 timeout=0 tx_error=0 short=0[0m
[0;32mI (939056) pocket_pan_main: [MIDI] push=2 pop=2 drop=0 hwm=1 last=(n=57 v=75 t=78 hex=90394B)[0m
[0;32mI (939066) pocket_pan_main: [BLE] state=8 interval_ms=11.25 latency=0 rssi=-67 reconnects=0 last_disconnect=0[0m
[0;32mI (939076) pocket_pan_main: [MEM] internal_free=143639 largest_internal=40960[0m
[0;32mI (939086) pocket_pan_main: [UIREDRAW] urgent=14 telemetry=2974 skip=28036[0m
[0;32mI (944076) pocket_pan_main: [AUDIO] model=PAN blocks=353702 avg_us=339 p99_us=375 max_us=1075 cpu_load=12.7 deadline=0 timeout=0 tx_error=0 short=0[0m
[0;32mI (944076) pocket_pan_main: [MIDI] push=2 pop=2 drop=0 hwm=1 last=(n=57 v=75 t=78 hex=90394B)[0m
[0;32mI (944086) pocket_pan_main: [BLE] state=8 interval_ms=11.25 latency=0 rssi=-66 reconnects=0 last_disconnect=0[0m
[0;32mI (944096) pocket_pan_main: [MEM] internal_free=143639 largest_internal=40960[0m
[0;32mI (944106) pocket_pan_main: [UIREDRAW] urgent=14 telemetry=2990 skip=28186[0m
[0;32mI (949086) pocket_pan_main: [AUDIO] model=PAN blocks=355583 avg_us=339 p99_us=350 max_us=1075 cpu_load=12.7 deadline=0 timeout=0 tx_error=0 short=0[0m
[0;32mI (949086) pocket_pan_main: [MIDI] push=2 pop=2 drop=0 hwm=1 last=(n=57 v=75 t=78 hex=90394B)[0m
[0;32mI (949096) pocket_pan_main: [BLE] state=8 interval_ms=11.25 latency=0 rssi=-67 reconnects=0 last_disconnect=0[0m
[0;32mI (949106) pocket_pan_main: [MEM] internal_free=143639 largest_internal=40960[0m
[0;32mI (949116) pocket_pan_main: [UIREDRAW] urgent=14 telemetry=3009 skip=28333[0m
[0;32mI (954106) pocket_pan_main: [AUDIO] model=PAN blocks=357465 avg_us=340 p99_us=375 max_us=1075 cpu_load=12.7 deadline=0 timeout=0 tx_error=0 short=0[0m
[0;32mI (954106) pocket_pan_main: [MIDI] push=2 pop=2 drop=0 hwm=1 last=(n=57 v=75 t=78 hex=90394B)[0m
[0;32mI (954116) pocket_pan_main: [BLE] state=8 interval_ms=11.25 latency=0 rssi=-68 reconnects=0 last_disconnect=0[0m
[0;32mI (954126) pocket_pan_main: [MEM] internal_free=143639 largest_internal=40960[0m
[0;32mI (954136) pocket_pan_main: [UIREDRAW] urgent=14 telemetry=3024 skip=28484[0m
[0;32mI (959126) pocket_pan_main: [AUDIO] model=PAN blocks=359347 avg_us=340 p99_us=350 max_us=1075 cpu_load=12.7 deadline=0 timeout=0 tx_error=0 short=0[0m
[0;32mI (959126) pocket_pan_main: [MIDI] push=2 pop=2 drop=0 hwm=1 last=(n=57 v=75 t=78 hex=90394B)[0m
[0;32mI (959136) pocket_pan_main: [BLE] state=8 interval_ms=11.25 latency=0 rssi=-68 reconnects=0 last_disconnect=0[0m
[0;32mI (959146) pocket_pan_main: [MEM] internal_free=143639 largest_internal=40960[0m
[0;32mI (959156) pocket_pan_main: [UIREDRAW] urgent=14 telemetry=3040 skip=28634[0m
[0;32mI (964146) pocket_pan_main: [AUDIO] model=PAN blocks=361229 avg_us=339 p99_us=350 max_us=1075 cpu_load=12.7 deadline=0 timeout=0 tx_error=0 short=0[0m
[0;32mI (964146) pocket_pan_main: [MIDI] push=2 pop=2 drop=0 hwm=1 last=(n=57 v=75 t=78 hex=90394B)[0m
[0;32mI (964156) pocket_pan_main: [BLE] state=8 interval_ms=11.25 latency=0 rssi=-66 reconnects=0 last_disconnect=0[0m
[0;32mI (964166) pocket_pan_main: [MEM] internal_free=143639 largest_internal=40960[0m
[0;32mI (964176) pocket_pan_main: [UIREDRAW] urgent=14 telemetry=3056 skip=28784[0m
[0;32mI (969156) pocket_pan_main: [AUDIO] model=PAN blocks=363109 avg_us=339 p99_us=350 max_us=1075 cpu_load=12.7 deadline=0 timeout=0 tx_error=0 short=0[0m
[0;32mI (969156) pocket_pan_main: [MIDI] push=2 pop=2 drop=0 hwm=1 last=(n=57 v=75 t=78 hex=90394B)[0m
[0;32mI (969166) pocket_pan_main: [BLE] state=8 interval_ms=11.25 latency=0 rssi=-69 reconnects=0 last_disconnect=0[0m
[0;32mI (969176) pocket_pan_main: [MEM] internal_free=143639 largest_internal=40960[0m
[0;32mI (969186) pocket_pan_main: [UIREDRAW] urgent=14 telemetry=3073 skip=28933[0m
[0;32mI (974176) pocket_pan_main: [AUDIO] model=PAN blocks=364992 avg_us=340 p99_us=350 max_us=1075 cpu_load=12.7 deadline=0 timeout=0 tx_error=0 short=0[0m
[0;32mI (974176) pocket_pan_main: [MIDI] push=2 pop=2 drop=0 hwm=1 last=(n=57 v=75 t=78 hex=90394B)[0m
[0;32mI (974186) pocket_pan_main: [BLE] state=8 interval_ms=11.25 latency=0 rssi=-67 reconnects=0 last_disconnect=0[0m
[0;32mI (974196) pocket_pan_main: [MEM] internal_free=143639 largest_internal=40960[0m
[0;32mI (974206) pocket_pan_main: [UIREDRAW] urgent=14 telemetry=3088 skip=29084[0m
[0;32mI (979196) pocket_pan_main: [AUDIO] model=PAN blocks=366873 avg_us=340 p99_us=350 max_us=1075 cpu_load=12.7 deadline=0 timeout=0 tx_error=0 short=0[0m
[0;32mI (979196) pocket_pan_main: [MIDI] push=2 pop=2 drop=0 hwm=1 last=(n=57 v=75 t=78 hex=90394B)[0m
[0;32mI (979206) pocket_pan_main: [BLE] state=8 interval_ms=11.25 latency=0 rssi=-68 reconnects=0 last_disconnect=0[0m
[0;32mI (979216) pocket_pan_main: [MEM] internal_free=143639 largest_internal=40960[0m
[0;32mI (979226) pocket_pan_main: [UIREDRAW] urgent=14 telemetry=3101 skip=29237[0m
[0;32mI (984216) pocket_pan_main: [AUDIO] model=PAN blocks=368755 avg_us=339 p99_us=350 max_us=1075 cpu_load=12.7 deadline=0 timeout=0 tx_error=0 short=0[0m
[0;32mI (984216) pocket_pan_main: [MIDI] push=2 pop=2 drop=0 hwm=1 last=(n=57 v=75 t=78 hex=90394B)[0m
[0;32mI (984226) pocket_pan_main: [BLE] state=8 interval_ms=11.25 latency=0 rssi=-66 reconnects=0 last_disconnect=0[0m
[0;32mI (984236) pocket_pan_main: [MEM] internal_free=143639 largest_internal=40960[0m
[0;32mI (984246) pocket_pan_main: [UIREDRAW] urgent=14 telemetry=3116 skip=29388[0m
[0;32mI (989226) pocket_pan_main: [AUDIO] model=PAN blocks=370635 avg_us=339 p99_us=350 max_us=1075 cpu_load=12.7 deadline=0 timeout=0 tx_error=0 short=0[0m
[0;32mI (989226) pocket_pan_main: [MIDI] push=2 pop=2 drop=0 hwm=1 last=(n=57 v=75 t=78 hex=90394B)[0m
[0;32mI (989236) pocket_pan_main: [BLE] state=8 interval_ms=11.25 latency=0 rssi=-68 reconnects=0 last_disconnect=0[0m
[0;32mI (989246) pocket_pan_main: [MEM] internal_free=143639 largest_internal=40960[0m
[0;32mI (989256) pocket_pan_main: [UIREDRAW] urgent=14 telemetry=3129 skip=29541[0m
[0;32mI (994246) pocket_pan_main: [AUDIO] model=PAN blocks=372518 avg_us=340 p99_us=375 max_us=1075 cpu_load=12.7 deadline=0 timeout=0 tx_error=0 short=0[0m
[0;32mI (994246) pocket_pan_main: [MIDI] push=2 pop=2 drop=0 hwm=1 last=(n=57 v=75 t=78 hex=90394B)[0m
[0;32mI (994256) pocket_pan_main: [BLE] state=8 interval_ms=11.25 latency=0 rssi=-67 reconnects=0 last_disconnect=0[0m
[0;32mI (994266) pocket_pan_main: [MEM] internal_free=143639 largest_internal=40960[0m
[0;32mI (994276) pocket_pan_main: [UIREDRAW] urgent=14 telemetry=3148 skip=29688[0m
[0;32mI (999266) pocket_pan_main: [AUDIO] model=PAN blocks=374400 avg_us=340 p99_us=375 max_us=1075 cpu_load=12.7 deadline=0 timeout=0 tx_error=0 short=0[0m
[0;32mI (999266) pocket_pan_main: [MIDI] push=2 pop=2 drop=0 hwm=1 last=(n=57 v=75 t=78 hex=90394B)[0m
[0;32mI (999276) pocket_pan_main: [BLE] state=8 interval_ms=11.25 latency=0 rssi=-68 reconnects=0 last_disconnect=0[0m
[0;32mI (999286) pocket_pan_main: [MEM] internal_free=143639 largest_internal=40960[0m
[0;32mI (999296) pocket_pan_main: [UIREDRAW] urgent=14 telemetry=3163 skip=29839[0m
[0;32mI (1004286) pocket_pan_main: [AUDIO] model=PAN blocks=376281 avg_us=340 p99_us=375 max_us=1075 cpu_load=12.7 deadline=0 timeout=0 tx_error=0 short=0[0m
[0;32mI (1004286) pocket_pan_main: [MIDI] push=2 pop=2 drop=0 hwm=1 last=(n=57 v=75 t=78 hex=90394B)[0m
[0;32mI (1004296) pocket_pan_main: [BLE] state=8 interval_ms=11.25 latency=0 rssi=-67 reconnects=0 last_disconnect=0[0m
[0;32mI (1004306) pocket_pan_main: [MEM] internal_free=143639 largest_internal=40960[0m
[0;32mI (1004316) pocket_pan_main: [UIREDRAW] urgent=14 telemetry=3180 skip=29988[0m
[0;32mI (1009296) pocket_pan_main: [AUDIO] model=PAN blocks=378162 avg_us=340 p99_us=375 max_us=1075 cpu_load=12.7 deadline=0 timeout=0 tx_error=0 short=0[0m
[0;32mI (1009296) pocket_pan_main: [MIDI] push=2 pop=2 drop=0 hwm=1 last=(n=57 v=75 t=78 hex=90394B)[0m
[0;32mI (1009306) pocket_pan_main: [BLE] state=8 interval_ms=11.25 latency=0 rssi=-67 reconnects=0 last_disconnect=0[0m
[0;32mI (1009316) pocket_pan_main: [MEM] internal_free=143639 largest_internal=40960[0m
[0;32mI (1009326) pocket_pan_main: [UIREDRAW] urgent=14 telemetry=3196 skip=30138[0m
[0;32mI (1014316) pocket_pan_main: [AUDIO] model=PAN blocks=380044 avg_us=340 p99_us=375 max_us=1075 cpu_load=12.7 deadline=0 timeout=0 tx_error=0 short=0[0m
[0;32mI (1014316) pocket_pan_main: [MIDI] push=2 pop=2 drop=0 hwm=1 last=(n=57 v=75 t=78 hex=90394B)[0m
[0;32mI (1014326) pocket_pan_main: [BLE] state=8 interval_ms=11.25 latency=0 rssi=-67 reconnects=0 last_disconnect=0[0m
[0;32mI (1014336) pocket_pan_main: [MEM] internal_free=143639 largest_internal=40960[0m
[0;32mI (1014346) pocket_pan_main: [UIREDRAW] urgent=14 telemetry=3211 skip=30289[0m
[0;32mI (1019336) pocket_pan_main: [AUDIO] model=PAN blocks=381926 avg_us=341 p99_us=350 max_us=1075 cpu_load=12.8 deadline=0 timeout=0 tx_error=0 short=0[0m
[0;32mI (1019336) pocket_pan_main: [MIDI] push=2 pop=2 drop=0 hwm=1 last=(n=57 v=75 t=78 hex=90394B)[0m
[0;32mI (1019346) pocket_pan_main: [BLE] state=8 interval_ms=11.25 latency=0 rssi=-67 reconnects=0 last_disconnect=0[0m
[0;32mI (1019356) pocket_pan_main: [MEM] internal_free=143639 largest_internal=40960[0m
[0;32mI (1019366) pocket_pan_main: [UIREDRAW] urgent=14 telemetry=3225 skip=30441[0m
[0;32mI (1024356) pocket_pan_main: [AUDIO] model=PAN blocks=383807 avg_us=341 p99_us=350 max_us=1075 cpu_load=12.8 deadline=0 timeout=0 tx_error=0 short=0[0m
[0;32mI (1024356) pocket_pan_main: [MIDI] push=2 pop=2 drop=0 hwm=1 last=(n=57 v=75 t=78 hex=90394B)[0m
[0;32mI (1024366) pocket_pan_main: [BLE] state=8 interval_ms=11.25 latency=0 rssi=-67 reconnects=0 last_disconnect=0[0m
[0;32mI (1024376) pocket_pan_main: [MEM] internal_free=143639 largest_internal=40960[0m
[0;32mI (1024386) pocket_pan_main: [UIREDRAW] urgent=14 telemetry=3240 skip=30592[0m
[0;32mI (1029366) pocket_pan_main: [AUDIO] model=PAN blocks=385688 avg_us=339 p99_us=350 max_us=1075 cpu_load=12.7 deadline=0 timeout=0 tx_error=0 short=0[0m
[0;32mI (1029366) pocket_pan_main: [MIDI] push=2 pop=2 drop=0 hwm=1 last=(n=57 v=75 t=78 hex=90394B)[0m
[0;32mI (1029376) pocket_pan_main: [BLE] state=8 interval_ms=11.25 latency=0 rssi=-67 reconnects=0 last_disconnect=0[0m
[0;32mI (1029386) pocket_pan_main: [MEM] internal_free=143639 largest_internal=40960[0m
[0;32mI (1029396) pocket_pan_main: [UIREDRAW] urgent=14 telemetry=3256 skip=30742[0m
[0;32mI (1034386) pocket_pan_main: [AUDIO] model=PAN blocks=387571 avg_us=340 p99_us=375 max_us=1075 cpu_load=12.7 deadline=0 timeout=0 tx_error=0 short=0[0m
[0;32mI (1034386) pocket_pan_main: [MIDI] push=2 pop=2 drop=0 hwm=1 last=(n=57 v=75 t=78 hex=90394B)[0m
[0;32mI (1034396) pocket_pan_main: [BLE] state=8 interval_ms=11.25 latency=0 rssi=-67 reconnects=0 last_disconnect=0[0m
[0;32mI (1034406) pocket_pan_main: [MEM] internal_free=143639 largest_internal=40960[0m
[0;32mI (1034416) pocket_pan_main: [UIREDRAW] urgent=14 telemetry=3272 skip=30892[0m
[0;32mI (1039406) pocket_pan_main: [AUDIO] model=PAN blocks=389452 avg_us=339 p99_us=350 max_us=1075 cpu_load=12.7 deadline=0 timeout=0 tx_error=0 short=0[0m
[0;32mI (1039406) pocket_pan_main: [MIDI] push=2 pop=2 drop=0 hwm=1 last=(n=57 v=75 t=78 hex=90394B)[0m
[0;32mI (1039416) pocket_pan_main: [BLE] state=8 interval_ms=11.25 latency=0 rssi=-69 reconnects=0 last_disconnect=0[0m
[0;32mI (1039426) pocket_pan_main: [MEM] internal_free=143639 largest_internal=40960[0m
[0;32mI (1039436) pocket_pan_main: [UIREDRAW] urgent=14 telemetry=3286 skip=31044[0m
[0;32mI (1044426) pocket_pan_main: [AUDIO] model=PAN blocks=391334 avg_us=339 p99_us=350 max_us=1075 cpu_load=12.7 deadline=0 timeout=0 tx_error=0 short=0[0m
[0;32mI (1044426) pocket_pan_main: [MIDI] push=2 pop=2 drop=0 hwm=1 last=(n=57 v=75 t=78 hex=90394B)[0m
[0;32mI (1044436) pocket_pan_main: [BLE] state=8 interval_ms=11.25 latency=0 rssi=-67 reconnects=0 last_disconnect=0[0m
[0;32mI (1044446) pocket_pan_main: [MEM] internal_free=143639 largest_internal=40960[0m
[0;32mI (1044456) pocket_pan_main: [UIREDRAW] urgent=14 telemetry=3304 skip=31192[0m
[0;32mI (1049436) pocket_pan_main: [AUDIO] model=PAN blocks=393213 avg_us=339 p99_us=350 max_us=1075 cpu_load=12.7 deadline=0 timeout=0 tx_error=0 short=0[0m
[0;32mI (1049436) pocket_pan_main: [MIDI] push=2 pop=2 drop=0 hwm=1 last=(n=57 v=75 t=78 hex=90394B)[0m
[0;32mI (1049446) pocket_pan_main: [BLE] state=8 interval_ms=11.25 latency=0 rssi=-67 reconnects=0 last_disconnect=0[0m
[0;32mI (1049456) pocket_pan_main: [MEM] internal_free=143639 largest_internal=40960[0m
[0;32mI (1049466) pocket_pan_main: [UIREDRAW] urgent=14 telemetry=3322 skip=31340[0m
[0;32mI (1054456) pocket_pan_main: [AUDIO] model=PAN blocks=395097 avg_us=339 p99_us=350 max_us=1075 cpu_load=12.7 deadline=0 timeout=0 tx_error=0 short=0[0m
[0;32mI (1054456) pocket_pan_main: [MIDI] push=2 pop=2 drop=0 hwm=1 last=(n=57 v=75 t=78 hex=90394B)[0m
[0;32mI (1054466) pocket_pan_main: [BLE] state=8 interval_ms=11.25 latency=0 rssi=-67 reconnects=0 last_disconnect=0[0m
[0;32mI (1054476) pocket_pan_main: [MEM] internal_free=143639 largest_internal=40960[0m
[0;32mI (1054486) pocket_pan_main: [UIREDRAW] urgent=14 telemetry=3331 skip=31497[0m
[0;32mI (1059476) pocket_pan_main: [AUDIO] model=PAN blocks=396978 avg_us=340 p99_us=375 max_us=1075 cpu_load=12.7 deadline=0 timeout=0 tx_error=0 short=0[0m
[0;32mI (1059476) pocket_pan_main: [MIDI] push=2 pop=2 drop=0 hwm=1 last=(n=57 v=75 t=78 hex=90394B)[0m
[0;32mI (1059486) pocket_pan_main: [BLE] state=8 interval_ms=11.25 latency=0 rssi=-68 reconnects=0 last_disconnect=0[0m
[0;32mI (1059496) pocket_pan_main: [MEM] internal_free=143639 largest_internal=40960[0m
[0;32mI (1059506) pocket_pan_main: [UIREDRAW] urgent=14 telemetry=3349 skip=31645[0m
[0;32mI (1064496) pocket_pan_main: [AUDIO] model=PAN blocks=398860 avg_us=340 p99_us=375 max_us=1075 cpu_load=12.7 deadline=0 timeout=0 tx_error=0 short=0[0m
[0;32mI (1064496) pocket_pan_main: [MIDI] push=2 pop=2 drop=0 hwm=1 last=(n=57 v=75 t=78 hex=90394B)[0m
[0;32mI (1064506) pocket_pan_main: [BLE] state=8 interval_ms=11.25 latency=0 rssi=-69 reconnects=0 last_disconnect=0[0m
[0;32mI (1064516) pocket_pan_main: [MEM] internal_free=143639 largest_internal=40960[0m
[0;32mI (1064526) pocket_pan_main: [UIREDRAW] urgent=14 telemetry=3364 skip=31796[0m
[0;32mI (1069506) pocket_pan_main: [AUDIO] model=PAN blocks=400740 avg_us=340 p99_us=375 max_us=1075 cpu_load=12.7 deadline=0 timeout=0 tx_error=0 short=0[0m
[0;32mI (1069506) pocket_pan_main: [MIDI] push=2 pop=2 drop=0 hwm=1 last=(n=57 v=75 t=78 hex=90394B)[0m
[0;32mI (1069516) pocket_pan_main: [BLE] state=8 interval_ms=11.25 latency=0 rssi=-67 reconnects=0 last_disconnect=0[0m
[0;32mI (1069526) pocket_pan_main: [MEM] internal_free=143639 largest_internal=40960[0m
[0;32mI (1069536) pocket_pan_main: [UIREDRAW] urgent=14 telemetry=3381 skip=31945[0m
[0;32mI (1074526) pocket_pan_main: [AUDIO] model=PAN blocks=402623 avg_us=340 p99_us=350 max_us=1075 cpu_load=12.7 deadline=0 timeout=0 tx_error=0 short=0[0m
[0;32mI (1074526) pocket_pan_main: [MIDI] push=2 pop=2 drop=0 hwm=1 last=(n=57 v=75 t=78 hex=90394B)[0m
[0;32mI (1074536) pocket_pan_main: [BLE] state=8 interval_ms=11.25 latency=0 rssi=-68 reconnects=0 last_disconnect=0[0m
[0;32mI (1074546) pocket_pan_main: [MEM] internal_free=143639 largest_internal=40960[0m
[0;32mI (1074556) pocket_pan_main: [UIREDRAW] urgent=14 telemetry=3399 skip=32093[0m
[0;32mI (1079546) pocket_pan_main: [AUDIO] model=PAN blocks=404505 avg_us=340 p99_us=375 max_us=1075 cpu_load=12.7 deadline=0 timeout=0 tx_error=0 short=0[0m
[0;32mI (1079546) pocket_pan_main: [MIDI] push=2 pop=2 drop=0 hwm=1 last=(n=57 v=75 t=78 hex=90394B)[0m
[0;32mI (1079556) pocket_pan_main: [BLE] state=8 interval_ms=11.25 latency=0 rssi=-69 reconnects=0 last_disconnect=0[0m
[0;32mI (1079566) pocket_pan_main: [MEM] internal_free=143639 largest_internal=40960[0m
[0;32mI (1079576) pocket_pan_main: [UIREDRAW] urgent=14 telemetry=3415 skip=32243[0m
[0;32mI (1084566) pocket_pan_main: [AUDIO] model=PAN blocks=406386 avg_us=341 p99_us=375 max_us=1075 cpu_load=12.8 deadline=0 timeout=0 tx_error=0 short=0[0m
[0;32mI (1084566) pocket_pan_main: [MIDI] push=2 pop=2 drop=0 hwm=1 last=(n=57 v=75 t=78 hex=90394B)[0m
[0;32mI (1084576) pocket_pan_main: [BLE] state=8 interval_ms=11.25 latency=0 rssi=-68 reconnects=0 last_disconnect=0[0m
[0;32mI (1084586) pocket_pan_main: [MEM] internal_free=143639 largest_internal=40960[0m
[0;32mI (1084596) pocket_pan_main: [UIREDRAW] urgent=14 telemetry=3434 skip=32390[0m
[0;32mI (1089576) pocket_pan_main: [AUDIO] model=PAN blocks=408267 avg_us=342 p99_us=350 max_us=1075 cpu_load=12.8 deadline=0 timeout=0 tx_error=0 short=0[0m
[0;32mI (1089576) pocket_pan_main: [MIDI] push=2 pop=2 drop=0 hwm=1 last=(n=57 v=75 t=78 hex=90394B)[0m
[0;32mI (1089586) pocket_pan_main: [BLE] state=8 interval_ms=11.25 latency=0 rssi=-67 reconnects=0 last_disconnect=0[0m
[0;32mI (1089596) pocket_pan_main: [MEM] internal_free=143639 largest_internal=40960[0m
[0;32mI (1089606) pocket_pan_main: [UIREDRAW] urgent=14 telemetry=3452 skip=32538[0m
[0;32mI (1094596) pocket_pan_main: [AUDIO] model=PAN blocks=410149 avg_us=342 p99_us=350 max_us=1075 cpu_load=12.8 deadline=0 timeout=0 tx_error=0 short=0[0m
[0;32mI (1094596) pocket_pan_main: [MIDI] push=2 pop=2 drop=0 hwm=1 last=(n=57 v=75 t=78 hex=90394B)[0m
[0;32mI (1094606) pocket_pan_main: [BLE] state=8 interval_ms=11.25 latency=0 rssi=-67 reconnects=0 last_disconnect=0[0m
[0;32mI (1094616) pocket_pan_main: [MEM] internal_free=143639 largest_internal=40960[0m
[0;32mI (1094626) pocket_pan_main: [UIREDRAW] urgent=14 telemetry=3465 skip=32691[0m
[0;32mI (1099616) pocket_pan_main: [AUDIO] model=PAN blocks=412031 avg_us=341 p99_us=375 max_us=1075 cpu_load=12.8 deadline=0 timeout=0 tx_error=0 short=0[0m
[0;32mI (1099616) pocket_pan_main: [MIDI] push=2 pop=2 drop=0 hwm=1 last=(n=57 v=75 t=78 hex=90394B)[0m
[0;32mI (1099626) pocket_pan_main: [BLE] state=8 interval_ms=11.25 latency=0 rssi=-68 reconnects=0 last_disconnect=0[0m
[0;32mI (1099636) pocket_pan_main: [MEM] internal_free=143639 largest_internal=40960[0m
[0;32mI (1099646) pocket_pan_main: [UIREDRAW] urgent=14 telemetry=3481 skip=32841[0m
[0;32mI (1104636) pocket_pan_main: [AUDIO] model=PAN blocks=413912 avg_us=340 p99_us=350 max_us=1075 cpu_load=12.7 deadline=0 timeout=0 tx_error=0 short=0[0m
[0;32mI (1104636) pocket_pan_main: [MIDI] push=2 pop=2 drop=0 hwm=1 last=(n=57 v=75 t=78 hex=90394B)[0m
[0;32mI (1104646) pocket_pan_main: [BLE] state=8 interval_ms=11.25 latency=0 rssi=-68 reconnects=0 last_disconnect=0[0m
[0;32mI (1104656) pocket_pan_main: [MEM] internal_free=143639 largest_internal=40960[0m
[0;32mI (1104666) pocket_pan_main: [UIREDRAW] urgent=14 telemetry=3497 skip=32991[0m
[0;32mI (1109646) pocket_pan_main: [AUDIO] model=PAN blocks=415793 avg_us=340 p99_us=350 max_us=1075 cpu_load=12.7 deadline=0 timeout=0 tx_error=0 short=0[0m
[0;32mI (1109646) pocket_pan_main: [MIDI] push=2 pop=2 drop=0 hwm=1 last=(n=57 v=75 t=78 hex=90394B)[0m
[0;32mI (1109656) pocket_pan_main: [BLE] state=8 interval_ms=11.25 latency=0 rssi=-68 reconnects=0 last_disconnect=0[0m
[0;32mI (1109666) pocket_pan_main: [MEM] internal_free=143639 largest_internal=40960[0m
[0;32mI (1109676) pocket_pan_main: [UIREDRAW] urgent=14 telemetry=3514 skip=33140[0m
[0;32mI (1114666) pocket_pan_main: [AUDIO] model=PAN blocks=417675 avg_us=340 p99_us=350 max_us=1075 cpu_load=12.7 deadline=0 timeout=0 tx_error=0 short=0[0m
[0;32mI (1114666) pocket_pan_main: [MIDI] push=2 pop=2 drop=0 hwm=1 last=(n=57 v=75 t=78 hex=90394B)[0m
[0;32mI (1114676) pocket_pan_main: [BLE] state=8 interval_ms=11.25 latency=0 rssi=-67 reconnects=0 last_disconnect=0[0m
[0;32mI (1114686) pocket_pan_main: [MEM] internal_free=143639 largest_internal=40960[0m
[0;32mI (1114696) pocket_pan_main: [UIREDRAW] urgent=14 telemetry=3529 skip=33291[0m
[0;32mI (1119686) pocket_pan_main: [AUDIO] model=PAN blocks=419557 avg_us=340 p99_us=375 max_us=1075 cpu_load=12.7 deadline=0 timeout=0 tx_error=0 short=0[0m
[0;32mI (1119686) pocket_pan_main: [MIDI] push=2 pop=2 drop=0 hwm=1 last=(n=57 v=75 t=78 hex=90394B)[0m
[0;32mI (1119696) pocket_pan_main: [BLE] state=8 interval_ms=11.25 latency=0 rssi=-69 reconnects=0 last_disconnect=0[0m
[0;32mI (1119706) pocket_pan_main: [MEM] internal_free=143639 largest_internal=40960[0m
[0;32mI (1119716) pocket_pan_main: [UIREDRAW] urgent=14 telemetry=3546 skip=33440[0m
[0;32mI (1124706) pocket_pan_main: [AUDIO] model=PAN blocks=421439 avg_us=339 p99_us=375 max_us=1075 cpu_load=12.7 deadline=0 timeout=0 tx_error=0 short=0[0m
[0;32mI (1124706) pocket_pan_main: [MIDI] push=2 pop=2 drop=0 hwm=1 last=(n=57 v=75 t=78 hex=90394B)[0m
[0;32mI (1124716) pocket_pan_main: [BLE] state=8 interval_ms=11.25 latency=0 rssi=-67 reconnects=0 last_disconnect=0[0m
[0;32mI (1124726) pocket_pan_main: [MEM] internal_free=143639 largest_internal=40960[0m
[0;32mI (1124736) pocket_pan_main: [UIREDRAW] urgent=14 telemetry=3560 skip=33592[0m
[0;32mI (1129716) pocket_pan_main: [AUDIO] model=PAN blocks=423319 avg_us=339 p99_us=350 max_us=1075 cpu_load=12.7 deadline=0 timeout=0 tx_error=0 short=0[0m
[0;32mI (1129716) pocket_pan_main: [MIDI] push=2 pop=2 drop=0 hwm=1 last=(n=57 v=75 t=78 hex=90394B)[0m
[0;32mI (1129726) pocket_pan_main: [BLE] state=8 interval_ms=11.25 latency=0 rssi=-68 reconnects=0 last_disconnect=0[0m
[0;32mI (1129736) pocket_pan_main: [MEM] internal_free=143639 largest_internal=40960[0m
[0;32mI (1129746) pocket_pan_main: [UIREDRAW] urgent=14 telemetry=3577 skip=33741[0m
[0;32mI (1134736) pocket_pan_main: [AUDIO] model=PAN blocks=425202 avg_us=339 p99_us=350 max_us=1075 cpu_load=12.7 deadline=0 timeout=0 tx_error=0 short=0[0m
[0;32mI (1134736) pocket_pan_main: [MIDI] push=2 pop=2 drop=0 hwm=1 last=(n=57 v=75 t=78 hex=90394B)[0m
[0;32mI (1134746) pocket_pan_main: [BLE] state=8 interval_ms=11.25 latency=0 rssi=-67 reconnects=0 last_disconnect=0[0m
[0;32mI (1134756) pocket_pan_main: [MEM] internal_free=143639 largest_internal=40960[0m
[0;32mI (1134766) pocket_pan_main: [UIREDRAW] urgent=14 telemetry=3591 skip=33893[0m
[0;32mI (1139756) pocket_pan_main: [AUDIO] model=PAN blocks=427083 avg_us=340 p99_us=375 max_us=1075 cpu_load=12.7 deadline=0 timeout=0 tx_error=0 short=0[0m
[0;32mI (1139756) pocket_pan_main: [MIDI] push=2 pop=2 drop=0 hwm=1 last=(n=57 v=75 t=78 hex=90394B)[0m
[0;32mI (1139766) pocket_pan_main: [BLE] state=8 interval_ms=11.25 latency=0 rssi=-68 reconnects=0 last_disconnect=0[0m
[0;32mI (1139776) pocket_pan_main: [MEM] internal_free=143639 largest_internal=40960[0m
[0;32mI (1139786) pocket_pan_main: [UIREDRAW] urgent=14 telemetry=3609 skip=34041[0m
[0;32mI (1144776) pocket_pan_main: [AUDIO] model=PAN blocks=428965 avg_us=340 p99_us=350 max_us=1075 cpu_load=12.7 deadline=0 timeout=0 tx_error=0 short=0[0m
[0;32mI (1144776) pocket_pan_main: [MIDI] push=2 pop=2 drop=0 hwm=1 last=(n=57 v=75 t=78 hex=90394B)[0m
[0;32mI (1144786) pocket_pan_main: [BLE] state=8 interval_ms=11.25 latency=0 rssi=-68 reconnects=0 last_disconnect=0[0m
[0;32mI (1144796) pocket_pan_main: [MEM] internal_free=143639 largest_internal=40960[0m
[0;32mI (1144806) pocket_pan_main: [UIREDRAW] urgent=14 telemetry=3627 skip=34189[0m
[0;32mI (1149786) pocket_pan_main: [AUDIO] model=PAN blocks=430845 avg_us=341 p99_us=350 max_us=1075 cpu_load=12.8 deadline=0 timeout=0 tx_error=0 short=0[0m
[0;32mI (1149786) pocket_pan_main: [MIDI] push=2 pop=2 drop=0 hwm=1 last=(n=57 v=75 t=78 hex=90394B)[0m
[0;32mI (1149796) pocket_pan_main: [BLE] state=8 interval_ms=11.25 latency=0 rssi=-68 reconnects=0 last_disconnect=0[0m
[0;32mI (1149806) pocket_pan_main: [MEM] internal_free=143639 largest_internal=40960[0m
[0;32mI (1149816) pocket_pan_main: [UIREDRAW] urgent=14 telemetry=3645 skip=34337[0m
[0;32mI (1154806) pocket_pan_main: [AUDIO] model=PAN blocks=432728 avg_us=341 p99_us=375 max_us=1075 cpu_load=12.8 deadline=0 timeout=0 tx_error=0 short=0[0m
[0;32mI (1154806) pocket_pan_main: [MIDI] push=2 pop=2 drop=0 hwm=1 last=(n=57 v=75 t=78 hex=90394B)[0m
[0;32mI (1154816) pocket_pan_main: [BLE] state=8 interval_ms=11.25 latency=0 rssi=-68 reconnects=0 last_disconnect=0[0m
[0;32mI (1154826) pocket_pan_main: [MEM] internal_free=143639 largest_internal=40960[0m
[0;32mI (1154836) pocket_pan_main: [UIREDRAW] urgent=14 telemetry=3662 skip=34486[0m
[0;32mI (1159826) pocket_pan_main: [AUDIO] model=PAN blocks=434610 avg_us=341 p99_us=375 max_us=1075 cpu_load=12.8 deadline=0 timeout=0 tx_error=0 short=0[0m
[0;32mI (1159826) pocket_pan_main: [MIDI] push=2 pop=2 drop=0 hwm=1 last=(n=57 v=75 t=78 hex=90394B)[0m
[0;32mI (1159836) pocket_pan_main: [BLE] state=8 interval_ms=11.25 latency=0 rssi=-69 reconnects=0 last_disconnect=0[0m
[0;32mI (1159846) pocket_pan_main: [MEM] internal_free=143639 largest_internal=40960[0m
[0;32mI (1159856) pocket_pan_main: [UIREDRAW] urgent=14 telemetry=3679 skip=34635[0m
[0;32mI (1164846) pocket_pan_main: [AUDIO] model=PAN blocks=436491 avg_us=339 p99_us=350 max_us=1075 cpu_load=12.7 deadline=0 timeout=0 tx_error=0 short=0[0m
[0;32mI (1164846) pocket_pan_main: [MIDI] push=2 pop=2 drop=0 hwm=1 last=(n=57 v=75 t=78 hex=90394B)[0m
[0;32mI (1164856) pocket_pan_main: [BLE] state=8 interval_ms=11.25 latency=0 rssi=-68 reconnects=0 last_disconnect=0[0m
[0;32mI (1164866) pocket_pan_main: [MEM] internal_free=143639 largest_internal=40960[0m
[0;32mI (1164876) pocket_pan_main: [UIREDRAW] urgent=14 telemetry=3695 skip=34785[0m
[0;32mI (1169856) pocket_pan_main: [AUDIO] model=PAN blocks=438372 avg_us=339 p99_us=350 max_us=1075 cpu_load=12.7 deadline=0 timeout=0 tx_error=0 short=0[0m
[0;32mI (1169856) pocket_pan_main: [MIDI] push=2 pop=2 drop=0 hwm=1 last=(n=57 v=75 t=78 hex=90394B)[0m
[0;32mI (1169866) pocket_pan_main: [BLE] state=8 interval_ms=11.25 latency=0 rssi=-67 reconnects=0 last_disconnect=0[0m
[0;32mI (1169876) pocket_pan_main: [MEM] internal_free=143639 largest_internal=40960[0m
[0;32mI (1169886) pocket_pan_main: [UIREDRAW] urgent=14 telemetry=3712 skip=34934[0m
[0;32mI (1174876) pocket_pan_main: [AUDIO] model=PAN blocks=440254 avg_us=339 p99_us=350 max_us=1075 cpu_load=12.7 deadline=0 timeout=0 tx_error=0 short=0[0m
[0;32mI (1174876) pocket_pan_main: [MIDI] push=2 pop=2 drop=0 hwm=1 last=(n=57 v=75 t=78 hex=90394B)[0m
[0;32mI (1174886) pocket_pan_main: [BLE] state=8 interval_ms=11.25 latency=0 rssi=-68 reconnects=0 last_disconnect=0[0m
[0;32mI (1174896) pocket_pan_main: [MEM] internal_free=143639 largest_internal=40960[0m
[0;32mI (1174906) pocket_pan_main: [UIREDRAW] urgent=14 telemetry=3729 skip=35083[0m
[0;32mI (1179896) pocket_pan_main: [AUDIO] model=PAN blocks=442136 avg_us=340 p99_us=375 max_us=1075 cpu_load=12.7 deadline=0 timeout=0 tx_error=0 short=0[0m
[0;32mI (1179896) pocket_pan_main: [MIDI] push=2 pop=2 drop=0 hwm=1 last=(n=57 v=75 t=78 hex=90394B)[0m
[0;32mI (1179906) pocket_pan_main: [BLE] state=8 interval_ms=11.25 latency=0 rssi=-68 reconnects=0 last_disconnect=0[0m
[0;32mI (1179916) pocket_pan_main: [MEM] internal_free=143639 largest_internal=40960[0m
[0;32mI (1179926) pocket_pan_main: [UIREDRAW] urgent=14 telemetry=3743 skip=35235[0m
[0;32mI (1184916) pocket_pan_main: [AUDIO] model=PAN blocks=444017 avg_us=340 p99_us=375 max_us=1075 cpu_load=12.7 deadline=0 timeout=0 tx_error=0 short=0[0m
[0;32mI (1184916) pocket_pan_main: [MIDI] push=2 pop=2 drop=0 hwm=1 last=(n=57 v=75 t=78 hex=90394B)[0m
[0;32mI (1184926) pocket_pan_main: [BLE] state=8 interval_ms=11.25 latency=0 rssi=-67 reconnects=0 last_disconnect=0[0m
[0;32mI (1184936) pocket_pan_main: [MEM] internal_free=143639 largest_internal=40960[0m
[0;32mI (1184946) pocket_pan_main: [UIREDRAW] urgent=14 telemetry=3755 skip=35389[0m
[0;32mI (1189926) pocket_pan_main: [AUDIO] model=PAN blocks=445898 avg_us=340 p99_us=350 max_us=1075 cpu_load=12.7 deadline=0 timeout=0 tx_error=0 short=0[0m
[0;32mI (1189926) pocket_pan_main: [MIDI] push=2 pop=2 drop=0 hwm=1 last=(n=57 v=75 t=78 hex=90394B)[0m
[0;32mI (1189936) pocket_pan_main: [BLE] state=8 interval_ms=11.25 latency=0 rssi=-69 reconnects=0 last_disconnect=0[0m
[0;32mI (1189946) pocket_pan_main: [MEM] internal_free=143639 largest_internal=40960[0m
[0;32mI (1189956) pocket_pan_main: [UIREDRAW] urgent=14 telemetry=3769 skip=35541[0m
[0;32mI (1194946) pocket_pan_main: [AUDIO] model=PAN blocks=447780 avg_us=340 p99_us=350 max_us=1075 cpu_load=12.7 deadline=0 timeout=0 tx_error=0 short=0[0m
[0;32mI (1194946) pocket_pan_main: [MIDI] push=2 pop=2 drop=0 hwm=1 last=(n=57 v=75 t=78 hex=90394B)[0m
[0;32mI (1194956) pocket_pan_main: [BLE] state=8 interval_ms=11.25 latency=0 rssi=-67 reconnects=0 last_disconnect=0[0m
[0;32mI (1194966) pocket_pan_main: [MEM] internal_free=143639 largest_internal=40960[0m
[0;32mI (1194976) pocket_pan_main: [UIREDRAW] urgent=14 telemetry=3784 skip=35692[0m
[0;32mI (1199966) pocket_pan_main: [AUDIO] model=PAN blocks=449662 avg_us=340 p99_us=350 max_us=1075 cpu_load=12.7 deadline=0 timeout=0 tx_error=0 short=0[0m
[0;32mI (1199966) pocket_pan_main: [MIDI] push=2 pop=2 drop=0 hwm=1 last=(n=57 v=75 t=78 hex=90394B)[0m
[0;32mI (1199976) pocket_pan_main: [BLE] state=8 interval_ms=11.25 latency=0 rssi=-67 reconnects=0 last_disconnect=0[0m
[0;32mI (1199986) pocket_pan_main: [MEM] internal_free=143639 largest_internal=40960[0m
[0;32mI (1199996) pocket_pan_main: [UIREDRAW] urgent=14 telemetry=3800 skip=35842[0m
[0;32mI (1204986) pocket_pan_main: [AUDIO] model=PAN blocks=451544 avg_us=340 p99_us=350 max_us=1075 cpu_load=12.7 deadline=0 timeout=0 tx_error=0 short=0[0m
[0;32mI (1204986) pocket_pan_main: [MIDI] push=2 pop=2 drop=0 hwm=1 last=(n=57 v=75 t=78 hex=90394B)[0m
[0;32mI (1204996) pocket_pan_main: [BLE] state=8 interval_ms=11.25 latency=0 rssi=-69 reconnects=0 last_disconnect=0[0m
[0;32mI (1205006) pocket_pan_main: [MEM] internal_free=143639 largest_internal=40960[0m
[0;32mI (1205016) pocket_pan_main: [UIREDRAW] urgent=14 telemetry=3817 skip=35991[0m
[0;32mI (1209996) pocket_pan_main: [AUDIO] model=PAN blocks=453424 avg_us=340 p99_us=350 max_us=1075 cpu_load=12.7 deadline=0 timeout=0 tx_error=0 short=0[0m
[0;32mI (1209996) pocket_pan_main: [MIDI] push=2 pop=2 drop=0 hwm=1 last=(n=57 v=75 t=78 hex=90394B)[0m
[0;32mI (1210006) pocket_pan_main: [BLE] state=8 interval_ms=11.25 latency=0 rssi=-68 reconnects=0 last_disconnect=0[0m
[0;32mI (1210016) pocket_pan_main: [MEM] internal_free=143639 largest_internal=40960[0m
[0;32mI (1210026) pocket_pan_main: [UIREDRAW] urgent=14 telemetry=3831 skip=36143[0m
[0;32mI (1215016) pocket_pan_main: [AUDIO] model=PAN blocks=455307 avg_us=340 p99_us=350 max_us=1075 cpu_load=12.7 deadline=0 timeout=0 tx_error=0 short=0[0m
[0;32mI (1215016) pocket_pan_main: [MIDI] push=2 pop=2 drop=0 hwm=1 last=(n=57 v=75 t=78 hex=90394B)[0m
[0;32mI (1215026) pocket_pan_main: [BLE] state=8 interval_ms=11.25 latency=0 rssi=-68 reconnects=0 last_disconnect=0[0m
[0;32mI (1215036) pocket_pan_main: [MEM] internal_free=143639 largest_internal=40960[0m
[0;32mI (1215046) pocket_pan_main: [UIREDRAW] urgent=14 telemetry=3848 skip=36292[0m
[0;32mI (1220036) pocket_pan_main: [AUDIO] model=PAN blocks=457188 avg_us=341 p99_us=350 max_us=1075 cpu_load=12.8 deadline=0 timeout=0 tx_error=0 short=0[0m
[0;32mI (1220036) pocket_pan_main: [MIDI] push=2 pop=2 drop=0 hwm=1 last=(n=57 v=75 t=78 hex=90394B)[0m
[0;32mI (1220046) pocket_pan_main: [BLE] state=8 interval_ms=11.25 latency=0 rssi=-67 reconnects=0 last_disconnect=0[0m
[0;32mI (1220056) pocket_pan_main: [MEM] internal_free=143639 largest_internal=40960[0m
[0;32mI (1220066) pocket_pan_main: [UIREDRAW] urgent=14 telemetry=3863 skip=36443[0m
[0;32mI (1225056) pocket_pan_main: [AUDIO] model=PAN blocks=459070 avg_us=341 p99_us=350 max_us=1075 cpu_load=12.8 deadline=0 timeout=0 tx_error=0 short=0[0m
[0;32mI (1225056) pocket_pan_main: [MIDI] push=2 pop=2 drop=0 hwm=1 last=(n=57 v=75 t=78 hex=90394B)[0m
[0;32mI (1225066) pocket_pan_main: [BLE] state=8 interval_ms=11.25 latency=0 rssi=-68 reconnects=0 last_disconnect=0[0m
[0;32mI (1225076) pocket_pan_main: [MEM] internal_free=143639 largest_internal=40960[0m
[0;32mI (1225086) pocket_pan_main: [UIREDRAW] urgent=14 telemetry=3879 skip=36593[0m
[0;32mI (1230066) pocket_pan_main: [AUDIO] model=PAN blocks=460950 avg_us=341 p99_us=375 max_us=1075 cpu_load=12.8 deadline=0 timeout=0 tx_error=0 short=0[0m
[0;32mI (1230066) pocket_pan_main: [MIDI] push=2 pop=2 drop=0 hwm=1 last=(n=57 v=75 t=78 hex=90394B)[0m
[0;32mI (1230076) pocket_pan_main: [BLE] state=8 interval_ms=11.25 latency=0 rssi=-69 reconnects=0 last_disconnect=0[0m
[0;32mI (1230086) pocket_pan_main: [MEM] internal_free=143639 largest_internal=40960[0m
[0;32mI (1230096) pocket_pan_main: [UIREDRAW] urgent=14 telemetry=3896 skip=36742[0m
[0;32mI (1235086) pocket_pan_main: [AUDIO] model=PAN blocks=462833 avg_us=341 p99_us=375 max_us=1075 cpu_load=12.8 deadline=0 timeout=0 tx_error=0 short=0[0m
[0;32mI (1235086) pocket_pan_main: [MIDI] push=2 pop=2 drop=0 hwm=1 last=(n=57 v=75 t=78 hex=90394B)[0m
[0;32mI (1235096) pocket_pan_main: [BLE] state=8 interval_ms=11.25 latency=0 rssi=-68 reconnects=0 last_disconnect=0[0m
[0;32mI (1235106) pocket_pan_main: [MEM] internal_free=143639 largest_internal=40960[0m
[0;32mI (1235116) pocket_pan_main: [UIREDRAW] urgent=14 telemetry=3913 skip=36891[0m
[0;32mI (1240106) pocket_pan_main: [AUDIO] model=PAN blocks=464715 avg_us=340 p99_us=375 max_us=1075 cpu_load=12.7 deadline=0 timeout=0 tx_error=0 short=0[0m
[0;32mI (1240106) pocket_pan_main: [MIDI] push=2 pop=2 drop=0 hwm=1 last=(n=57 v=75 t=78 hex=90394B)[0m
[0;32mI (1240116) pocket_pan_main: [BLE] state=8 interval_ms=11.25 latency=0 rssi=-67 reconnects=0 last_disconnect=0[0m
[0;32mI (1240126) pocket_pan_main: [MEM] internal_free=143639 largest_internal=40960[0m
[0;32mI (1240136) pocket_pan_main: [UIREDRAW] urgent=14 telemetry=3929 skip=37041[0m
[0;32mI (1245126) pocket_pan_main: [AUDIO] model=PAN blocks=466596 avg_us=340 p99_us=350 max_us=1075 cpu_load=12.7 deadline=0 timeout=0 tx_error=0 short=0[0m
[0;32mI (1245126) pocket_pan_main: [MIDI] push=2 pop=2 drop=0 hwm=1 last=(n=57 v=75 t=78 hex=90394B)[0m
[0;32mI (1245136) pocket_pan_main: [BLE] state=8 interval_ms=11.25 latency=0 rssi=-68 reconnects=0 last_disconnect=0[0m
[0;32mI (1245146) pocket_pan_main: [MEM] internal_free=143639 largest_internal=40960[0m
[0;32mI (1245156) pocket_pan_main: [UIREDRAW] urgent=14 telemetry=3940 skip=37196[0m
[0;32mI (1250136) pocket_pan_main: [AUDIO] model=PAN blocks=468477 avg_us=340 p99_us=375 max_us=1075 cpu_load=12.7 deadline=0 timeout=0 tx_error=0 short=0[0m
[0;32mI (1250136) pocket_pan_main: [MIDI] push=2 pop=2 drop=0 hwm=1 last=(n=57 v=75 t=78 hex=90394B)[0m
[0;32mI (1250146) pocket_pan_main: [BLE] state=8 interval_ms=11.25 latency=0 rssi=-68 reconnects=0 last_disconnect=0[0m
[0;32mI (1250156) pocket_pan_main: [MEM] internal_free=143639 largest_internal=40960[0m
[0;32mI (1250166) pocket_pan_main: [UIREDRAW] urgent=14 telemetry=3954 skip=37348[0m
[0;32mI (1255156) pocket_pan_main: [AUDIO] model=PAN blocks=470359 avg_us=340 p99_us=350 max_us=1075 cpu_load=12.7 deadline=0 timeout=0 tx_error=0 short=0[0m
[0;32mI (1255156) pocket_pan_main: [MIDI] push=2 pop=2 drop=0 hwm=1 last=(n=57 v=75 t=78 hex=90394B)[0m
[0;32mI (1255166) pocket_pan_main: [BLE] state=8 interval_ms=11.25 latency=0 rssi=-67 reconnects=0 last_disconnect=0[0m
[0;32mI (1255176) pocket_pan_main: [MEM] internal_free=143639 largest_internal=40960[0m
[0;32mI (1255186) pocket_pan_main: [UIREDRAW] urgent=14 telemetry=3966 skip=37502[0m
[0;32mI (1260176) pocket_pan_main: [AUDIO] model=PAN blocks=472241 avg_us=339 p99_us=350 max_us=1075 cpu_load=12.7 deadline=0 timeout=0 tx_error=0 short=0[0m
[0;32mI (1260176) pocket_pan_main: [MIDI] push=2 pop=2 drop=0 hwm=1 last=(n=57 v=75 t=78 hex=90394B)[0m
[0;32mI (1260186) pocket_pan_main: [BLE] state=8 interval_ms=11.25 latency=0 rssi=-67 reconnects=0 last_disconnect=0[0m
[0;32mI (1260196) pocket_pan_main: [MEM] internal_free=143639 largest_internal=40960[0m
[0;32mI (1260206) pocket_pan_main: [UIREDRAW] urgent=14 telemetry=3982 skip=37652[0m
[0;32mI (1265196) pocket_pan_main: [AUDIO] model=PAN blocks=474122 avg_us=339 p99_us=350 max_us=1075 cpu_load=12.7 deadline=0 timeout=0 tx_error=0 short=0[0m
[0;32mI (1265196) pocket_pan_main: [MIDI] push=2 pop=2 drop=0 hwm=1 last=(n=57 v=75 t=78 hex=90394B)[0m
[0;32mI (1265206) pocket_pan_main: [BLE] state=8 interval_ms=11.25 latency=0 rssi=-67 reconnects=0 last_disconnect=0[0m
[0;32mI (1265216) pocket_pan_main: [MEM] internal_free=143639 largest_internal=40960[0m
[0;32mI (1265226) pocket_pan_main: [UIREDRAW] urgent=14 telemetry=3998 skip=37802[0m
[0;32mI (1270206) pocket_pan_main: [AUDIO] model=PAN blocks=476003 avg_us=340 p99_us=350 max_us=1075 cpu_load=12.7 deadline=0 timeout=0 tx_error=0 short=0[0m
[0;32mI (1270206) pocket_pan_main: [MIDI] push=2 pop=2 drop=0 hwm=1 last=(n=57 v=75 t=78 hex=90394B)[0m
[0;32mI (1270216) pocket_pan_main: [BLE] state=8 interval_ms=11.25 latency=0 rssi=-68 reconnects=0 last_disconnect=0[0m
[0;32mI (1270226) pocket_pan_main: [MEM] internal_free=143639 largest_internal=40960[0m
[0;32mI (1270236) pocket_pan_main: [UIREDRAW] urgent=14 telemetry=4015 skip=37951[0m
[0;32mI (1275226) pocket_pan_main: [AUDIO] model=PAN blocks=477885 avg_us=340 p99_us=350 max_us=1075 cpu_load=12.7 deadline=0 timeout=0 tx_error=0 short=0[0m
[0;32mI (1275226) pocket_pan_main: [MIDI] push=2 pop=2 drop=0 hwm=1 last=(n=57 v=75 t=78 hex=90394B)[0m
[0;32mI (1275236) pocket_pan_main: [BLE] state=8 interval_ms=11.25 latency=0 rssi=-67 reconnects=0 last_disconnect=0[0m
[0;32mI (1275246) pocket_pan_main: [MEM] internal_free=143639 largest_internal=40960[0m
[0;32mI (1275256) pocket_pan_main: [UIREDRAW] urgent=14 telemetry=4033 skip=38099[0m
[0;32mI (1280246) pocket_pan_main: [AUDIO] model=PAN blocks=479767 avg_us=340 p99_us=375 max_us=1075 cpu_load=12.7 deadline=0 timeout=0 tx_error=0 short=0[0m
[0;32mI (1280246) pocket_pan_main: [MIDI] push=2 pop=2 drop=0 hwm=1 last=(n=57 v=75 t=78 hex=90394B)[0m
[0;32mI (1280256) pocket_pan_main: [BLE] state=8 interval_ms=11.25 latency=0 rssi=-67 reconnects=0 last_disconnect=0[0m
[0;32mI (1280266) pocket_pan_main: [MEM] internal_free=143639 largest_internal=40960[0m
[0;32mI (1280276) pocket_pan_main: [UIREDRAW] urgent=14 telemetry=4049 skip=38249[0m
[0;32mI (1285266) pocket_pan_main: [AUDIO] model=PAN blocks=481649 avg_us=340 p99_us=350 max_us=1075 cpu_load=12.7 deadline=0 timeout=0 tx_error=0 short=0[0m
[0;32mI (1285266) pocket_pan_main: [MIDI] push=2 pop=2 drop=0 hwm=1 last=(n=57 v=75 t=78 hex=90394B)[0m
[0;32mI (1285276) pocket_pan_main: [BLE] state=8 interval_ms=11.25 latency=0 rssi=-67 reconnects=0 last_disconnect=0[0m
[0;32mI (1285286) pocket_pan_main: [MEM] internal_free=143639 largest_internal=40960[0m
[0;32mI (1285296) pocket_pan_main: [UIREDRAW] urgent=14 telemetry=4062 skip=38402[0m
[0;32mI (1290276) pocket_pan_main: [AUDIO] model=PAN blocks=483529 avg_us=340 p99_us=375 max_us=1075 cpu_load=12.7 deadline=0 timeout=0 tx_error=0 short=0[0m
[0;32mI (1290276) pocket_pan_main: [MIDI] push=2 pop=2 drop=0 hwm=1 last=(n=57 v=75 t=78 hex=90394B)[0m
[0;32mI (1290286) pocket_pan_main: [BLE] state=8 interval_ms=11.25 latency=0 rssi=-68 reconnects=0 last_disconnect=0[0m
[0;32mI (1290296) pocket_pan_main: [MEM] internal_free=143639 largest_internal=40960[0m
[0;32mI (1290306) pocket_pan_main: [UIREDRAW] urgent=14 telemetry=4078 skip=38552[0m
[0;32mI (1295296) pocket_pan_main: [AUDIO] model=PAN blocks=485412 avg_us=340 p99_us=375 max_us=1075 cpu_load=12.7 deadline=0 timeout=0 tx_error=0 short=0[0m
[0;32mI (1295296) pocket_pan_main: [MIDI] push=2 pop=2 drop=0 hwm=1 last=(n=57 v=75 t=78 hex=90394B)[0m
[0;32mI (1295306) pocket_pan_main: [BLE] state=8 interval_ms=11.25 latency=0 rssi=-67 reconnects=0 last_disconnect=0[0m
[0;32mI (1295316) pocket_pan_main: [MEM] internal_free=143639 largest_internal=40960[0m
[0;32mI (1295326) pocket_pan_main: [UIREDRAW] urgent=14 telemetry=4095 skip=38701[0m
[0;32mI (1300316) pocket_pan_main: [AUDIO] model=PAN blocks=487293 avg_us=340 p99_us=375 max_us=1075 cpu_load=12.7 deadline=0 timeout=0 tx_error=0 short=0[0m
[0;32mI (1300316) pocket_pan_main: [MIDI] push=2 pop=2 drop=0 hwm=1 last=(n=57 v=75 t=78 hex=90394B)[0m
[0;32mI (1300326) pocket_pan_main: [BLE] state=8 interval_ms=11.25 latency=0 rssi=-67 reconnects=0 last_disconnect=0[0m
[0;32mI (1300336) pocket_pan_main: [MEM] internal_free=143639 largest_internal=40960[0m
[0;32mI (1300346) pocket_pan_main: [UIREDRAW] urgent=14 telemetry=4106 skip=38856[0m
[0;32mI (1305336) pocket_pan_main: [AUDIO] model=PAN blocks=489175 avg_us=341 p99_us=350 max_us=1075 cpu_load=12.8 deadline=0 timeout=0 tx_error=0 short=0[0m
[0;32mI (1305336) pocket_pan_main: [MIDI] push=2 pop=2 drop=0 hwm=1 last=(n=57 v=75 t=78 hex=90394B)[0m
[0;32mI (1305346) pocket_pan_main: [BLE] state=8 interval_ms=11.25 latency=0 rssi=-89 reconnects=0 last_disconnect=0[0m
[0;32mI (1305356) pocket_pan_main: [MEM] internal_free=143639 largest_internal=40960[0m
[0;32mI (1305366) pocket_pan_main: [UIREDRAW] urgent=14 telemetry=4125 skip=39003[0m
[0;32mI (1310346) pocket_pan_main: [AUDIO] model=PAN blocks=491055 avg_us=340 p99_us=375 max_us=1075 cpu_load=12.7 deadline=0 timeout=0 tx_error=0 short=0[0m
[0;32mI (1310346) pocket_pan_main: [MIDI] push=2 pop=2 drop=0 hwm=1 last=(n=57 v=75 t=78 hex=90394B)[0m
[0;32mI (1310356) pocket_pan_main: [BLE] state=8 interval_ms=11.25 latency=0 rssi=-67 reconnects=0 last_disconnect=0[0m
[0;32mI (1310366) pocket_pan_main: [MEM] internal_free=143639 largest_internal=40960[0m
[0;32mI (1310376) pocket_pan_main: [UIREDRAW] urgent=14 telemetry=4142 skip=39152[0m
[0;32mI (1315366) pocket_pan_main: [AUDIO] model=PAN blocks=492938 avg_us=340 p99_us=375 max_us=1075 cpu_load=12.7 deadline=0 timeout=0 tx_error=0 short=0[0m
[0;32mI (1315366) pocket_pan_main: [MIDI] push=2 pop=2 drop=0 hwm=1 last=(n=57 v=75 t=78 hex=90394B)[0m
[0;32mI (1315376) pocket_pan_main: [BLE] state=8 interval_ms=11.25 latency=0 rssi=-67 reconnects=0 last_disconnect=0[0m
[0;32mI (1315386) pocket_pan_main: [MEM] internal_free=143639 largest_internal=40960[0m
[0;32mI (1315396) pocket_pan_main: [UIREDRAW] urgent=14 telemetry=4157 skip=39303[0m
[0;32mI (1320386) pocket_pan_main: [AUDIO] model=PAN blocks=494820 avg_us=341 p99_us=350 max_us=1075 cpu_load=12.8 deadline=0 timeout=0 tx_error=0 short=0[0m
[0;32mI (1320386) pocket_pan_main: [MIDI] push=2 pop=2 drop=0 hwm=1 last=(n=57 v=75 t=78 hex=90394B)[0m
[0;32mI (1320396) pocket_pan_main: [BLE] state=8 interval_ms=11.25 latency=0 rssi=-66 reconnects=0 last_disconnect=0[0m
[0;32mI (1320406) pocket_pan_main: [MEM] internal_free=143639 largest_internal=40960[0m
[0;32mI (1320416) pocket_pan_main: [UIREDRAW] urgent=14 telemetry=4171 skip=39455[0m
[0;32mI (1325406) pocket_pan_main: [AUDIO] model=PAN blocks=496701 avg_us=340 p99_us=350 max_us=1075 cpu_load=12.7 deadline=0 timeout=0 tx_error=0 short=0[0m
[0;32mI (1325406) pocket_pan_main: [MIDI] push=2 pop=2 drop=0 hwm=1 last=(n=57 v=75 t=78 hex=90394B)[0m
[0;32mI (1325416) pocket_pan_main: [BLE] state=8 interval_ms=11.25 latency=0 rssi=-67 reconnects=0 last_disconnect=0[0m
[0;32mI (1325426) pocket_pan_main: [MEM] internal_free=143639 largest_internal=40960[0m
[0;32mI (1325436) pocket_pan_main: [UIREDRAW] urgent=14 telemetry=4188 skip=39604[0m
[0;32mI (1330416) pocket_pan_main: [AUDIO] model=PAN blocks=498582 avg_us=340 p99_us=350 max_us=1075 cpu_load=12.7 deadline=0 timeout=0 tx_error=0 short=0[0m
[0;32mI (1330416) pocket_pan_main: [MIDI] push=2 pop=2 drop=0 hwm=1 last=(n=57 v=75 t=78 hex=90394B)[0m
[0;32mI (1330426) pocket_pan_main: [BLE] state=8 interval_ms=11.25 latency=0 rssi=-66 reconnects=0 last_disconnect=0[0m
[0;32mI (1330436) pocket_pan_main: [MEM] internal_free=143639 largest_internal=40960[0m
[0;32mI (1330446) pocket_pan_main: [UIREDRAW] urgent=14 telemetry=4205 skip=39753[0m
[0;32mI (1335436) pocket_pan_main: [AUDIO] model=PAN blocks=500464 avg_us=339 p99_us=375 max_us=1075 cpu_load=12.7 deadline=0 timeout=0 tx_error=0 short=0[0m
[0;32mI (1335436) pocket_pan_main: [MIDI] push=2 pop=2 drop=0 hwm=1 last=(n=57 v=75 t=78 hex=90394B)[0m
[0;32mI (1335446) pocket_pan_main: [BLE] state=8 interval_ms=11.25 latency=0 rssi=-68 reconnects=0 last_disconnect=0[0m
[0;32mI (1335456) pocket_pan_main: [MEM] internal_free=143639 largest_internal=40960[0m
[0;32mI (1335466) pocket_pan_main: [UIREDRAW] urgent=14 telemetry=4222 skip=39902[0m
[0;32mI (1340456) pocket_pan_main: [AUDIO] model=PAN blocks=502346 avg_us=340 p99_us=375 max_us=1075 cpu_load=12.7 deadline=0 timeout=0 tx_error=0 short=0[0m
[0;32mI (1340456) pocket_pan_main: [MIDI] push=2 pop=2 drop=0 hwm=1 last=(n=57 v=75 t=78 hex=90394B)[0m
[0;32mI (1340466) pocket_pan_main: [BLE] state=8 interval_ms=11.25 latency=0 rssi=-68 reconnects=0 last_disconnect=0[0m
[0;32mI (1340476) pocket_pan_main: [MEM] internal_free=143639 largest_internal=40960[0m
[0;32mI (1340486) pocket_pan_main: [UIREDRAW] urgent=14 telemetry=4237 skip=40053[0m
[0;32mI (1345476) pocket_pan_main: [AUDIO] model=PAN blocks=504227 avg_us=340 p99_us=350 max_us=1075 cpu_load=12.7 deadline=0 timeout=0 tx_error=0 short=0[0m
[0;32mI (1345476) pocket_pan_main: [MIDI] push=2 pop=2 drop=0 hwm=1 last=(n=57 v=75 t=78 hex=90394B)[0m
[0;32mI (1345486) pocket_pan_main: [BLE] state=8 interval_ms=11.25 latency=0 rssi=-68 reconnects=0 last_disconnect=0[0m
[0;32mI (1345496) pocket_pan_main: [MEM] internal_free=143639 largest_internal=40960[0m
[0;32mI (1345506) pocket_pan_main: [UIREDRAW] urgent=14 telemetry=4252 skip=40204[0m
[0;32mI (1350486) pocket_pan_main: [AUDIO] model=PAN blocks=506108 avg_us=340 p99_us=375 max_us=1075 cpu_load=12.7 deadline=0 timeout=0 tx_error=0 short=0[0m
[0;32mI (1350486) pocket_pan_main: [MIDI] push=2 pop=2 drop=0 hwm=1 last=(n=57 v=75 t=78 hex=90394B)[0m
[0;32mI (1350496) pocket_pan_main: [BLE] state=8 interval_ms=11.25 latency=0 rssi=-66 reconnects=0 last_disconnect=0[0m
[0;32mI (1350506) pocket_pan_main: [MEM] internal_free=143639 largest_internal=40960[0m
[0;32mI (1350516) pocket_pan_main: [UIREDRAW] urgent=14 telemetry=4268 skip=40354[0m
[0;32mI (1355506) pocket_pan_main: [AUDIO] model=PAN blocks=507990 avg_us=340 p99_us=375 max_us=1075 cpu_load=12.7 deadline=0 timeout=0 tx_error=0 short=0[0m
[0;32mI (1355506) pocket_pan_main: [MIDI] push=2 pop=2 drop=0 hwm=1 last=(n=57 v=75 t=78 hex=90394B)[0m
[0;32mI (1355516) pocket_pan_main: [BLE] state=8 interval_ms=11.25 latency=0 rssi=-67 reconnects=0 last_disconnect=0[0m
[0;32mI (1355526) pocket_pan_main: [MEM] internal_free=143639 largest_internal=40960[0m
[0;32mI (1355536) pocket_pan_main: [UIREDRAW] urgent=14 telemetry=4284 skip=40504[0m
[0;32mI (1360526) pocket_pan_main: [AUDIO] model=PAN blocks=509872 avg_us=340 p99_us=375 max_us=1075 cpu_load=12.7 deadline=0 timeout=0 tx_error=0 short=0[0m
[0;32mI (1360526) pocket_pan_main: [MIDI] push=2 pop=2 drop=0 hwm=1 last=(n=57 v=75 t=78 hex=90394B)[0m
[0;32mI (1360536) pocket_pan_main: [BLE] state=8 interval_ms=11.25 latency=0 rssi=-67 reconnects=0 last_disconnect=0[0m
[0;32mI (1360546) pocket_pan_main: [MEM] internal_free=143639 largest_internal=40960[0m
[0;32mI (1360556) pocket_pan_main: [UIREDRAW] urgent=14 telemetry=4299 skip=40655[0m
[0;32mI (1365546) pocket_pan_main: [AUDIO] model=PAN blocks=511754 avg_us=339 p99_us=375 max_us=1075 cpu_load=12.7 deadline=0 timeout=0 tx_error=0 short=0[0m
[0;32mI (1365546) pocket_pan_main: [MIDI] push=2 pop=2 drop=0 hwm=1 last=(n=57 v=75 t=78 hex=90394B)[0m
[0;32mI (1365556) pocket_pan_main: [BLE] state=8 interval_ms=11.25 latency=0 rssi=-68 reconnects=0 last_disconnect=0[0m
[0;32mI (1365566) pocket_pan_main: [MEM] internal_free=143639 largest_internal=40960[0m
[0;32mI (1365576) pocket_pan_main: [UIREDRAW] urgent=14 telemetry=4314 skip=40806[0m
[0;32mI (1370556) pocket_pan_main: [AUDIO] model=PAN blocks=513634 avg_us=340 p99_us=350 max_us=1075 cpu_load=12.7 deadline=0 timeout=0 tx_error=0 short=0[0m
[0;32mI (1370556) pocket_pan_main: [MIDI] push=2 pop=2 drop=0 hwm=1 last=(n=57 v=75 t=78 hex=90394B)[0m
[0;32mI (1370566) pocket_pan_main: [BLE] state=8 interval_ms=11.25 latency=0 rssi=-67 reconnects=0 last_disconnect=0[0m
[0;32mI (1370576) pocket_pan_main: [MEM] internal_free=143639 largest_internal=40960[0m
[0;32mI (1370586) pocket_pan_main: [UIREDRAW] urgent=14 telemetry=4328 skip=40958[0m
[0;32mI (1375576) pocket_pan_main: [AUDIO] model=PAN blocks=515517 avg_us=340 p99_us=350 max_us=1075 cpu_load=12.7 deadline=0 timeout=0 tx_error=0 short=0[0m
[0;32mI (1375576) pocket_pan_main: [MIDI] push=2 pop=2 drop=0 hwm=1 last=(n=57 v=75 t=78 hex=90394B)[0m
[0;32mI (1375586) pocket_pan_main: [BLE] state=8 interval_ms=11.25 latency=0 rssi=-69 reconnects=0 last_disconnect=0[0m
[0;32mI (1375596) pocket_pan_main: [MEM] internal_free=143639 largest_internal=40960[0m
[0;32mI (1375606) pocket_pan_main: [UIREDRAW] urgent=14 telemetry=4343 skip=41109[0m
[0;32mI (1380596) pocket_pan_main: [AUDIO] model=PAN blocks=517398 avg_us=340 p99_us=350 max_us=1075 cpu_load=12.7 deadline=0 timeout=0 tx_error=0 short=0[0m
[0;32mI (1380596) pocket_pan_main: [MIDI] push=2 pop=2 drop=0 hwm=1 last=(n=57 v=75 t=78 hex=90394B)[0m
[0;32mI (1380606) pocket_pan_main: [BLE] state=8 interval_ms=11.25 latency=0 rssi=-67 reconnects=0 last_disconnect=0[0m
[0;32mI (1380616) pocket_pan_main: [MEM] internal_free=143639 largest_internal=40960[0m
[0;32mI (1380626) pocket_pan_main: [UIREDRAW] urgent=14 telemetry=4360 skip=41258[0m
[0;32mI (1385616) pocket_pan_main: [AUDIO] model=PAN blocks=519280 avg_us=340 p99_us=375 max_us=1075 cpu_load=12.7 deadline=0 timeout=0 tx_error=0 short=0[0m
[0;32mI (1385616) pocket_pan_main: [MIDI] push=2 pop=2 drop=0 hwm=1 last=(n=57 v=75 t=78 hex=90394B)[0m
[0;32mI (1385626) pocket_pan_main: [BLE] state=8 interval_ms=11.25 latency=0 rssi=-68 reconnects=0 last_disconnect=0[0m
[0;32mI (1385636) pocket_pan_main: [MEM] internal_free=143639 largest_internal=40960[0m
[0;32mI (1385646) pocket_pan_main: [UIREDRAW] urgent=14 telemetry=4376 skip=41408[0m
[0;32mI (1390626) pocket_pan_main: [AUDIO] model=PAN blocks=521160 avg_us=340 p99_us=375 max_us=1075 cpu_load=12.7 deadline=0 timeout=0 tx_error=0 short=0[0m
[0;32mI (1390626) pocket_pan_main: [MIDI] push=2 pop=2 drop=0 hwm=1 last=(n=57 v=75 t=78 hex=90394B)[0m
[0;32mI (1390636) pocket_pan_main: [BLE] state=8 interval_ms=11.25 latency=0 rssi=-67 reconnects=0 last_disconnect=0[0m
[0;32mI (1390646) pocket_pan_main: [MEM] internal_free=143639 largest_internal=40960[0m
[0;32mI (1390656) pocket_pan_main: [UIREDRAW] urgent=14 telemetry=4391 skip=41559[0m
[0;32mI (1395646) pocket_pan_main: [AUDIO] model=PAN blocks=523043 avg_us=339 p99_us=350 max_us=1075 cpu_load=12.7 deadline=0 timeout=0 tx_error=0 short=0[0m
[0;32mI (1395646) pocket_pan_main: [MIDI] push=2 pop=2 drop=0 hwm=1 last=(n=57 v=75 t=78 hex=90394B)[0m
[0;32mI (1395656) pocket_pan_main: [BLE] state=8 interval_ms=11.25 latency=0 rssi=-69 reconnects=0 last_disconnect=0[0m
[0;32mI (1395666) pocket_pan_main: [MEM] internal_free=143639 largest_internal=40960[0m
[0;32mI (1395676) pocket_pan_main: [UIREDRAW] urgent=14 telemetry=4407 skip=41709[0m
[0;32mI (1400666) pocket_pan_main: [AUDIO] model=PAN blocks=524925 avg_us=339 p99_us=375 max_us=1075 cpu_load=12.7 deadline=0 timeout=0 tx_error=0 short=0[0m
[0;32mI (1400666) pocket_pan_main: [MIDI] push=2 pop=2 drop=0 hwm=1 last=(n=57 v=75 t=78 hex=90394B)[0m
[0;32mI (1400676) pocket_pan_main: [BLE] state=8 interval_ms=11.25 latency=0 rssi=-66 reconnects=0 last_disconnect=0[0m
[0;32mI (1400686) pocket_pan_main: [MEM] internal_free=143639 largest_internal=40960[0m
[0;32mI (1400696) pocket_pan_main: [UIREDRAW] urgent=14 telemetry=4426 skip=41856[0m
[0;32mI (1405686) pocket_pan_main: [AUDIO] model=PAN blocks=526806 avg_us=340 p99_us=350 max_us=1075 cpu_load=12.7 deadline=0 timeout=0 tx_error=0 short=0[0m
[0;32mI (1405686) pocket_pan_main: [MIDI] push=2 pop=2 drop=0 hwm=1 last=(n=57 v=75 t=78 hex=90394B)[0m
[0;32mI (1405696) pocket_pan_main: [BLE] state=8 interval_ms=11.25 latency=0 rssi=-68 reconnects=0 last_disconnect=0[0m
[0;32mI (1405706) pocket_pan_main: [MEM] internal_free=143639 largest_internal=40960[0m
[0;32mI (1405716) pocket_pan_main: [UIREDRAW] urgent=14 telemetry=4441 skip=42007[0m
[0;32mI (1410696) pocket_pan_main: [AUDIO] model=PAN blocks=528687 avg_us=340 p99_us=350 max_us=1075 cpu_load=12.7 deadline=0 timeout=0 tx_error=0 short=0[0m
[0;32mI (1410696) pocket_pan_main: [MIDI] push=2 pop=2 drop=0 hwm=1 last=(n=57 v=75 t=78 hex=90394B)[0m
[0;32mI (1410706) pocket_pan_main: [BLE] state=8 interval_ms=11.25 latency=0 rssi=-66 reconnects=0 last_disconnect=0[0m
[0;32mI (1410716) pocket_pan_main: [MEM] internal_free=143639 largest_internal=40960[0m
[0;32mI (1410726) pocket_pan_main: [UIREDRAW] urgent=14 telemetry=4457 skip=42157[0m
[0;32mI (1415716) pocket_pan_main: [AUDIO] model=PAN blocks=530569 avg_us=340 p99_us=375 max_us=1075 cpu_load=12.7 deadline=0 timeout=0 tx_error=0 short=0[0m
[0;32mI (1415716) pocket_pan_main: [MIDI] push=2 pop=2 drop=0 hwm=1 last=(n=57 v=75 t=78 hex=90394B)[0m
[0;32mI (1415726) pocket_pan_main: [BLE] state=8 interval_ms=11.25 latency=0 rssi=-68 reconnects=0 last_disconnect=0[0m
[0;32mI (1415736) pocket_pan_main: [MEM] internal_free=143639 largest_internal=40960[0m
[0;32mI (1415746) pocket_pan_main: [UIREDRAW] urgent=14 telemetry=4474 skip=42306[0m
[0;32mI (1420736) pocket_pan_main: [AUDIO] model=PAN blocks=532451 avg_us=340 p99_us=375 max_us=1075 cpu_load=12.7 deadline=0 timeout=0 tx_error=0 short=0[0m
[0;32mI (1420736) pocket_pan_main: [MIDI] push=2 pop=2 drop=0 hwm=1 last=(n=57 v=75 t=78 hex=90394B)[0m
[0;32mI (1420746) pocket_pan_main: [BLE] state=8 interval_ms=11.25 latency=0 rssi=-68 reconnects=0 last_disconnect=0[0m
[0;32mI (1420756) pocket_pan_main: [MEM] internal_free=143639 largest_internal=40960[0m
[0;32mI (1420766) pocket_pan_main: [UIREDRAW] urgent=14 telemetry=4487 skip=42459[0m
[0;32mI (1425756) pocket_pan_main: [AUDIO] model=PAN blocks=534332 avg_us=340 p99_us=375 max_us=1075 cpu_load=12.7 deadline=0 timeout=0 tx_error=0 short=0[0m
[0;32mI (1425756) pocket_pan_main: [MIDI] push=2 pop=2 drop=0 hwm=1 last=(n=57 v=75 t=78 hex=90394B)[0m
[0;32mI (1425766) pocket_pan_main: [BLE] state=8 interval_ms=11.25 latency=0 rssi=-70 reconnects=0 last_disconnect=0[0m
[0;32mI (1425776) pocket_pan_main: [MEM] internal_free=143639 largest_internal=40960[0m
[0;32mI (1425786) pocket_pan_main: [UIREDRAW] urgent=14 telemetry=4503 skip=42609[0m
[0;32mI (1430766) pocket_pan_main: [AUDIO] model=PAN blocks=536213 avg_us=340 p99_us=375 max_us=1075 cpu_load=12.7 deadline=0 timeout=0 tx_error=0 short=0[0m
[0;32mI (1430766) pocket_pan_main: [MIDI] push=2 pop=2 drop=0 hwm=1 last=(n=57 v=75 t=78 hex=90394B)[0m
[0;32mI (1430776) pocket_pan_main: [BLE] state=8 interval_ms=11.25 latency=0 rssi=-66 reconnects=0 last_disconnect=0[0m
[0;32mI (1430786) pocket_pan_main: [MEM] internal_free=143639 largest_internal=40960[0m
[0;32mI (1430796) pocket_pan_main: [UIREDRAW] urgent=14 telemetry=4519 skip=42759[0m
[0;32mI (1435786) pocket_pan_main: [AUDIO] model=PAN blocks=538095 avg_us=340 p99_us=350 max_us=1075 cpu_load=12.7 deadline=0 timeout=0 tx_error=0 short=0[0m
[0;32mI (1435786) pocket_pan_main: [MIDI] push=2 pop=2 drop=0 hwm=1 last=(n=57 v=75 t=78 hex=90394B)[0m
[0;32mI (1435796) pocket_pan_main: [BLE] state=8 interval_ms=11.25 latency=0 rssi=-67 reconnects=0 last_disconnect=0[0m
[0;32mI (1435806) pocket_pan_main: [MEM] internal_free=143639 largest_internal=40960[0m
[0;32mI (1435816) pocket_pan_main: [UIREDRAW] urgent=14 telemetry=4534 skip=42910[0m
[0;32mI (1440806) pocket_pan_main: [AUDIO] model=PAN blocks=539977 avg_us=340 p99_us=350 max_us=1075 cpu_load=12.7 deadline=0 timeout=0 tx_error=0 short=0[0m
[0;32mI (1440806) pocket_pan_main: [MIDI] push=2 pop=2 drop=0 hwm=1 last=(n=57 v=75 t=78 hex=90394B)[0m
[0;32mI (1440816) pocket_pan_main: [BLE] state=8 interval_ms=11.25 latency=0 rssi=-68 reconnects=0 last_disconnect=0[0m
[0;32mI (1440826) pocket_pan_main: [MEM] internal_free=143639 largest_internal=40960[0m
[0;32mI (1440836) pocket_pan_main: [UIREDRAW] urgent=14 telemetry=4549 skip=43061[0m
[0;32mI (1445826) pocket_pan_main: [AUDIO] model=PAN blocks=541859 avg_us=341 p99_us=350 max_us=1075 cpu_load=12.8 deadline=0 timeout=0 tx_error=0 short=0[0m
[0;32mI (1445826) pocket_pan_main: [MIDI] push=2 pop=2 drop=0 hwm=1 last=(n=57 v=75 t=78 hex=90394B)[0m
[0;32mI (1445836) pocket_pan_main: [BLE] state=8 interval_ms=11.25 latency=0 rssi=-69 reconnects=0 last_disconnect=0[0m
[0;32mI (1445846) pocket_pan_main: [MEM] internal_free=143639 largest_internal=40960[0m
[0;32mI (1445856) pocket_pan_main: [UIREDRAW] urgent=14 telemetry=4566 skip=43210[0m
[0;32mI (1450836) pocket_pan_main: [AUDIO] model=PAN blocks=543739 avg_us=340 p99_us=375 max_us=1075 cpu_load=12.7 deadline=0 timeout=0 tx_error=0 short=0[0m
[0;32mI (1450836) pocket_pan_main: [MIDI] push=2 pop=2 drop=0 hwm=1 last=(n=57 v=75 t=78 hex=90394B)[0m
[0;32mI (1450846) pocket_pan_main: [BLE] state=8 interval_ms=11.25 latency=0 rssi=-67 reconnects=0 last_disconnect=0[0m
[0;32mI (1450856) pocket_pan_main: [MEM] internal_free=143639 largest_internal=40960[0m
[0;32mI (1450866) pocket_pan_main: [UIREDRAW] urgent=14 telemetry=4582 skip=43360[0m
[0;32mI (1455856) pocket_pan_main: [AUDIO] model=PAN blocks=545622 avg_us=341 p99_us=375 max_us=1075 cpu_load=12.8 deadline=0 timeout=0 tx_error=0 short=0[0m
[0;32mI (1455856) pocket_pan_main: [MIDI] push=2 pop=2 drop=0 hwm=1 last=(n=57 v=75 t=78 hex=90394B)[0m
[0;32mI (1455866) pocket_pan_main: [BLE] state=8 interval_ms=11.25 latency=0 rssi=-68 reconnects=0 last_disconnect=0[0m
[0;32mI (1455876) pocket_pan_main: [MEM] internal_free=143639 largest_internal=40960[0m
[0;32mI (1455886) pocket_pan_main: [UIREDRAW] urgent=14 telemetry=4600 skip=43508[0m
[0;32mI (1460876) pocket_pan_main: [AUDIO] model=PAN blocks=547503 avg_us=341 p99_us=350 max_us=1075 cpu_load=12.8 deadline=0 timeout=0 tx_error=0 short=0[0m
[0;32mI (1460876) pocket_pan_main: [MIDI] push=2 pop=2 drop=0 hwm=1 last=(n=57 v=75 t=78 hex=90394B)[0m
[0;32mI (1460886) pocket_pan_main: [BLE] state=8 interval_ms=11.25 latency=0 rssi=-68 reconnects=0 last_disconnect=0[0m
[0;32mI (1460896) pocket_pan_main: [MEM] internal_free=143639 largest_internal=40960[0m
[0;32mI (1460906) pocket_pan_main: [UIREDRAW] urgent=14 telemetry=4617 skip=43657[0m
[0;32mI (1465896) pocket_pan_main: [AUDIO] model=PAN blocks=549385 avg_us=339 p99_us=350 max_us=1075 cpu_load=12.7 deadline=0 timeout=0 tx_error=0 short=0[0m
[0;32mI (1465896) pocket_pan_main: [MIDI] push=2 pop=2 drop=0 hwm=1 last=(n=57 v=75 t=78 hex=90394B)[0m
[0;32mI (1465906) pocket_pan_main: [BLE] state=8 interval_ms=11.25 latency=0 rssi=-68 reconnects=0 last_disconnect=0[0m
[0;32mI (1465916) pocket_pan_main: [MEM] internal_free=143639 largest_internal=40960[0m
[0;32mI (1465926) pocket_pan_main: [UIREDRAW] urgent=14 telemetry=4635 skip=43805[0m
[0;32mI (1470906) pocket_pan_main: [AUDIO] model=PAN blocks=551265 avg_us=339 p99_us=375 max_us=1075 cpu_load=12.7 deadline=0 timeout=0 tx_error=0 short=0[0m
[0;32mI (1470906) pocket_pan_main: [MIDI] push=2 pop=2 drop=0 hwm=1 last=(n=57 v=75 t=78 hex=90394B)[0m
[0;32mI (1470916) pocket_pan_main: [BLE] state=8 interval_ms=11.25 latency=0 rssi=-67 reconnects=0 last_disconnect=0[0m
[0;32mI (1470926) pocket_pan_main: [MEM] internal_free=143639 largest_internal=40960[0m
[0;32mI (1470936) pocket_pan_main: [UIREDRAW] urgent=14 telemetry=4652 skip=43954[0m
[0;32mI (1475926) pocket_pan_main: [AUDIO] model=PAN blocks=553148 avg_us=340 p99_us=350 max_us=1075 cpu_load=12.7 deadline=0 timeout=0 tx_error=0 short=0[0m
[0;32mI (1475926) pocket_pan_main: [MIDI] push=2 pop=2 drop=0 hwm=1 last=(n=57 v=75 t=78 hex=90394B)[0m
[0;32mI (1475936) pocket_pan_main: [BLE] state=8 interval_ms=11.25 latency=0 rssi=-67 reconnects=0 last_disconnect=0[0m
[0;32mI (1475946) pocket_pan_main: [MEM] internal_free=143639 largest_internal=40960[0m
[0;32mI (1475956) pocket_pan_main: [UIREDRAW] urgent=14 telemetry=4667 skip=44105[0m
[0;32mI (1480946) pocket_pan_main: [AUDIO] model=PAN blocks=555030 avg_us=339 p99_us=350 max_us=1075 cpu_load=12.7 deadline=0 timeout=0 tx_error=0 short=0[0m
[0;32mI (1480946) pocket_pan_main: [MIDI] push=2 pop=2 drop=0 hwm=1 last=(n=57 v=75 t=78 hex=90394B)[0m
[0;32mI (1480956) pocket_pan_main: [BLE] state=8 interval_ms=11.25 latency=0 rssi=-38 reconnects=0 last_disconnect=0[0m
[0;32mI (1480966) pocket_pan_main: [MEM] internal_free=143639 largest_internal=40960[0m
[0;32mI (1480976) pocket_pan_main: [UIREDRAW] urgent=14 telemetry=4683 skip=44255[0m
[0;32mI (1485966) pocket_pan_main: [AUDIO] model=PAN blocks=556911 avg_us=339 p99_us=350 max_us=1075 cpu_load=12.7 deadline=0 timeout=0 tx_error=0 short=0[0m
[0;32mI (1485966) pocket_pan_main: [MIDI] push=2 pop=2 drop=0 hwm=1 last=(n=57 v=75 t=78 hex=90394B)[0m
[0;32mI (1485976) pocket_pan_main: [BLE] state=8 interval_ms=11.25 latency=0 rssi=-67 reconnects=0 last_disconnect=0[0m
[0;32mI (1485986) pocket_pan_main: [MEM] internal_free=143639 largest_internal=40960[0m
[0;32mI (1485996) pocket_pan_main: [UIREDRAW] urgent=14 telemetry=4702 skip=44402[0m
[0;32mI (1490976) pocket_pan_main: [AUDIO] model=PAN blocks=558792 avg_us=339 p99_us=375 max_us=1075 cpu_load=12.7 deadline=0 timeout=0 tx_error=0 short=0[0m
[0;32mI (1490976) pocket_pan_main: [MIDI] push=2 pop=2 drop=0 hwm=1 last=(n=57 v=75 t=78 hex=90394B)[0m
[0;32mI (1490986) pocket_pan_main: [BLE] state=8 interval_ms=11.25 latency=0 rssi=-67 reconnects=0 last_disconnect=0[0m
[0;32mI (1490996) pocket_pan_main: [MEM] internal_free=143639 largest_internal=40960[0m
[0;32mI (1491006) pocket_pan_main: [UIREDRAW] urgent=14 telemetry=4717 skip=44553[0m
[0;32mI (1495996) pocket_pan_main: [AUDIO] model=PAN blocks=560674 avg_us=340 p99_us=375 max_us=1075 cpu_load=12.7 deadline=0 timeout=0 tx_error=0 short=0[0m
[0;32mI (1495996) pocket_pan_main: [MIDI] push=2 pop=2 drop=0 hwm=1 last=(n=57 v=75 t=78 hex=90394B)[0m
[0;32mI (1496006) pocket_pan_main: [BLE] state=8 interval_ms=11.25 latency=0 rssi=-67 reconnects=0 last_disconnect=0[0m
[0;32mI (1496016) pocket_pan_main: [MEM] internal_free=143639 largest_internal=40960[0m
[0;32mI (1496026) pocket_pan_main: [UIREDRAW] urgent=14 telemetry=4735 skip=44701[0m
[0;32mI (1501016) pocket_pan_main: [AUDIO] model=PAN blocks=562556 avg_us=340 p99_us=375 max_us=1075 cpu_load=12.7 deadline=0 timeout=0 tx_error=0 short=0[0m
[0;32mI (1501016) pocket_pan_main: [MIDI] push=2 pop=2 drop=0 hwm=1 last=(n=57 v=75 t=78 hex=90394B)[0m
[0;32mI (1501026) pocket_pan_main: [BLE] state=8 interval_ms=11.25 latency=0 rssi=-68 reconnects=0 last_disconnect=0[0m
[0;32mI (1501036) pocket_pan_main: [MEM] internal_free=143639 largest_internal=40960[0m
[0;32mI (1501046) pocket_pan_main: [UIREDRAW] urgent=14 telemetry=4753 skip=44849[0m
[0;32mI (1506036) pocket_pan_main: [AUDIO] model=PAN blocks=564437 avg_us=340 p99_us=375 max_us=1075 cpu_load=12.7 deadline=0 timeout=0 tx_error=0 short=0[0m
[0;32mI (1506036) pocket_pan_main: [MIDI] push=2 pop=2 drop=0 hwm=1 last=(n=57 v=75 t=78 hex=90394B)[0m
[0;32mI (1506046) pocket_pan_main: [BLE] state=8 interval_ms=11.25 latency=0 rssi=-67 reconnects=0 last_disconnect=0[0m
[0;32mI (1506056) pocket_pan_main: [MEM] internal_free=143639 largest_internal=40960[0m
[0;32mI (1506066) pocket_pan_main: [UIREDRAW] urgent=14 telemetry=4769 skip=44999[0m
[0;32mI (1511046) pocket_pan_main: [AUDIO] model=PAN blocks=566318 avg_us=340 p99_us=350 max_us=1075 cpu_load=12.7 deadline=0 timeout=0 tx_error=0 short=0[0m
[0;32mI (1511046) pocket_pan_main: [MIDI] push=2 pop=2 drop=0 hwm=1 last=(n=57 v=75 t=78 hex=90394B)[0m
[0;32mI (1511056) pocket_pan_main: [BLE] state=8 interval_ms=11.25 latency=0 rssi=-89 reconnects=0 last_disconnect=0[0m
[0;32mI (1511066) pocket_pan_main: [MEM] internal_free=143639 largest_internal=40960[0m
[0;32mI (1511076) pocket_pan_main: [UIREDRAW] urgent=14 telemetry=4785 skip=45149[0m
[0;32mI (1516066) pocket_pan_main: [AUDIO] model=PAN blocks=568200 avg_us=341 p99_us=350 max_us=1075 cpu_load=12.8 deadline=0 timeout=0 tx_error=0 short=0[0m
[0;32mI (1516066) pocket_pan_main: [MIDI] push=2 pop=2 drop=0 hwm=1 last=(n=57 v=75 t=78 hex=90394B)[0m
[0;32mI (1516076) pocket_pan_main: [BLE] state=8 interval_ms=11.25 latency=0 rssi=-67 reconnects=0 last_disconnect=0[0m
[0;32mI (1516086) pocket_pan_main: [MEM] internal_free=143639 largest_internal=40960[0m
[0;32mI (1516096) pocket_pan_main: [UIREDRAW] urgent=14 telemetry=4801 skip=45299[0m
[0;32mI (1521086) pocket_pan_main: [AUDIO] model=PAN blocks=570082 avg_us=340 p99_us=375 max_us=1075 cpu_load=12.7 deadline=0 timeout=0 tx_error=0 short=0[0m
[0;32mI (1521086) pocket_pan_main: [MIDI] push=2 pop=2 drop=0 hwm=1 last=(n=57 v=75 t=78 hex=90394B)[0m
[0;32mI (1521096) pocket_pan_main: [BLE] state=8 interval_ms=11.25 latency=0 rssi=-68 reconnects=0 last_disconnect=0[0m
[0;32mI (1521106) pocket_pan_main: [MEM] internal_free=143639 largest_internal=40960[0m
[0;32mI (1521116) pocket_pan_main: [UIREDRAW] urgent=14 telemetry=4815 skip=45451[0m
[0;32mI (1526106) pocket_pan_main: [AUDIO] model=PAN blocks=571964 avg_us=341 p99_us=375 max_us=1075 cpu_load=12.8 deadline=0 timeout=0 tx_error=0 short=0[0m
[0;32mI (1526106) pocket_pan_main: [MIDI] push=2 pop=2 drop=0 hwm=1 last=(n=57 v=75 t=78 hex=90394B)[0m
[0;32mI (1526116) pocket_pan_main: [BLE] state=8 interval_ms=11.25 latency=0 rssi=-67 reconnects=0 last_disconnect=0[0m
[0;32mI (1526126) pocket_pan_main: [MEM] internal_free=143639 largest_internal=40960[0m
[0;32mI (1526136) pocket_pan_main: [UIREDRAW] urgent=14 telemetry=4830 skip=45602[0m
[0;32mI (1531116) pocket_pan_main: [AUDIO] model=PAN blocks=573844 avg_us=340 p99_us=375 max_us=1075 cpu_load=12.7 deadline=0 timeout=0 tx_error=0 short=0[0m
[0;32mI (1531116) pocket_pan_main: [MIDI] push=2 pop=2 drop=0 hwm=1 last=(n=57 v=75 t=78 hex=90394B)[0m
[0;32mI (1531126) pocket_pan_main: [BLE] state=8 interval_ms=11.25 latency=0 rssi=-68 reconnects=0 last_disconnect=0[0m
[0;32mI (1531136) pocket_pan_main: [MEM] internal_free=143639 largest_internal=40960[0m
[0;32mI (1531146) pocket_pan_main: [UIREDRAW] urgent=14 telemetry=4846 skip=45752[0m
[0;32mI (1536136) pocket_pan_main: [AUDIO] model=PAN blocks=575727 avg_us=341 p99_us=375 max_us=1075 cpu_load=12.8 deadline=0 timeout=0 tx_error=0 short=0[0m
[0;32mI (1536136) pocket_pan_main: [MIDI] push=2 pop=2 drop=0 hwm=1 last=(n=57 v=75 t=78 hex=90394B)[0m
[0;32mI (1536146) pocket_pan_main: [BLE] state=8 interval_ms=11.25 latency=0 rssi=-69 reconnects=0 last_disconnect=0[0m
[0;32mI (1536156) pocket_pan_main: [MEM] internal_free=143639 largest_internal=40960[0m
[0;32mI (1536166) pocket_pan_main: [UIREDRAW] urgent=14 telemetry=4862 skip=45902[0m
[0;32mI (1541156) pocket_pan_main: [AUDIO] model=PAN blocks=577608 avg_us=341 p99_us=350 max_us=1075 cpu_load=12.8 deadline=0 timeout=0 tx_error=0 short=0[0m
[0;32mI (1541156) pocket_pan_main: [MIDI] push=2 pop=2 drop=0 hwm=1 last=(n=57 v=75 t=78 hex=90394B)[0m
[0;32mI (1541166) pocket_pan_main: [BLE] state=8 interval_ms=11.25 latency=0 rssi=-69 reconnects=0 last_disconnect=0[0m
[0;32mI (1541176) pocket_pan_main: [MEM] internal_free=143639 largest_internal=40960[0m
[0;32mI (1541186) pocket_pan_main: [UIREDRAW] urgent=14 telemetry=4879 skip=46051[0m
[0;32mI (1546176) pocket_pan_main: [AUDIO] model=PAN blocks=579490 avg_us=340 p99_us=350 max_us=1075 cpu_load=12.7 deadline=0 timeout=0 tx_error=0 short=0[0m
[0;32mI (1546176) pocket_pan_main: [MIDI] push=2 pop=2 drop=0 hwm=1 last=(n=57 v=75 t=78 hex=90394B)[0m
[0;32mI (1546186) pocket_pan_main: [BLE] state=8 interval_ms=11.25 latency=0 rssi=-68 reconnects=0 last_disconnect=0[0m
[0;32mI (1546196) pocket_pan_main: [MEM] internal_free=143639 largest_internal=40960[0m
[0;32mI (1546206) pocket_pan_main: [UIREDRAW] urgent=14 telemetry=4896 skip=46200[0m
[0;32mI (1551186) pocket_pan_main: [AUDIO] model=PAN blocks=581370 avg_us=340 p99_us=375 max_us=1075 cpu_load=12.7 deadline=0 timeout=0 tx_error=0 short=0[0m
[0;32mI (1551186) pocket_pan_main: [MIDI] push=2 pop=2 drop=0 hwm=1 last=(n=57 v=75 t=78 hex=90394B)[0m
[0;32mI (1551196) pocket_pan_main: [BLE] state=8 interval_ms=11.25 latency=0 rssi=-68 reconnects=0 last_disconnect=0[0m
[0;32mI (1551206) pocket_pan_main: [MEM] internal_free=143639 largest_internal=40960[0m
[0;32mI (1551216) pocket_pan_main: [UIREDRAW] urgent=14 telemetry=4913 skip=46349[0m
[0;32mI (1556206) pocket_pan_main: [AUDIO] model=PAN blocks=583253 avg_us=340 p99_us=350 max_us=1075 cpu_load=12.7 deadline=0 timeout=0 tx_error=0 short=0[0m
[0;32mI (1556206) pocket_pan_main: [MIDI] push=2 pop=2 drop=0 hwm=1 last=(n=57 v=75 t=78 hex=90394B)[0m
[0;32mI (1556216) pocket_pan_main: [BLE] state=8 interval_ms=11.25 latency=0 rssi=-67 reconnects=0 last_disconnect=0[0m
[0;32mI (1556226) pocket_pan_main: [MEM] internal_free=143639 largest_internal=40960[0m
[0;32mI (1556236) pocket_pan_main: [UIREDRAW] urgent=14 telemetry=4929 skip=46499[0m
[0;32mI (1561226) pocket_pan_main: [AUDIO] model=PAN blocks=585135 avg_us=340 p99_us=375 max_us=1075 cpu_load=12.7 deadline=0 timeout=0 tx_error=0 short=0[0m
[0;32mI (1561226) pocket_pan_main: [MIDI] push=2 pop=2 drop=0 hwm=1 last=(n=57 v=75 t=78 hex=90394B)[0m
[0;32mI (1561236) pocket_pan_main: [BLE] state=8 interval_ms=11.25 latency=0 rssi=-67 reconnects=0 last_disconnect=0[0m
[0;32mI (1561246) pocket_pan_main: [MEM] internal_free=143639 largest_internal=40960[0m
[0;32mI (1561256) pocket_pan_main: [UIREDRAW] urgent=14 telemetry=4947 skip=46647[0m
[0;32mI (1566246) pocket_pan_main: [AUDIO] model=PAN blocks=587016 avg_us=340 p99_us=350 max_us=1075 cpu_load=12.7 deadline=0 timeout=0 tx_error=0 short=0[0m
[0;32mI (1566246) pocket_pan_main: [MIDI] push=2 pop=2 drop=0 hwm=1 last=(n=57 v=75 t=78 hex=90394B)[0m
[0;32mI (1566256) pocket_pan_main: [BLE] state=8 interval_ms=11.25 latency=0 rssi=-67 reconnects=0 last_disconnect=0[0m
[0;32mI (1566266) pocket_pan_main: [MEM] internal_free=143639 largest_internal=40960[0m
[0;32mI (1566276) pocket_pan_main: [UIREDRAW] urgent=14 telemetry=4962 skip=46798[0m
[0;32mI (1571256) pocket_pan_main: [AUDIO] model=PAN blocks=588897 avg_us=340 p99_us=350 max_us=1075 cpu_load=12.7 deadline=0 timeout=0 tx_error=0 short=0[0m
[0;32mI (1571256) pocket_pan_main: [MIDI] push=2 pop=2 drop=0 hwm=1 last=(n=57 v=75 t=78 hex=90394B)[0m
[0;32mI (1571266) pocket_pan_main: [BLE] state=8 interval_ms=11.25 latency=0 rssi=-68 reconnects=0 last_disconnect=0[0m
[0;32mI (1571276) pocket_pan_main: [MEM] internal_free=143639 largest_internal=40960[0m
[0;32mI (1571286) pocket_pan_main: [UIREDRAW] urgent=14 telemetry=4977 skip=46949[0m
[0;32mI (1576276) pocket_pan_main: [AUDIO] model=PAN blocks=590779 avg_us=340 p99_us=350 max_us=1075 cpu_load=12.7 deadline=0 timeout=0 tx_error=0 short=0[0m
[0;32mI (1576276) pocket_pan_main: [MIDI] push=2 pop=2 drop=0 hwm=1 last=(n=57 v=75 t=78 hex=90394B)[0m
[0;32mI (1576286) pocket_pan_main: [BLE] state=8 interval_ms=11.25 latency=0 rssi=-67 reconnects=0 last_disconnect=0[0m
[0;32mI (1576296) pocket_pan_main: [MEM] internal_free=143639 largest_internal=40960[0m
[0;32mI (1576306) pocket_pan_main: [UIREDRAW] urgent=14 telemetry=4993 skip=47099[0m
[0;32mI (1581296) pocket_pan_main: [AUDIO] model=PAN blocks=592661 avg_us=340 p99_us=350 max_us=1075 cpu_load=12.7 deadline=0 timeout=0 tx_error=0 short=0[0m
[0;32mI (1581296) pocket_pan_main: [MIDI] push=2 pop=2 drop=0 hwm=1 last=(n=57 v=75 t=78 hex=90394B)[0m
[0;32mI (1581306) pocket_pan_main: [BLE] state=8 interval_ms=11.25 latency=0 rssi=-67 reconnects=0 last_disconnect=0[0m
[0;32mI (1581316) pocket_pan_main: [MEM] internal_free=143639 largest_internal=40960[0m
[0;32mI (1581326) pocket_pan_main: [UIREDRAW] urgent=14 telemetry=5010 skip=47248[0m
[0;32mI (1586316) pocket_pan_main: [AUDIO] model=PAN blocks=594542 avg_us=339 p99_us=350 max_us=1075 cpu_load=12.7 deadline=0 timeout=0 tx_error=0 short=0[0m
[0;32mI (1586316) pocket_pan_main: [MIDI] push=2 pop=2 drop=0 hwm=1 last=(n=57 v=75 t=78 hex=90394B)[0m
[0;32mI (1586326) pocket_pan_main: [BLE] state=8 interval_ms=11.25 latency=0 rssi=-67 reconnects=0 last_disconnect=0[0m
[0;32mI (1586336) pocket_pan_main: [MEM] internal_free=143639 largest_internal=40960[0m
[0;32mI (1586346) pocket_pan_main: [UIREDRAW] urgent=14 telemetry=5021 skip=47403[0m
[0;32mI (1591326) pocket_pan_main: [AUDIO] model=PAN blocks=596423 avg_us=340 p99_us=350 max_us=1075 cpu_load=12.7 deadline=0 timeout=0 tx_error=0 short=0[0m
[0;32mI (1591326) pocket_pan_main: [MIDI] push=2 pop=2 drop=0 hwm=1 last=(n=57 v=75 t=78 hex=90394B)[0m
[0;32mI (1591336) pocket_pan_main: [BLE] state=8 interval_ms=11.25 latency=0 rssi=-69 reconnects=0 last_disconnect=0[0m
[0;32mI (1591346) pocket_pan_main: [MEM] internal_free=143639 largest_internal=40960[0m
[0;32mI (1591356) pocket_pan_main: [UIREDRAW] urgent=14 telemetry=5037 skip=47553[0m
[0;32mI (1596346) pocket_pan_main: [AUDIO] model=PAN blocks=598305 avg_us=339 p99_us=375 max_us=1075 cpu_load=12.7 deadline=0 timeout=0 tx_error=0 short=0[0m
[0;32mI (1596346) pocket_pan_main: [MIDI] push=2 pop=2 drop=0 hwm=1 last=(n=57 v=75 t=78 hex=90394B)[0m
[0;32mI (1596356) pocket_pan_main: [BLE] state=8 interval_ms=11.25 latency=0 rssi=-67 reconnects=0 last_disconnect=0[0m
[0;32mI (1596366) pocket_pan_main: [MEM] internal_free=143639 largest_internal=40960[0m
[0;32mI (1596376) pocket_pan_main: [UIREDRAW] urgent=14 telemetry=5055 skip=47701[0m
[0;32mI (1601366) pocket_pan_main: [AUDIO] model=PAN blocks=600187 avg_us=340 p99_us=350 max_us=1075 cpu_load=12.7 deadline=0 timeout=0 tx_error=0 short=0[0m
[0;32mI (1601366) pocket_pan_main: [MIDI] push=2 pop=2 drop=0 hwm=1 last=(n=57 v=75 t=78 hex=90394B)[0m
[0;32mI (1601376) pocket_pan_main: [BLE] state=8 interval_ms=11.25 latency=0 rssi=-67 reconnects=0 last_disconnect=0[0m
[0;32mI (1601386) pocket_pan_main: [MEM] internal_free=143639 largest_internal=40960[0m
[0;32mI (1601396) pocket_pan_main: [UIREDRAW] urgent=14 telemetry=5071 skip=47851[0m
[0;32mI (1606386) pocket_pan_main: [AUDIO] model=PAN blocks=602069 avg_us=340 p99_us=350 max_us=1075 cpu_load=12.7 deadline=0 timeout=0 tx_error=0 short=0[0m
[0;32mI (1606386) pocket_pan_main: [MIDI] push=2 pop=2 drop=0 hwm=1 last=(n=57 v=75 t=78 hex=90394B)[0m
[0;32mI (1606396) pocket_pan_main: [BLE] state=8 interval_ms=11.25 latency=0 rssi=-82 reconnects=0 last_disconnect=0[0m
[0;32mI (1606406) pocket_pan_main: [MEM] internal_free=143639 largest_internal=40960[0m
[0;32mI (1606416) pocket_pan_main: [UIREDRAW] urgent=14 telemetry=5084 skip=48004[0m
[0;32mI (1611396) pocket_pan_main: [AUDIO] model=PAN blocks=603949 avg_us=339 p99_us=375 max_us=1075 cpu_load=12.7 deadline=0 timeout=0 tx_error=0 short=0[0m
[0;32mI (1611396) pocket_pan_main: [MIDI] push=2 pop=2 drop=0 hwm=1 last=(n=57 v=75 t=78 hex=90394B)[0m
[0;32mI (1611406) pocket_pan_main: [BLE] state=8 interval_ms=11.25 latency=0 rssi=-68 reconnects=0 last_disconnect=0[0m
[0;32mI (1611416) pocket_pan_main: [MEM] internal_free=143639 largest_internal=40960[0m
[0;32mI (1611426) pocket_pan_main: [UIREDRAW] urgent=14 telemetry=5103 skip=48151[0m
[0;32mI (1616416) pocket_pan_main: [AUDIO] model=PAN blocks=605832 avg_us=339 p99_us=350 max_us=1075 cpu_load=12.7 deadline=0 timeout=0 tx_error=0 short=0[0m
[0;32mI (1616416) pocket_pan_main: [MIDI] push=2 pop=2 drop=0 hwm=1 last=(n=57 v=75 t=78 hex=90394B)[0m
[0;32mI (1616426) pocket_pan_main: [BLE] state=8 interval_ms=11.25 latency=0 rssi=-67 reconnects=0 last_disconnect=0[0m
[0;32mI (1616436) pocket_pan_main: [MEM] internal_free=143639 largest_internal=40960[0m
[0;32mI (1616446) pocket_pan_main: [UIREDRAW] urgent=14 telemetry=5117 skip=48303[0m
[0;32mI (1621436) pocket_pan_main: [AUDIO] model=PAN blocks=607713 avg_us=339 p99_us=350 max_us=1075 cpu_load=12.7 deadline=0 timeout=0 tx_error=0 short=0[0m
[0;32mI (1621436) pocket_pan_main: [MIDI] push=2 pop=2 drop=0 hwm=1 last=(n=57 v=75 t=78 hex=90394B)[0m
[0;32mI (1621446) pocket_pan_main: [BLE] state=8 interval_ms=11.25 latency=0 rssi=-68 reconnects=0 last_disconnect=0[0m
[0;32mI (1621456) pocket_pan_main: [MEM] internal_free=143639 largest_internal=40960[0m
[0;32mI (1621466) pocket_pan_main: [UIREDRAW] urgent=14 telemetry=5133 skip=48453[0m
[0;32mI (1626456) pocket_pan_main: [AUDIO] model=PAN blocks=609595 avg_us=339 p99_us=350 max_us=1075 cpu_load=12.7 deadline=0 timeout=0 tx_error=0 short=0[0m
[0;32mI (1626456) pocket_pan_main: [MIDI] push=2 pop=2 drop=0 hwm=1 last=(n=57 v=75 t=78 hex=90394B)[0m
[0;32mI (1626466) pocket_pan_main: [BLE] state=8 interval_ms=11.25 latency=0 rssi=-67 reconnects=0 last_disconnect=0[0m
[0;32mI (1626476) pocket_pan_main: [MEM] internal_free=143639 largest_internal=40960[0m
[0;32mI (1626486) pocket_pan_main: [UIREDRAW] urgent=14 telemetry=5149 skip=48603[0m
[0;32mI (1631466) pocket_pan_main: [AUDIO] model=PAN blocks=611475 avg_us=340 p99_us=375 max_us=1075 cpu_load=12.7 deadline=0 timeout=0 tx_error=0 short=0[0m
[0;32mI (1631466) pocket_pan_main: [MIDI] push=2 pop=2 drop=0 hwm=1 last=(n=57 v=75 t=78 hex=90394B)[0m
[0;32mI (1631476) pocket_pan_main: [BLE] state=8 interval_ms=11.25 latency=0 rssi=-69 reconnects=0 last_disconnect=0[0m
[0;32mI (1631486) pocket_pan_main: [MEM] internal_free=143639 largest_internal=40960[0m
[0;32mI (1631496) pocket_pan_main: [UIREDRAW] urgent=14 telemetry=5165 skip=48753[0m
[0;32mI (1636486) pocket_pan_main: [AUDIO] model=PAN blocks=613358 avg_us=339 p99_us=375 max_us=1075 cpu_load=12.7 deadline=0 timeout=0 tx_error=0 short=0[0m
[0;32mI (1636486) pocket_pan_main: [MIDI] push=2 pop=2 drop=0 hwm=1 last=(n=57 v=75 t=78 hex=90394B)[0m
[0;32mI (1636496) pocket_pan_main: [BLE] state=8 interval_ms=11.25 latency=0 rssi=-67 reconnects=0 last_disconnect=0[0m
[0;32mI (1636506) pocket_pan_main: [MEM] internal_free=143639 largest_internal=40960[0m
[0;32mI (1636516) pocket_pan_main: [UIREDRAW] urgent=14 telemetry=5179 skip=48905[0m
[0;32mI (1641506) pocket_pan_main: [AUDIO] model=PAN blocks=615240 avg_us=340 p99_us=350 max_us=1075 cpu_load=12.7 deadline=0 timeout=0 tx_error=0 short=0[0m
[0;32mI (1641506) pocket_pan_main: [MIDI] push=2 pop=2 drop=0 hwm=1 last=(n=57 v=75 t=78 hex=90394B)[0m
[0;32mI (1641516) pocket_pan_main: [BLE] state=8 interval_ms=11.25 latency=0 rssi=-68 reconnects=0 last_disconnect=0[0m
[0;32mI (1641526) pocket_pan_main: [MEM] internal_free=143639 largest_internal=40960[0m
[0;32mI (1641536) pocket_pan_main: [UIREDRAW] urgent=14 telemetry=5193 skip=49057[0m
[0;32mI (1646526) pocket_pan_main: [AUDIO] model=PAN blocks=617121 avg_us=340 p99_us=350 max_us=1075 cpu_load=12.7 deadline=0 timeout=0 tx_error=0 short=0[0m
[0;32mI (1646526) pocket_pan_main: [MIDI] push=2 pop=2 drop=0 hwm=1 last=(n=57 v=75 t=78 hex=90394B)[0m
[0;32mI (1646536) pocket_pan_main: [BLE] state=8 interval_ms=11.25 latency=0 rssi=-66 reconnects=0 last_disconnect=0[0m
[0;32mI (1646546) pocket_pan_main: [MEM] internal_free=143639 largest_internal=40960[0m
[0;32mI (1646556) pocket_pan_main: [UIREDRAW] urgent=14 telemetry=5209 skip=49207[0m
[0;32mI (1651536) pocket_pan_main: [AUDIO] model=PAN blocks=619002 avg_us=339 p99_us=375 max_us=1075 cpu_load=12.7 deadline=0 timeout=0 tx_error=0 short=0[0m
[0;32mI (1651536) pocket_pan_main: [MIDI] push=2 pop=2 drop=0 hwm=1 last=(n=57 v=75 t=78 hex=90394B)[0m
[0;32mI (1651546) pocket_pan_main: [BLE] state=8 interval_ms=11.25 latency=0 rssi=-69 reconnects=0 last_disconnect=0[0m
[0;32mI (1651556) pocket_pan_main: [MEM] internal_free=143639 largest_internal=40960[0m
[0;32mI (1651566) pocket_pan_main: [UIREDRAW] urgent=14 telemetry=5223 skip=49359[0m
[0;32mI (1656556) pocket_pan_main: [AUDIO] model=PAN blocks=620884 avg_us=340 p99_us=375 max_us=1075 cpu_load=12.7 deadline=0 timeout=0 tx_error=0 short=0[0m
[0;32mI (1656556) pocket_pan_main: [MIDI] push=2 pop=2 drop=0 hwm=1 last=(n=57 v=75 t=78 hex=90394B)[0m
[0;32mI (1656566) pocket_pan_main: [BLE] state=8 interval_ms=11.25 latency=0 rssi=-67 reconnects=0 last_disconnect=0[0m
[0;32mI (1656576) pocket_pan_main: [MEM] internal_free=143639 largest_internal=40960[0m
[0;32mI (1656586) pocket_pan_main: [UIREDRAW] urgent=14 telemetry=5241 skip=49507[0m
[0;32mI (1661576) pocket_pan_main: [AUDIO] model=PAN blocks=622766 avg_us=339 p99_us=375 max_us=1075 cpu_load=12.7 deadline=0 timeout=0 tx_error=0 short=0[0m
[0;32mI (1661576) pocket_pan_main: [MIDI] push=2 pop=2 drop=0 hwm=1 last=(n=57 v=75 t=78 hex=90394B)[0m
[0;32mI (1661586) pocket_pan_main: [BLE] state=8 interval_ms=11.25 latency=0 rssi=-69 reconnects=0 last_disconnect=0[0m
[0;32mI (1661596) pocket_pan_main: [MEM] internal_free=143639 largest_internal=40960[0m
[0;32mI (1661606) pocket_pan_main: [UIREDRAW] urgent=14 telemetry=5260 skip=49654[0m
[0;32mI (1666596) pocket_pan_main: [AUDIO] model=PAN blocks=624647 avg_us=339 p99_us=350 max_us=1075 cpu_load=12.7 deadline=0 timeout=0 tx_error=0 short=0[0m
[0;32mI (1666596) pocket_pan_main: [MIDI] push=2 pop=2 drop=0 hwm=1 last=(n=57 v=75 t=78 hex=90394B)[0m
[0;32mI (1666606) pocket_pan_main: [BLE] state=8 interval_ms=11.25 latency=0 rssi=-67 reconnects=0 last_disconnect=0[0m
[0;32mI (1666616) pocket_pan_main: [MEM] internal_free=143639 largest_internal=40960[0m
[0;32mI (1666626) pocket_pan_main: [UIREDRAW] urgent=14 telemetry=5277 skip=49803[0m
[0;32mI (1671606) pocket_pan_main: [AUDIO] model=PAN blocks=626528 avg_us=341 p99_us=350 max_us=1075 cpu_load=12.8 deadline=0 timeout=0 tx_error=0 short=0[0m
[0;32mI (1671606) pocket_pan_main: [MIDI] push=2 pop=2 drop=0 hwm=1 last=(n=57 v=75 t=78 hex=90394B)[0m
[0;32mI (1671616) pocket_pan_main: [BLE] state=8 interval_ms=11.25 latency=0 rssi=-68 reconnects=0 last_disconnect=0[0m
[0;32mI (1671626) pocket_pan_main: [MEM] internal_free=143639 largest_internal=40960[0m
[0;32mI (1671636) pocket_pan_main: [UIREDRAW] urgent=14 telemetry=5296 skip=49950[0m
[0;32mI (1676626) pocket_pan_main: [AUDIO] model=PAN blocks=628410 avg_us=341 p99_us=375 max_us=1075 cpu_load=12.8 deadline=0 timeout=0 tx_error=0 short=0[0m
[0;32mI (1676626) pocket_pan_main: [MIDI] push=2 pop=2 drop=0 hwm=1 last=(n=57 v=75 t=78 hex=90394B)[0m
[0;32mI (1676636) pocket_pan_main: [BLE] state=8 interval_ms=11.25 latency=0 rssi=-67 reconnects=0 last_disconnect=0[0m
[0;32mI (1676646) pocket_pan_main: [MEM] internal_free=143639 largest_internal=40960[0m
[0;32mI (1676656) pocket_pan_main: [UIREDRAW] urgent=14 telemetry=5314 skip=50098[0m
[0;32mI (1681646) pocket_pan_main: [AUDIO] model=PAN blocks=630292 avg_us=339 p99_us=350 max_us=1075 cpu_load=12.7 deadline=0 timeout=0 tx_error=0 short=0[0m
[0;32mI (1681646) pocket_pan_main: [MIDI] push=2 pop=2 drop=0 hwm=1 last=(n=57 v=75 t=78 hex=90394B)[0m
[0;32mI (1681656) pocket_pan_main: [BLE] state=8 interval_ms=11.25 latency=0 rssi=-68 reconnects=0 last_disconnect=0[0m
[0;32mI (1681666) pocket_pan_main: [MEM] internal_free=143639 largest_internal=40960[0m
[0;32mI (1681676) pocket_pan_main: [UIREDRAW] urgent=14 telemetry=5330 skip=50248[0m
[0;32mI (1686666) pocket_pan_main: [AUDIO] model=PAN blocks=632174 avg_us=339 p99_us=350 max_us=1075 cpu_load=12.7 deadline=0 timeout=0 tx_error=0 short=0[0m
[0;32mI (1686666) pocket_pan_main: [MIDI] push=2 pop=2 drop=0 hwm=1 last=(n=57 v=75 t=78 hex=90394B)[0m
[0;32mI (1686676) pocket_pan_main: [BLE] state=8 interval_ms=11.25 latency=0 rssi=-67 reconnects=0 last_disconnect=0[0m
[0;32mI (1686686) pocket_pan_main: [MEM] internal_free=143639 largest_internal=40960[0m
[0;32mI (1686696) pocket_pan_main: [UIREDRAW] urgent=14 telemetry=5346 skip=50398[0m
[0;32mI (1691676) pocket_pan_main: [AUDIO] model=PAN blocks=634054 avg_us=339 p99_us=350 max_us=1075 cpu_load=12.7 deadline=0 timeout=0 tx_error=0 short=0[0m
[0;32mI (1691676) pocket_pan_main: [MIDI] push=2 pop=2 drop=0 hwm=1 last=(n=57 v=75 t=78 hex=90394B)[0m
[0;32mI (1691686) pocket_pan_main: [BLE] state=8 interval_ms=11.25 latency=0 rssi=-45 reconnects=0 last_disconnect=0[0m
[0;32mI (1691696) pocket_pan_main: [MEM] internal_free=143639 largest_internal=40960[0m
[0;32mI (1691706) pocket_pan_main: [UIREDRAW] urgent=14 telemetry=5363 skip=50547[0m
[0;32mI (1696696) pocket_pan_main: [AUDIO] model=PAN blocks=635937 avg_us=339 p99_us=350 max_us=1075 cpu_load=12.7 deadline=0 timeout=0 tx_error=0 short=0[0m
[0;32mI (1696696) pocket_pan_main: [MIDI] push=2 pop=2 drop=0 hwm=1 last=(n=57 v=75 t=78 hex=90394B)[0m
[0;32mI (1696706) pocket_pan_main: [BLE] state=8 interval_ms=11.25 latency=0 rssi=-67 reconnects=0 last_disconnect=0[0m
[0;32mI (1696716) pocket_pan_main: [MEM] internal_free=143639 largest_internal=40960[0m
[0;32mI (1696726) pocket_pan_main: [UIREDRAW] urgent=14 telemetry=5380 skip=50696[0m
[0;32mI (1701716) pocket_pan_main: [AUDIO] model=PAN blocks=637818 avg_us=340 p99_us=350 max_us=1075 cpu_load=12.7 deadline=0 timeout=0 tx_error=0 short=0[0m
[0;32mI (1701716) pocket_pan_main: [MIDI] push=2 pop=2 drop=0 hwm=1 last=(n=57 v=75 t=78 hex=90394B)[0m
[0;32mI (1701726) pocket_pan_main: [BLE] state=8 interval_ms=11.25 latency=0 rssi=-67 reconnects=0 last_disconnect=0[0m
[0;32mI (1701736) pocket_pan_main: [MEM] internal_free=143639 largest_internal=40960[0m
[0;32mI (1701746) pocket_pan_main: [UIREDRAW] urgent=14 telemetry=5393 skip=50849[0m
[0;32mI (1706736) pocket_pan_main: [AUDIO] model=PAN blocks=639700 avg_us=340 p99_us=350 max_us=1075 cpu_load=12.7 deadline=0 timeout=0 tx_error=0 short=0[0m
[0;32mI (1706736) pocket_pan_main: [MIDI] push=2 pop=2 drop=0 hwm=1 last=(n=57 v=75 t=78 hex=90394B)[0m
[0;32mI (1706746) pocket_pan_main: [BLE] state=8 interval_ms=11.25 latency=0 rssi=-67 reconnects=0 last_disconnect=0[0m
[0;32mI (1706756) pocket_pan_main: [MEM] internal_free=143639 largest_internal=40960[0m
[0;32mI (1706766) pocket_pan_main: [UIREDRAW] urgent=14 telemetry=5409 skip=50999[0m
[0;32mI (1711746) pocket_pan_main: [AUDIO] model=PAN blocks=641580 avg_us=340 p99_us=375 max_us=1075 cpu_load=12.7 deadline=0 timeout=0 tx_error=0 short=0[0m
[0;32mI (1711746) pocket_pan_main: [MIDI] push=2 pop=2 drop=0 hwm=1 last=(n=57 v=75 t=78 hex=90394B)[0m
[0;32mI (1711756) pocket_pan_main: [BLE] state=8 interval_ms=11.25 latency=0 rssi=-67 reconnects=0 last_disconnect=0[0m
[0;32mI (1711766) pocket_pan_main: [MEM] internal_free=143639 largest_internal=40960[0m
[0;32mI (1711776) pocket_pan_main: [UIREDRAW] urgent=14 telemetry=5426 skip=51148[0m
[0;32mI (1716766) pocket_pan_main: [AUDIO] model=PAN blocks=643463 avg_us=340 p99_us=350 max_us=1075 cpu_load=12.7 deadline=0 timeout=0 tx_error=0 short=0[0m
[0;32mI (1716766) pocket_pan_main: [MIDI] push=2 pop=2 drop=0 hwm=1 last=(n=57 v=75 t=78 hex=90394B)[0m
[0;32mI (1716776) pocket_pan_main: [BLE] state=8 interval_ms=11.25 latency=0 rssi=-68 reconnects=0 last_disconnect=0[0m
[0;32mI (1716786) pocket_pan_main: [MEM] internal_free=143639 largest_internal=40960[0m
[0;32mI (1716796) pocket_pan_main: [UIREDRAW] urgent=14 telemetry=5443 skip=51297[0m
[0;32mI (1721786) pocket_pan_main: [AUDIO] model=PAN blocks=645345 avg_us=340 p99_us=375 max_us=1075 cpu_load=12.7 deadline=0 timeout=0 tx_error=0 short=0[0m
[0;32mI (1721786) pocket_pan_main: [MIDI] push=2 pop=2 drop=0 hwm=1 last=(n=57 v=75 t=78 hex=90394B)[0m
[0;32mI (1721796) pocket_pan_main: [BLE] state=8 interval_ms=11.25 latency=0 rssi=-68 reconnects=0 last_disconnect=0[0m
[0;32mI (1721806) pocket_pan_main: [MEM] internal_free=143639 largest_internal=40960[0m
[0;32mI (1721816) pocket_pan_main: [UIREDRAW] urgent=14 telemetry=5461 skip=51445[0m
[0;32mI (1726806) pocket_pan_main: [AUDIO] model=PAN blocks=647226 avg_us=340 p99_us=350 max_us=1075 cpu_load=12.7 deadline=0 timeout=0 tx_error=0 short=0[0m
[0;32mI (1726806) pocket_pan_main: [MIDI] push=2 pop=2 drop=0 hwm=1 last=(n=57 v=75 t=78 hex=90394B)[0m
[0;32mI (1726816) pocket_pan_main: [BLE] state=8 interval_ms=11.25 latency=0 rssi=-68 reconnects=0 last_disconnect=0[0m
[0;32mI (1726826) pocket_pan_main: [MEM] internal_free=143639 largest_internal=40960[0m
[0;32mI (1726836) pocket_pan_main: [UIREDRAW] urgent=14 telemetry=5478 skip=51594[0m
[0;32mI (1731816) pocket_pan_main: [AUDIO] model=PAN blocks=649107 avg_us=340 p99_us=350 max_us=1075 cpu_load=12.7 deadline=0 timeout=0 tx_error=0 short=0[0m
[0;32mI (1731816) pocket_pan_main: [MIDI] push=2 pop=2 drop=0 hwm=1 last=(n=57 v=75 t=78 hex=90394B)[0m
[0;32mI (1731826) pocket_pan_main: [BLE] state=8 interval_ms=11.25 latency=0 rssi=-67 reconnects=0 last_disconnect=0[0m
[0;32mI (1731836) pocket_pan_main: [MEM] internal_free=143639 largest_internal=40960[0m
[0;32mI (1731846) pocket_pan_main: [UIREDRAW] urgent=14 telemetry=5497 skip=51741[0m
[0;32mI (1736836) pocket_pan_main: [AUDIO] model=PAN blocks=650989 avg_us=341 p99_us=350 max_us=1075 cpu_load=12.8 deadline=0 timeout=0 tx_error=0 short=0[0m
[0;32mI (1736836) pocket_pan_main: [MIDI] push=2 pop=2 drop=0 hwm=1 last=(n=57 v=75 t=78 hex=90394B)[0m
[0;32mI (1736846) pocket_pan_main: [BLE] state=8 interval_ms=11.25 latency=0 rssi=-68 reconnects=0 last_disconnect=0[0m
[0;32mI (1736856) pocket_pan_main: [MEM] internal_free=143639 largest_internal=40960[0m
[0;32mI (1736866) pocket_pan_main: [UIREDRAW] urgent=14 telemetry=5515 skip=51889[0m
[0;32mI (1741856) pocket_pan_main: [AUDIO] model=PAN blocks=652871 avg_us=341 p99_us=375 max_us=1075 cpu_load=12.8 deadline=0 timeout=0 tx_error=0 short=0[0m
[0;32mI (1741856) pocket_pan_main: [MIDI] push=2 pop=2 drop=0 hwm=1 last=(n=57 v=75 t=78 hex=90394B)[0m
[0;32mI (1741866) pocket_pan_main: [BLE] state=8 interval_ms=11.25 latency=0 rssi=-68 reconnects=0 last_disconnect=0[0m
[0;32mI (1741876) pocket_pan_main: [MEM] internal_free=143639 largest_internal=40960[0m
[0;32mI (1741886) pocket_pan_main: [UIREDRAW] urgent=14 telemetry=5534 skip=52036[0m
[0;32mI (1746876) pocket_pan_main: [AUDIO] model=PAN blocks=654752 avg_us=341 p99_us=350 max_us=1075 cpu_load=12.8 deadline=0 timeout=0 tx_error=0 short=0[0m
[0;32mI (1746876) pocket_pan_main: [MIDI] push=2 pop=2 drop=0 hwm=1 last=(n=57 v=75 t=78 hex=90394B)[0m
[0;32mI (1746886) pocket_pan_main: [BLE] state=8 interval_ms=11.25 latency=0 rssi=-69 reconnects=0 last_disconnect=0[0m
[0;32mI (1746896) pocket_pan_main: [MEM] internal_free=143639 largest_internal=40960[0m
[0;32mI (1746906) pocket_pan_main: [UIREDRAW] urgent=14 telemetry=5551 skip=52185[0m
[0;32mI (1751886) pocket_pan_main: [AUDIO] model=PAN blocks=656633 avg_us=341 p99_us=375 max_us=1075 cpu_load=12.8 deadline=0 timeout=0 tx_error=0 short=0[0m
[0;32mI (1751886) pocket_pan_main: [MIDI] push=2 pop=2 drop=0 hwm=1 last=(n=57 v=75 t=78 hex=90394B)[0m
[0;32mI (1751896) pocket_pan_main: [BLE] state=8 interval_ms=11.25 latency=0 rssi=-67 reconnects=0 last_disconnect=0[0m
[0;32mI (1751906) pocket_pan_main: [MEM] internal_free=143639 largest_internal=40960[0m
[0;32mI (1751916) pocket_pan_main: [UIREDRAW] urgent=14 telemetry=5569 skip=52333[0m
[0;32mI (1756906) pocket_pan_main: [AUDIO] model=PAN blocks=658515 avg_us=341 p99_us=375 max_us=1075 cpu_load=12.8 deadline=0 timeout=0 tx_error=0 short=0[0m
[0;32mI (1756906) pocket_pan_main: [MIDI] push=2 pop=2 drop=0 hwm=1 last=(n=57 v=75 t=78 hex=90394B)[0m
[0;32mI (1756916) pocket_pan_main: [BLE] state=8 interval_ms=11.25 latency=0 rssi=-68 reconnects=0 last_disconnect=0[0m
[0;32mI (1756926) pocket_pan_main: [MEM] internal_free=143639 largest_internal=40960[0m
[0;32mI (1756936) pocket_pan_main: [UIREDRAW] urgent=14 telemetry=5583 skip=52485[0m
[0;32mI (1761926) pocket_pan_main: [AUDIO] model=PAN blocks=660397 avg_us=339 p99_us=375 max_us=1075 cpu_load=12.7 deadline=0 timeout=0 tx_error=0 short=0[0m
[0;32mI (1761926) pocket_pan_main: [MIDI] push=2 pop=2 drop=0 hwm=1 last=(n=57 v=75 t=78 hex=90394B)[0m
[0;32mI (1761936) pocket_pan_main: [BLE] state=8 interval_ms=11.25 latency=0 rssi=-68 reconnects=0 last_disconnect=0[0m
[0;32mI (1761946) pocket_pan_main: [MEM] internal_free=143639 largest_internal=40960[0m
[0;32mI (1761956) pocket_pan_main: [UIREDRAW] urgent=14 telemetry=5598 skip=52636[0m
[0;32mI (1766946) pocket_pan_main: [AUDIO] model=PAN blocks=662279 avg_us=339 p99_us=350 max_us=1075 cpu_load=12.7 deadline=0 timeout=0 tx_error=0 short=0[0m
[0;32mI (1766946) pocket_pan_main: [MIDI] push=2 pop=2 drop=0 hwm=1 last=(n=57 v=75 t=78 hex=90394B)[0m
[0;32mI (1766956) pocket_pan_main: [BLE] state=8 interval_ms=11.25 latency=0 rssi=-69 reconnects=0 last_disconnect=0[0m
[0;32mI (1766966) pocket_pan_main: [MEM] internal_free=143639 largest_internal=40960[0m
[0;32mI (1766976) pocket_pan_main: [UIREDRAW] urgent=14 telemetry=5615 skip=52785[0m
[0;32mI (1771956) pocket_pan_main: [AUDIO] model=PAN blocks=664159 avg_us=340 p99_us=375 max_us=1075 cpu_load=12.7 deadline=0 timeout=0 tx_error=0 short=0[0m
[0;32mI (1771956) pocket_pan_main: [MIDI] push=2 pop=2 drop=0 hwm=1 last=(n=57 v=75 t=78 hex=90394B)[0m
[0;32mI (1771966) pocket_pan_main: [BLE] state=8 interval_ms=11.25 latency=0 rssi=-68 reconnects=0 last_disconnect=0[0m
[0;32mI (1771976) pocket_pan_main: [MEM] internal_free=143639 largest_internal=40960[0m
[0;32mI (1771986) pocket_pan_main: [UIREDRAW] urgent=14 telemetry=5631 skip=52935[0m
[0;32mI (1776976) pocket_pan_main: [AUDIO] model=PAN blocks=666042 avg_us=340 p99_us=350 max_us=1075 cpu_load=12.7 deadline=0 timeout=0 tx_error=0 short=0[0m
[0;32mI (1776976) pocket_pan_main: [MIDI] push=2 pop=2 drop=0 hwm=1 last=(n=57 v=75 t=78 hex=90394B)[0m
[0;32mI (1776986) pocket_pan_main: [BLE] state=8 interval_ms=11.25 latency=0 rssi=-68 reconnects=0 last_disconnect=0[0m
[0;32mI (1776996) pocket_pan_main: [MEM] internal_free=143639 largest_internal=40960[0m
[0;32mI (1777006) pocket_pan_main: [UIREDRAW] urgent=14 telemetry=5647 skip=53085[0m
[0;32mI (1781996) pocket_pan_main: [AUDIO] model=PAN blocks=667923 avg_us=340 p99_us=375 max_us=1075 cpu_load=12.7 deadline=0 timeout=0 tx_error=0 short=0[0m
[0;32mI (1781996) pocket_pan_main: [MIDI] push=2 pop=2 drop=0 hwm=1 last=(n=57 v=75 t=78 hex=90394B)[0m
[0;32mI (1782006) pocket_pan_main: [BLE] state=8 interval_ms=11.25 latency=0 rssi=-67 reconnects=0 last_disconnect=0[0m
[0;32mI (1782016) pocket_pan_main: [MEM] internal_free=143639 largest_internal=40960[0m
[0;32mI (1782026) pocket_pan_main: [UIREDRAW] urgent=14 telemetry=5665 skip=53233[0m
[0;32mI (1787016) pocket_pan_main: [AUDIO] model=PAN blocks=669805 avg_us=340 p99_us=375 max_us=1075 cpu_load=12.7 deadline=0 timeout=0 tx_error=0 short=0[0m
[0;32mI (1787016) pocket_pan_main: [MIDI] push=2 pop=2 drop=0 hwm=1 last=(n=57 v=75 t=78 hex=90394B)[0m
[0;32mI (1787026) pocket_pan_main: [BLE] state=8 interval_ms=11.25 latency=0 rssi=-68 reconnects=0 last_disconnect=0[0m
[0;32mI (1787036) pocket_pan_main: [MEM] internal_free=143639 largest_internal=40960[0m
[0;32mI (1787046) pocket_pan_main: [UIREDRAW] urgent=14 telemetry=5682 skip=53382[0m
[0;32mI (1792026) pocket_pan_main: [AUDIO] model=PAN blocks=671685 avg_us=340 p99_us=375 max_us=1075 cpu_load=12.7 deadline=0 timeout=0 tx_error=0 short=0[0m
[0;32mI (1792026) pocket_pan_main: [MIDI] push=2 pop=2 drop=0 hwm=1 last=(n=57 v=75 t=78 hex=90394B)[0m
[0;32mI (1792036) pocket_pan_main: [BLE] state=8 interval_ms=11.25 latency=0 rssi=-68 reconnects=0 last_disconnect=0[0m
[0;32mI (1792046) pocket_pan_main: [MEM] internal_free=143639 largest_internal=40960[0m
[0;32mI (1792056) pocket_pan_main: [UIREDRAW] urgent=14 telemetry=5698 skip=53532[0m
[0;32mI (1797046) pocket_pan_main: [AUDIO] model=PAN blocks=673568 avg_us=340 p99_us=375 max_us=1075 cpu_load=12.7 deadline=0 timeout=0 tx_error=0 short=0[0m
[0;32mI (1797046) pocket_pan_main: [MIDI] push=2 pop=2 drop=0 hwm=1 last=(n=57 v=75 t=78 hex=90394B)[0m
[0;32mI (1797056) pocket_pan_main: [BLE] state=8 interval_ms=11.25 latency=0 rssi=-68 reconnects=0 last_disconnect=0[0m
[0;32mI (1797066) pocket_pan_main: [MEM] internal_free=143639 largest_internal=40960[0m
[0;32mI (1797076) pocket_pan_main: [UIREDRAW] urgent=14 telemetry=5714 skip=53682[0m
[0;32mI (1802066) pocket_pan_main: [AUDIO] model=PAN blocks=675450 avg_us=340 p99_us=375 max_us=1075 cpu_load=12.7 deadline=0 timeout=0 tx_error=0 short=0[0m
[0;32mI (1802066) pocket_pan_main: [MIDI] push=2 pop=2 drop=0 hwm=1 last=(n=57 v=75 t=78 hex=90394B)[0m
[0;32mI (1802076) pocket_pan_main: [BLE] state=8 interval_ms=11.25 latency=0 rssi=-68 reconnects=0 last_disconnect=0[0m
[0;32mI (1802086) pocket_pan_main: [MEM] internal_free=143639 largest_internal=40960[0m
[0;32mI (1802096) pocket_pan_main: [UIREDRAW] urgent=14 telemetry=5731 skip=53831[0m
[0;32mI (1807086) pocket_pan_main: [AUDIO] model=PAN blocks=677331 avg_us=339 p99_us=350 max_us=1075 cpu_load=12.7 deadline=0 timeout=0 tx_error=0 short=0[0m
[0;32mI (1807086) pocket_pan_main: [MIDI] push=2 pop=2 drop=0 hwm=1 last=(n=57 v=75 t=78 hex=90394B)[0m
[0;32mI (1807096) pocket_pan_main: [BLE] state=8 interval_ms=11.25 latency=0 rssi=-68 reconnects=0 last_disconnect=0[0m
[0;32mI (1807106) pocket_pan_main: [MEM] internal_free=143639 largest_internal=40960[0m
[0;32mI (1807116) pocket_pan_main: [UIREDRAW] urgent=14 telemetry=5747 skip=53981[0m
[0;32mI (1812096) pocket_pan_main: [AUDIO] model=PAN blocks=679212 avg_us=339 p99_us=375 max_us=1075 cpu_load=12.7 deadline=0 timeout=0 tx_error=0 short=0[0m
[0;32mI (1812096) pocket_pan_main: [MIDI] push=2 pop=2 drop=0 hwm=1 last=(n=57 v=75 t=78 hex=90394B)[0m
[0;32mI (1812106) pocket_pan_main: [BLE] state=8 interval_ms=11.25 latency=0 rssi=-71 reconnects=0 last_disconnect=0[0m
[0;32mI (1812116) pocket_pan_main: [MEM] internal_free=143639 largest_internal=40960[0m
[0;32mI (1812126) pocket_pan_main: [UIREDRAW] urgent=14 telemetry=5763 skip=54131[0m
[0;32mI (1817116) pocket_pan_main: [AUDIO] model=PAN blocks=681094 avg_us=341 p99_us=375 max_us=1075 cpu_load=12.8 deadline=0 timeout=0 tx_error=0 short=0[0m
[0;32mI (1817116) pocket_pan_main: [MIDI] push=2 pop=2 drop=0 hwm=1 last=(n=57 v=75 t=78 hex=90394B)[0m
[0;32mI (1817126) pocket_pan_main: [BLE] state=8 interval_ms=11.25 latency=0 rssi=-67 reconnects=0 last_disconnect=0[0m
[0;32mI (1817136) pocket_pan_main: [MEM] internal_free=143639 largest_internal=40960[0m
[0;32mI (1817146) pocket_pan_main: [UIREDRAW] urgent=14 telemetry=5781 skip=54279[0m
[0;32mI (1822136) pocket_pan_main: [AUDIO] model=PAN blocks=682976 avg_us=341 p99_us=375 max_us=1075 cpu_load=12.8 deadline=0 timeout=0 tx_error=0 short=0[0m
[0;32mI (1822136) pocket_pan_main: [MIDI] push=2 pop=2 drop=0 hwm=1 last=(n=57 v=75 t=78 hex=90394B)[0m
[0;32mI (1822146) pocket_pan_main: [BLE] state=8 interval_ms=11.25 latency=0 rssi=-68 reconnects=0 last_disconnect=0[0m
[0;32mI (1822156) pocket_pan_main: [MEM] internal_free=143639 largest_internal=40960[0m
[0;32mI (1822166) pocket_pan_main: [UIREDRAW] urgent=14 telemetry=5796 skip=54430[0m
[0;32mI (1827156) pocket_pan_main: [AUDIO] model=PAN blocks=684857 avg_us=341 p99_us=350 max_us=1075 cpu_load=12.8 deadline=0 timeout=0 tx_error=0 short=0[0m
[0;32mI (1827156) pocket_pan_main: [MIDI] push=2 pop=2 drop=0 hwm=1 last=(n=57 v=75 t=78 hex=90394B)[0m
[0;32mI (1827166) pocket_pan_main: [BLE] state=8 interval_ms=11.25 latency=0 rssi=-68 reconnects=0 last_disconnect=0[0m
[0;32mI (1827176) pocket_pan_main: [MEM] internal_free=143639 largest_internal=40960[0m
[0;32mI (1827186) pocket_pan_main: [UIREDRAW] urgent=14 telemetry=5808 skip=54584[0m
[0;32mI (1832166) pocket_pan_main: [AUDIO] model=PAN blocks=686738 avg_us=340 p99_us=350 max_us=1075 cpu_load=12.7 deadline=0 timeout=0 tx_error=0 short=0[0m
[0;32mI (1832166) pocket_pan_main: [MIDI] push=2 pop=2 drop=0 hwm=1 last=(n=57 v=75 t=78 hex=90394B)[0m
[0;32mI (1832176) pocket_pan_main: [BLE] state=8 interval_ms=11.25 latency=0 rssi=-68 reconnects=0 last_disconnect=0[0m
[0;32mI (1832186) pocket_pan_main: [MEM] internal_free=143639 largest_internal=40960[0m
[0;32mI (1832196) pocket_pan_main: [UIREDRAW] urgent=14 telemetry=5821 skip=54737[0m
[0;32mI (1837186) pocket_pan_main: [AUDIO] model=PAN blocks=688620 avg_us=340 p99_us=375 max_us=1075 cpu_load=12.7 deadline=0 timeout=0 tx_error=0 short=0[0m
[0;32mI (1837186) pocket_pan_main: [MIDI] push=2 pop=2 drop=0 hwm=1 last=(n=57 v=75 t=78 hex=90394B)[0m
[0;32mI (1837196) pocket_pan_main: [BLE] state=8 interval_ms=11.25 latency=0 rssi=-68 reconnects=0 last_disconnect=0[0m
[0;32mI (1837206) pocket_pan_main: [MEM] internal_free=143639 largest_internal=40960[0m
[0;32mI (1837216) pocket_pan_main: [UIREDRAW] urgent=14 telemetry=5835 skip=54889[0m
[0;32mI (1842206) pocket_pan_main: [AUDIO] model=PAN blocks=690502 avg_us=340 p99_us=350 max_us=1075 cpu_load=12.7 deadline=0 timeout=0 tx_error=0 short=0[0m
[0;32mI (1842206) pocket_pan_main: [MIDI] push=2 pop=2 drop=0 hwm=1 last=(n=57 v=75 t=78 hex=90394B)[0m
[0;32mI (1842216) pocket_pan_main: [BLE] state=8 interval_ms=11.25 latency=0 rssi=-68 reconnects=0 last_disconnect=0[0m
[0;32mI (1842226) pocket_pan_main: [MEM] internal_free=143639 largest_internal=40960[0m
[0;32mI (1842236) pocket_pan_main: [UIREDRAW] urgent=14 telemetry=5850 skip=55040[0m
[0;32mI (1847226) pocket_pan_main: [AUDIO] model=PAN blocks=692384 avg_us=340 p99_us=350 max_us=1075 cpu_load=12.7 deadline=0 timeout=0 tx_error=0 short=0[0m
[0;32mI (1847226) pocket_pan_main: [MIDI] push=2 pop=2 drop=0 hwm=1 last=(n=57 v=75 t=78 hex=90394B)[0m
[0;32mI (1847236) pocket_pan_main: [BLE] state=8 interval_ms=11.25 latency=0 rssi=-67 reconnects=0 last_disconnect=0[0m
[0;32mI (1847246) pocket_pan_main: [MEM] internal_free=143639 largest_internal=40960[0m
[0;32mI (1847256) pocket_pan_main: [UIREDRAW] urgent=14 telemetry=5863 skip=55193[0m
